/****************************************************************************
** Resource object code
**
** Created by: The Resource Compiler for Qt version 6.2.4
**
** WARNING! All changes made in this file will be lost!
*****************************************************************************/

static const unsigned char qt_resource_data[] = {
  // /home/tue20244606/Documents/phd/mcrl2experimentalinstall/mCRL2/tools/release/ltsview/ltsview.ico
  0x0,0x0,0xf7,0x26,
  0x0,
  0x0,0x1,0x0,0x4,0x0,0x80,0x80,0x0,0x0,0x1,0x0,0x18,0x0,0x28,0xc8,0x0,
  0x0,0x46,0x0,0x0,0x0,0x30,0x30,0x0,0x0,0x1,0x0,0x18,0x0,0xa8,0x1c,0x0,
  0x0,0x6e,0xc8,0x0,0x0,0x20,0x20,0x0,0x0,0x1,0x0,0x18,0x0,0xa8,0xc,0x0,
  0x0,0x16,0xe5,0x0,0x0,0x10,0x10,0x0,0x0,0x1,0x0,0x8,0x0,0x68,0x5,0x0,
  0x0,0xbe,0xf1,0x0,0x0,0x28,0x0,0x0,0x0,0x80,0x0,0x0,0x0,0x0,0x1,0x0,
  0x0,0x1,0x0,0x18,0x0,0x0,0x0,0x0,0x0,0x0,0xc0,0x0,0x0,0x0,0x0,0x0,
  0x0,0x0,0x0,0x0,0x0,0x0,0x0,0x0,0x0,0x0,0x0,0x0,0x0,0xdb,0xd6,0xdd,
  0xdb,0xd6,0xdd,0xdb,0xd6,0xdd,0xdb,0xd6,0xdd,0xdb,0xd6,0xdd,0xdb,0xd6,0xdd,0xdb,
  0xd6,0xdd,0xdb,0xd6,0xdd,0xdb,0xd6,0xdd,0xdb,0xd6,0xdd,0xdb,0xd6,0xdd,0xdb,0xd6,
  0xdd,0xdb,0xd6,0xdd,0xdb,0xd6,0xdd,0xdb,0xd6,0xdd,0xdb,0xd6,0xdd,0xdb,0xd6,0xdd,
  0xdb,0xd6,0xdd,0xdb,0xd6,0xdd,0xdb,0xd6,0xdd,0xdb,0xd6,0xdd,0xdb,0xd6,0xdd,0xdb,
  0xd6,0xdd,0xdb,0xd6,0xdd,0xdb,0xd6,0xdd,0xdb,0xd6,0xdd,0xdb,0xd6,0xdd,0xdb,0xd6,
  0xdd,0xdb,0xd6,0xdd,0xdb,0xd6,0xdd,0xdb,0xd6,0xdd,0xdb,0xd6,0xdd,0xdb,0xd6,0xdd,
  0xdb,0xd6,0xdd,0xdb,0xd6,0xdd,0xdb,0xd6,0xdd,0xdb,0xd6,0xdd,0xdb,0xd6,0xdd,0xdb,
  0xd6,0xdd,0xdb,0xd6,0xdd,0xdb,0xd6,0xdd,0xdb,0xd6,0xdd,0xdb,0xd6,0xdd,0xdb,0xd6,
  0xdd,0xdb,0xd6,0xdd,0xdb,0xd6,0xdd,0xdb,0xd6,0xdd,0xdb,0xd6,0xdd,0xdb,0xd6,0xdd,
  0xdb,0xd6,0xdd,0xdb,0xd6,0xdd,0xdb,0xd6,0xdd,0xdb,0xd6,0xdd,0xdb,0xd6,0xdd,0xdb,
  0xd6,0xdd,0xdb,0xd6,0xdd,0xdb,0xd6,0xdd,0xdb,0xd6,0xdd,0xdb,0xd6,0xdd,0xdb,0xd6,
  0xdd,0xdb,0xd6,0xdd,0xdb,0xd6,0xdd,0xdb,0xd6,0xdd,0xdb,0xd6,0xdd,0xdb,0xd6,0xdd,
  0xdb,0xd6,0xdd,0xdb,0xd6,0xdd,0xdb,0xd6,0xdd,0xdb,0xd6,0xdd,0xdb,0xd6,0xdd,0xdb,
  0xd6,0xdd,0xdb,0xd6,0xdd,0xdb,0xd6,0xdd,0xdb,0xd6,0xdd,0xdb,0xd6,0xdd,0xdb,0xd6,
  0xdd,0xdb,0xd6,0xdd,0xdb,0xd6,0xdd,0xdb,0xd6,0xdd,0xdb,0xd6,0xdd,0xdb,0xd6,0xdd,
  0xdb,0xd6,0xdd,0xdb,0xd6,0xdd,0xdb,0xd6,0xdd,0xdb,0xd6,0xdd,0xdb,0xd6,0xdd,0xdb,
  0xd6,0xdd,0xdb,0xd6,0xdd,0xdb,0xd6,0xdd,0xdb,0xd6,0xdd,0xdb,0xd6,0xdd,0xdb,0xd6,
  0xdd,0xdb,0xd6,0xdd,0xdb,0xd6,0xdd,0xdb,0xd6,0xdd,0xdb,0xd6,0xdd,0xdb,0xd6,0xdd,
  0xdb,0xd6,0xdd,0xdb,0xd6,0xdd,0xdb,0xd6,0xdd,0xdb,0xd6,0xdd,0xdb,0xd6,0xdd,0xdb,
  0xd6,0xdd,0xdb,0xd6,0xdd,0xdb,0xd6,0xdd,0xdb,0xd6,0xdd,0xdb,0xd6,0xdd,0xdb,0xd6,
  0xdd,0xdb,0xd6,0xdd,0xdb,0xd6,0xdd,0xdb,0xd6,0xdd,0xdb,0xd6,0xdd,0xdb,0xd6,0xdd,
  0xdb,0xd6,0xdd,0xdb,0xd6,0xdd,0xdb,0xd6,0xdd,0xdb,0xd6,0xdd,0xdb,0xd6,0xdd,0xdb,
  0xd6,0xdd,0xdb,0xd6,0xdd,0xdb,0xd6,0xdd,0xdb,0xd6,0xdd,0xdb,0xd6,0xdd,0xdb,0xd6,
  0xdd,0xdb,0xd6,0xdd,0xdb,0xd6,0xdd,0xdb,0xd6,0xdd,0xdb,0xd6,0xdd,0xdb,0xd6,0xdd,
  0xdb,0xd6,0xdd,0xdb,0xd6,0xdd,0xdb,0xd6,0xdd,0xdb,0xd6,0xdd,0xdb,0xd6,0xdd,0xdb,
  0xd6,0xdd,0xdb,0xd6,0xdd,0xdb,0xd6,0xdd,0xdb,0xd6,0xdd,0xdb,0xd6,0xdd,0xdb,0xd6,
  0xdd,0xdb,0xd6,0xdd,0xdb,0xd6,0xdd,0xdb,0xd6,0xdd,0xdb,0xd6,0xdd,0xdb,0xd6,0xdd,
  0xdb,0xd6,0xdd,0xdb,0xd6,0xdd,0xdb,0xd6,0xdd,0xdb,0xd6,0xdd,0xdb,0xd6,0xdd,0xdb,
  0xd6,0xdd,0xdb,0xd6,0xdd,0xdb,0xd6,0xdd,0xdb,0xd6,0xdd,0xdb,0xd6,0xdd,0xdb,0xd6,
  0xdd,0xdb,0xd6,0xdd,0xdb,0xd6,0xdd,0xdb,0xd6,0xdd,0xdb,0xd6,0xdd,0xdb,0xd6,0xdd,
  0xdb,0xd6,0xdd,0xdb,0xd6,0xdd,0xdb,0xd6,0xdd,0xdb,0xd6,0xdd,0xdb,0xd6,0xdd,0xdb,
  0xd6,0xdd,0xdb,0xd6,0xdd,0xdb,0xd6,0xdd,0xdb,0xd6,0xdd,0xdb,0xd6,0xdd,0xdb,0xd6,
  0xdd,0xdb,0xd6,0xdd,0xdb,0xd6,0xdd,0xdb,0xd6,0xdd,0xdb,0xd6,0xdd,0xdb,0xd6,0xdd,
  0xdb,0xd6,0xdd,0xdb,0xd6,0xdd,0xdb,0xd6,0xdd,0xdb,0xd6,0xdd,0xdb,0xd6,0xdd,0xdb,
  0xd6,0xdd,0xdb,0xd6,0xdd,0xdb,0xd6,0xdd,0xdb,0xd6,0xdd,0xdb,0xd6,0xdd,0xdb,0xd6,
  0xdd,0xdb,0xd6,0xdd,0xdb,0xd6,0xdd,0xdb,0xd6,0xdd,0xdb,0xd6,0xdd,0xdb,0xd6,0xdd,
  0xdb,0xd6,0xdd,0xdb,0xd6,0xdd,0xdb,0xd6,0xdd,0xdb,0xd6,0xdd,0xdb,0xd6,0xdd,0xdb,
  0xd6,0xdd,0xdb,0xd6,0xdd,0xdb,0xd6,0xdd,0xdb,0xd6,0xdd,0xdb,0xd6,0xdd,0xdb,0xd6,
  0xdd,0xdb,0xd6,0xdd,0xdb,0xd6,0xdd,0xdb,0xd6,0xdd,0xdb,0xd6,0xdd,0xdb,0xd6,0xdd,
  0xdb,0xd6,0xdd,0xdb,0xd6,0xdd,0xdb,0xd6,0xdd,0xdb,0xd6,0xdd,0xdb,0xd6,0xdd,0xdb,
  0xd6,0xdd,0xdb,0xd6,0xdd,0xdb,0xd6,0xdd,0xdb,0xd6,0xdd,0xdb,0xd6,0xdd,0xdb,0xd6,
  0xdd,0xdb,0xd6,0xdd,0xdb,0xd6,0xdd,0xdb,0xd6,0xdd,0xdb,0xd6,0xdd,0xdb,0xd6,0xdd,
  0xdb,0xd6,0xdd,0xdb,0xd6,0xdd,0xdb,0xd6,0xdd,0xdb,0xd6,0xdd,0xdb,0xd6,0xdd,0xdb,
  0xd6,0xdd,0xdb,0xd6,0xdd,0xdb,0xd6,0xdd,0xdb,0xd6,0xdd,0xdb,0xd6,0xdd,0xdb,0xd6,
  0xdd,0xdb,0xd6,0xdd,0xdb,0xd6,0xdd,0xdb,0xd6,0xdd,0xdb,0xd6,0xdd,0xdb,0xd6,0xdd,
  0xdb,0xd6,0xdd,0xdb,0xd6,0xdd,0xdb,0xd6,0xdd,0xdb,0xd6,0xdd,0xdb,0xd6,0xdd,0xdb,
  0xd6,0xdd,0xdb,0xd6,0xdd,0xdb,0xd6,0xdd,0xdb,0xd6,0xdd,0xdb,0xd6,0xdd,0xdb,0xd6,
  0xdd,0xdb,0xd6,0xdd,0xdb,0xd6,0xdd,0xdb,0xd6,0xdd,0xdb,0xd6,0xdd,0xdb,0xd6,0xdd,
  0xdb,0xd6,0xdd,0xdb,0xd6,0xdd,0xdb,0xd6,0xdd,0xdb,0xd6,0xdd,0xdb,0xd6,0xdd,0xdb,
  0xd6,0xdd,0xdb,0xd6,0xdd,0xdb,0xd6,0xdd,0xdb,0xd6,0xdd,0xdb,0xd6,0xdd,0xdb,0xd6,
  0xdd,0xdb,0xd6,0xdd,0xdb,0xd6,0xdd,0xdb,0xd6,0xdd,0xdb,0xd6,0xdd,0xdb,0xd6,0xdd,
  0xdb,0xd6,0xdd,0xdb,0xd6,0xdd,0xdb,0xd6,0xdd,0xdb,0xd6,0xdd,0xdb,0xd6,0xdd,0xdb,
  0xd6,0xdd,0xdb,0xd6,0xdd,0xdb,0xd6,0xdd,0xdb,0xd6,0xdd,0xdb,0xd6,0xdd,0xdb,0xd6,
  0xdd,0xdb,0xd6,0xdd,0xdb,0xd6,0xdd,0xdb,0xd6,0xdd,0xdb,0xd6,0xdd,0xdb,0xd6,0xdd,
  0xdb,0xd6,0xdd,0xdb,0xd6,0xdd,0xdb,0xd6,0xdd,0xdb,0xd6,0xdd,0xdb,0xd6,0xdd,0xdb,
  0xd6,0xdd,0xdb,0xd6,0xdd,0xdb,0xd6,0xdd,0xdb,0xd6,0xdd,0xdb,0xd6,0xdd,0xdb,0xd6,
  0xdd,0xdb,0xd6,0xdd,0xdb,0xd6,0xdd,0xdb,0xd6,0xdd,0xdb,0xd6,0xdd,0xdb,0xd6,0xdd,
  0xdb,0xd6,0xdd,0xdb,0xd6,0xdd,0xdb,0xd6,0xdd,0xdb,0xd6,0xdd,0xdb,0xd6,0xdd,0xdb,
  0xd6,0xdd,0xdb,0xd6,0xdd,0xdb,0xd6,0xdd,0xdb,0xd6,0xdd,0xdb,0xd6,0xdd,0xdb,0xd6,
  0xdd,0xdb,0xd6,0xdd,0xdb,0xd6,0xdd,0xdb,0xd6,0xdd,0xdb,0xd6,0xdd,0xdb,0xd6,0xdd,
  0xdb,0xd6,0xdd,0xdb,0xd6,0xdd,0xdb,0xd6,0xdd,0xdb,0xd6,0xdd,0xdb,0xd8,0xdf,0xdb,
  0xd6,0xdd,0xdb,0xd6,0xdd,0xdb,0xd6,0xdd,0xdb,0xd6,0xdd,0xdb,0xd6,0xdd,0xdb,0xd6,
  0xdd,0xdb,0xd6,0xdd,0xdb,0xd6,0xdd,0xdb,0xd6,0xdd,0xdb,0xd6,0xdd,0xdb,0xd6,0xdd,
  0xdb,0xd6,0xdd,0xdb,0xd6,0xdd,0xdb,0xd6,0xdd,0xdb,0xd6,0xdd,0xdb,0xd6,0xdd,0xdb,
  0xd6,0xdd,0xdb,0xd6,0xdd,0xdb,0xd6,0xdd,0xdb,0xd6,0xdd,0xdb,0xd6,0xdd,0xdb,0xd6,
  0xdd,0xdb,0xd6,0xdd,0xdb,0xd6,0xdd,0xdb,0xd6,0xdd,0xdb,0xd6,0xdd,0xdb,0xd6,0xdd,
  0xdb,0xd6,0xdd,0xdb,0xd6,0xdd,0xdb,0xd6,0xdd,0xdb,0xd6,0xdd,0xdb,0xd6,0xdd,0xdb,
  0xd6,0xdd,0xdb,0xd6,0xdd,0xdb,0xd6,0xdd,0xdb,0xd6,0xdd,0xdb,0xd6,0xdd,0xdb,0xd6,
  0xdd,0xdb,0xd6,0xdd,0xdb,0xd6,0xdd,0xdb,0xd6,0xdd,0xdb,0xd6,0xdd,0xdb,0xd6,0xdd,
  0xdb,0xd6,0xdd,0xdb,0xd6,0xdd,0xdb,0xd6,0xdd,0xdb,0xd6,0xdd,0xdb,0xd6,0xdd,0xdb,
  0xd6,0xdd,0xdb,0xd6,0xdd,0xdb,0xd6,0xdd,0xdb,0xd6,0xdd,0xdb,0xd6,0xdd,0xdb,0xd6,
  0xdd,0xdb,0xd6,0xdd,0xdb,0xd6,0xdd,0xdb,0xd6,0xdd,0xdb,0xd6,0xdd,0xdb,0xd6,0xdd,
  0xdb,0xd6,0xdd,0xdb,0xd6,0xdd,0xdb,0xd6,0xdd,0xdb,0xd6,0xdd,0xdb,0xd6,0xdd,0xdb,
  0xd6,0xdd,0xdb,0xd6,0xdd,0xdb,0xd6,0xdd,0xdb,0xd6,0xdd,0xdb,0xd6,0xdd,0xdb,0xd6,
  0xdd,0xdb,0xd6,0xdd,0xdb,0xd6,0xdd,0xdb,0xd6,0xdd,0xdb,0xd6,0xdd,0xdb,0xd6,0xdd,
  0xdb,0xd6,0xdd,0xdb,0xd6,0xdd,0xdb,0xd6,0xdd,0xdb,0xd6,0xdd,0xdb,0xd6,0xdd,0xdb,
  0xd6,0xdd,0xdb,0xd6,0xdd,0xdb,0xd6,0xdd,0xdb,0xd6,0xdd,0xdb,0xd6,0xdd,0xdb,0xd6,
  0xdd,0xdb,0xd6,0xdd,0xdb,0xd6,0xdd,0xdb,0xd6,0xdd,0xdb,0xd6,0xdd,0xdb,0xd6,0xdd,
  0xdb,0xd6,0xdd,0xdb,0xd6,0xdd,0xdb,0xd6,0xdd,0xdb,0xd6,0xdd,0xdb,0xd6,0xdd,0xdb,
  0xd6,0xdd,0xdb,0xd6,0xdd,0xdb,0xd6,0xdd,0xdb,0xd6,0xdd,0xdb,0xd6,0xdd,0xdb,0xd6,
  0xdd,0xdb,0xd6,0xdd,0xdb,0xd6,0xdd,0xdb,0xd6,0xdd,0xdb,0xd6,0xdd,0xdb,0xd6,0xdd,
  0xdb,0xd6,0xdd,0xdb,0xd6,0xdd,0xdb,0xd6,0xdd,0xdb,0xd6,0xdd,0xdb,0xd6,0xdd,0xdb,
  0xd6,0xdd,0xdb,0xd6,0xdd,0xdb,0xd6,0xdd,0xdb,0xd6,0xdd,0xdb,0xd6,0xdd,0xdb,0xd6,
  0xdd,0xdb,0xd6,0xdd,0xdb,0xd6,0xdd,0xdb,0xd6,0xdd,0xdb,0xd6,0xdd,0xdb,0xd6,0xdd,
  0xdb,0xd6,0xdd,0xdb,0xd6,0xdd,0xdb,0xd7,0xde,0xdb,0xd8,0xdf,0xd5,0xcc,0xd3,0xda,
  0xda,0xe1,0xdb,0xd6,0xdd,0xdb,0xd6,0xdd,0xdb,0xd6,0xdd,0xdb,0xd6,0xdd,0xdb,0xd6,
  0xdd,0xdb,0xd6,0xdd,0xdb,0xd6,0xdd,0xdb,0xd6,0xdd,0xdb,0xd6,0xdd,0xdb,0xd6,0xdd,
  0xdb,0xd6,0xdd,0xdb,0xd6,0xdd,0xdb,0xd6,0xdd,0xdb,0xd6,0xdd,0xdb,0xd6,0xdd,0xdb,
  0xd6,0xdd,0xdb,0xd6,0xdd,0xdb,0xd6,0xdd,0xdb,0xd6,0xdd,0xdb,0xd6,0xdd,0xdb,0xd6,
  0xdd,0xdb,0xd6,0xdd,0xdb,0xd6,0xdd,0xdb,0xd6,0xdd,0xdb,0xd6,0xdd,0xdb,0xd6,0xdd,
  0xdb,0xd6,0xdd,0xdb,0xd6,0xdd,0xdb,0xd6,0xdd,0xdb,0xd6,0xdd,0xdb,0xd6,0xdd,0xdb,
  0xd6,0xdd,0xdb,0xd6,0xdd,0xdb,0xd6,0xdd,0xdb,0xd6,0xdd,0xdb,0xd6,0xdd,0xdb,0xd6,
  0xdd,0xdb,0xd6,0xdd,0xdb,0xd6,0xdd,0xdb,0xd6,0xdd,0xdb,0xd6,0xdd,0xdb,0xd6,0xdd,
  0xdb,0xd6,0xdd,0xdb,0xd6,0xdd,0xdb,0xd6,0xdd,0xdb,0xd6,0xdd,0xdb,0xd6,0xdd,0xdb,
  0xd6,0xdd,0xdb,0xd6,0xdd,0xdb,0xd6,0xdd,0xdb,0xd6,0xdd,0xdb,0xd6,0xdd,0xdb,0xd6,
  0xdd,0xdb,0xd6,0xdd,0xdb,0xd6,0xdd,0xdb,0xd6,0xdd,0xdb,0xd6,0xdd,0xdb,0xd6,0xdd,
  0xdb,0xd6,0xdd,0xdb,0xd6,0xdd,0xdb,0xd6,0xdd,0xdb,0xd6,0xdd,0xdb,0xd6,0xdd,0xdb,
  0xd6,0xdd,0xdb,0xd6,0xdd,0xdb,0xd6,0xdd,0xdb,0xd6,0xdd,0xdb,0xd6,0xdd,0xdb,0xd6,
  0xdd,0xdb,0xd6,0xdd,0xdb,0xd6,0xdd,0xdb,0xd6,0xdd,0xdb,0xd6,0xdd,0xdb,0xd6,0xdd,
  0xdb,0xd6,0xdd,0xdb,0xd6,0xdd,0xdb,0xd6,0xdd,0xdb,0xd6,0xdd,0xdb,0xd6,0xdd,0xdb,
  0xd6,0xdd,0xdb,0xd6,0xdd,0xdb,0xd6,0xdd,0xdb,0xd6,0xdd,0xdb,0xd6,0xdd,0xdb,0xd6,
  0xdd,0xdb,0xd6,0xdd,0xdb,0xd6,0xdd,0xdb,0xd6,0xdd,0xdb,0xd6,0xdd,0xdb,0xd6,0xdd,
  0xdb,0xd6,0xdd,0xdb,0xd6,0xdd,0xdb,0xd6,0xdd,0xdb,0xd6,0xdd,0xdb,0xd6,0xdd,0xdb,
  0xd6,0xdd,0xdb,0xd6,0xdd,0xdb,0xd6,0xdd,0xdb,0xd6,0xdd,0xdb,0xd6,0xdd,0xdb,0xd6,
  0xdd,0xdb,0xd6,0xdd,0xdb,0xd6,0xdd,0xdb,0xd6,0xdd,0xdb,0xd6,0xdd,0xdb,0xd6,0xdd,
  0xdb,0xd6,0xdd,0xdb,0xd6,0xdd,0xdb,0xd6,0xdd,0xdb,0xd6,0xdd,0xdb,0xd6,0xdd,0xdb,
  0xd6,0xdd,0xdb,0xd6,0xdd,0xdb,0xd6,0xdd,0xdb,0xd6,0xdd,0xdb,0xd6,0xdd,0xdb,0xd6,
  0xdd,0xdb,0xd6,0xdd,0xdb,0xd6,0xdd,0xdb,0xd6,0xdd,0xdb,0xd6,0xdd,0xdb,0xd6,0xdd,
  0xdb,0xd6,0xdd,0xdb,0xd6,0xdd,0xdb,0xda,0xe0,0xc5,0x73,0x7d,0xdb,0x1d,0x2d,0xe4,
  0x8e,0x99,0xda,0xdb,0xe2,0xdb,0xd6,0xdd,0xdb,0xd6,0xdd,0xdb,0xd6,0xdd,0xdb,0xd6,
  0xdd,0xdb,0xd6,0xdd,0xdb,0xd6,0xdd,0xdb,0xd6,0xdd,0xdb,0xd6,0xdd,0xdb,0xd6,0xdd,
  0xdb,0xd6,0xdd,0xdb,0xd6,0xdd,0xdb,0xd6,0xdd,0xdb,0xd6,0xdd,0xdb,0xd6,0xdd,0xdb,
  0xd6,0xdd,0xdb,0xd6,0xdd,0xdb,0xd6,0xdd,0xdb,0xd6,0xdd,0xdb,0xd6,0xdd,0xdb,0xd6,
  0xdd,0xdb,0xd6,0xdd,0xdb,0xd6,0xdd,0xdb,0xd6,0xdd,0xdb,0xd6,0xdd,0xdb,0xd6,0xdd,
  0xdb,0xd6,0xdd,0xdb,0xd6,0xdd,0xdb,0xd6,0xdd,0xdb,0xd6,0xdd,0xdb,0xd6,0xdd,0xdb,
  0xd6,0xdd,0xdb,0xd6,0xdd,0xdb,0xd6,0xdd,0xdb,0xd6,0xdd,0xdb,0xd6,0xdd,0xdb,0xd6,
  0xdd,0xdb,0xd6,0xdd,0xdb,0xd6,0xdd,0xdb,0xd6,0xdd,0xdb,0xd6,0xdd,0xdb,0xd6,0xdd,
  0xdb,0xd6,0xdd,0xdb,0xd6,0xdd,0xdb,0xd6,0xdd,0xdb,0xd6,0xdd,0xdb,0xd6,0xdd,0xdb,
  0xd6,0xdd,0xdb,0xd6,0xdd,0xdb,0xd6,0xdd,0xdb,0xd6,0xdd,0xdb,0xd6,0xdd,0xdb,0xd6,
  0xdd,0xdb,0xd6,0xdd,0xda,0xd5,0xdc,0xda,0xd5,0xdc,0xda,0xd5,0xdc,0xdb,0xd6,0xdd,
  0xdb,0xd6,0xdd,0xdb,0xd6,0xdd,0xdb,0xd6,0xdd,0xdb,0xd6,0xdd,0xdb,0xd6,0xdd,0xdb,
  0xd6,0xdd,0xdb,0xd6,0xdd,0xdb,0xd6,0xdd,0xdb,0xd6,0xdd,0xdb,0xd6,0xdd,0xdb,0xd6,
  0xdd,0xdb,0xd6,0xdd,0xdb,0xd6,0xdd,0xdb,0xd6,0xdd,0xdb,0xd6,0xdd,0xdb,0xd6,0xdd,
  0xdb,0xd6,0xdd,0xdb,0xd6,0xdd,0xdb,0xd6,0xdd,0xdb,0xd6,0xdd,0xdb,0xd6,0xdd,0xdb,
  0xd6,0xdd,0xdb,0xd6,0xdd,0xdb,0xd6,0xdd,0xdb,0xd6,0xdd,0xdb,0xd6,0xdd,0xdb,0xd6,
  0xdd,0xdb,0xd6,0xdd,0xdb,0xd6,0xdd,0xdb,0xd6,0xdd,0xdb,0xd6,0xdd,0xdb,0xd6,0xdd,
  0xdb,0xd6,0xdd,0xdb,0xd6,0xdd,0xdb,0xd6,0xdd,0xdb,0xd6,0xdd,0xdb,0xd6,0xdd,0xdb,
  0xd6,0xdd,0xdb,0xd6,0xdd,0xdb,0xd6,0xdd,0xdb,0xd6,0xdd,0xdb,0xd6,0xdd,0xdb,0xd6,
  0xdd,0xdb,0xd6,0xdd,0xdb,0xd6,0xdd,0xdb,0xd6,0xdd,0xdb,0xd6,0xdd,0xdb,0xd6,0xdd,
  0xdb,0xd6,0xdd,0xdb,0xd6,0xdd,0xdb,0xd6,0xdd,0xdb,0xd6,0xdd,0xdb,0xd6,0xdd,0xdb,
  0xd6,0xdd,0xdb,0xd6,0xdd,0xdb,0xd6,0xdd,0xdb,0xd6,0xdd,0xdb,0xd6,0xdd,0xdb,0xd6,
  0xdd,0xdb,0xd6,0xdd,0xdb,0xd6,0xdd,0xdb,0xd6,0xdd,0xdb,0xd6,0xdd,0xdb,0xd6,0xdd,
  0xdb,0xd6,0xdd,0xdb,0xd9,0xe0,0xcf,0xb7,0xbf,0xd2,0x12,0x21,0xff,0xb,0x23,0xfa,
  0x30,0x46,0xdb,0xd0,0xd7,0xda,0xd7,0xde,0xdb,0xd6,0xdd,0xdb,0xd6,0xdd,0xdb,0xd6,
  0xdd,0xdb,0xd6,0xdd,0xdb,0xd6,0xdd,0xdb,0xd6,0xdd,0xdb,0xd6,0xdd,0xdb,0xd6,0xdd,
  0xdb,0xd6,0xdd,0xdb,0xd6,0xdd,0xdb,0xd6,0xdd,0xdb,0xd6,0xdd,0xdb,0xd6,0xdd,0xdb,
  0xd6,0xdd,0xdb,0xd6,0xdd,0xdb,0xd6,0xdd,0xdb,0xd6,0xdd,0xdb,0xd6,0xdd,0xdb,0xd6,
  0xdd,0xdb,0xd6,0xdd,0xdb,0xd6,0xdd,0xdb,0xd6,0xdd,0xdb,0xd6,0xdd,0xdb,0xd6,0xdd,
  0xdb,0xd6,0xdd,0xdb,0xd6,0xdd,0xdb,0xd6,0xdd,0xdb,0xd6,0xdd,0xdb,0xd6,0xdd,0xdb,
  0xd6,0xdd,0xdb,0xd6,0xdd,0xdb,0xd6,0xdd,0xdb,0xd6,0xdd,0xdb,0xd6,0xdd,0xdb,0xd6,
  0xdd,0xdb,0xd6,0xdd,0xdb,0xd6,0xdd,0xdb,0xd6,0xdd,0xdb,0xd6,0xdd,0xdb,0xd6,0xdd,
  0xdb,0xd6,0xdd,0xdb,0xd6,0xdd,0xdb,0xd6,0xdd,0xdb,0xd6,0xdd,0xdb,0xd6,0xdd,0xdb,
  0xd6,0xdd,0xdb,0xd6,0xdd,0xdb,0xd6,0xdd,0xdb,0xd6,0xdd,0xdb,0xd6,0xdd,0xdb,0xd6,
  0xdd,0xdb,0xd6,0xdd,0xda,0xd5,0xdc,0xda,0xd5,0xdc,0xda,0xd5,0xdc,0xdb,0xd6,0xdd,
  0xdb,0xd6,0xdd,0xdb,0xd6,0xdd,0xdb,0xd6,0xdd,0xdb,0xd6,0xdd,0xdb,0xd6,0xdd,0xdb,
  0xd6,0xdd,0xdb,0xd6,0xdd,0xdb,0xd6,0xdd,0xdb,0xd6,0xdd,0xdb,0xd6,0xdd,0xdb,0xd6,
  0xdd,0xdb,0xd6,0xdd,0xdb,0xd6,0xdd,0xdb,0xd6,0xdd,0xdb,0xd6,0xdd,0xdb,0xd6,0xdd,
  0xdb,0xd6,0xdd,0xdb,0xd6,0xdd,0xdb,0xd6,0xdd,0xdb,0xd6,0xdd,0xdb,0xd6,0xdd,0xdb,
  0xd6,0xdd,0xdb,0xd6,0xdd,0xdb,0xd6,0xdd,0xdb,0xd6,0xdd,0xdb,0xd6,0xdd,0xdb,0xd6,
  0xdd,0xdb,0xd6,0xdd,0xdb,0xd6,0xdd,0xdb,0xd6,0xdd,0xdb,0xd6,0xdd,0xdb,0xd6,0xdd,
  0xdb,0xd6,0xdd,0xdb,0xd6,0xdd,0xdb,0xd6,0xdd,0xdb,0xd6,0xdd,0xdb,0xd6,0xdd,0xdb,
  0xd6,0xdd,0xdb,0xd6,0xdd,0xdb,0xd6,0xdd,0xdb,0xd6,0xdd,0xdb,0xd6,0xdd,0xdb,0xd6,
  0xdd,0xdb,0xd6,0xdd,0xdb,0xd6,0xdd,0xdb,0xd6,0xdd,0xdb,0xd6,0xdd,0xdb,0xd6,0xdd,
  0xdb,0xd6,0xdd,0xdb,0xd6,0xdd,0xdb,0xd6,0xdd,0xdb,0xd6,0xdd,0xdb,0xd6,0xdd,0xdb,
  0xd6,0xdd,0xdb,0xd6,0xdd,0xdb,0xd6,0xdd,0xdb,0xd6,0xdd,0xdb,0xd6,0xdd,0xdb,0xd6,
  0xdd,0xdb,0xd6,0xdd,0xdb,0xd6,0xdd,0xdb,0xd6,0xdd,0xdb,0xd6,0xdd,0xdb,0xd6,0xdd,
  0xdb,0xd6,0xdd,0xdc,0xdc,0xe3,0xcb,0x9e,0xa7,0xe5,0xa,0x1d,0xff,0x14,0x2f,0xfb,
  0x2b,0x44,0xdc,0xcb,0xd3,0xda,0xd7,0xde,0xdb,0xd6,0xdd,0xdb,0xd6,0xdd,0xdb,0xd6,
  0xdd,0xdb,0xd6,0xdd,0xdb,0xd6,0xdd,0xdb,0xd6,0xdd,0xdb,0xd6,0xdd,0xdb,0xd6,0xdd,
  0xdb,0xd6,0xdd,0xdb,0xd6,0xdd,0xdb,0xd6,0xdd,0xdb,0xd6,0xdd,0xdb,0xd6,0xdd,0xdb,
  0xd6,0xdd,0xdb,0xd6,0xdd,0xdb,0xd6,0xdd,0xdb,0xd6,0xdd,0xdb,0xd6,0xdd,0xdb,0xd6,
  0xdd,0xdb,0xd6,0xdd,0xdb,0xd6,0xdd,0xdb,0xd6,0xdd,0xdb,0xd6,0xdd,0xdb,0xd6,0xdd,
  0xdb,0xd6,0xdd,0xdb,0xd6,0xdd,0xdb,0xd6,0xdd,0xdb,0xd6,0xdd,0xdb,0xd6,0xdd,0xdb,
  0xd6,0xdd,0xdb,0xd6,0xdd,0xdb,0xd6,0xdd,0xdb,0xd6,0xdd,0xdb,0xd6,0xdd,0xdb,0xd6,
  0xdd,0xdb,0xd6,0xdd,0xdb,0xd6,0xdd,0xdb,0xd6,0xdd,0xdb,0xd6,0xdd,0xdb,0xd6,0xdd,
  0xdb,0xd6,0xdd,0xdb,0xd6,0xdd,0xdb,0xd6,0xdd,0xdb,0xd6,0xdd,0xdb,0xd6,0xdd,0xdb,
  0xd6,0xdd,0xdb,0xd6,0xdd,0xdb,0xd6,0xdd,0xdb,0xd6,0xdd,0xdb,0xd6,0xdd,0xdb,0xd6,
  0xdd,0xdb,0xd6,0xdd,0xda,0xd5,0xdc,0xda,0xd5,0xdc,0xda,0xd5,0xdc,0xdb,0xd6,0xdd,
  0xdb,0xd6,0xdd,0xdb,0xd6,0xdd,0xdb,0xd6,0xdd,0xdb,0xd6,0xdd,0xdb,0xd6,0xdd,0xdb,
  0xd6,0xdd,0xdb,0xd6,0xdd,0xdb,0xd6,0xdd,0xdb,0xd6,0xdd,0xdb,0xd6,0xdd,0xdb,0xd6,
  0xdd,0xdb,0xd6,0xdd,0xdb,0xd6,0xdd,0xdb,0xd6,0xdd,0xdb,0xd6,0xdd,0xdb,0xd6,0xdd,
  0xdb,0xd6,0xdd,0xdb,0xd6,0xdd,0xdb,0xd6,0xdd,0xdb,0xd6,0xdd,0xdb,0xd6,0xdd,0xdb,
  0xd6,0xdd,0xdb,0xd6,0xdd,0xdb,0xd6,0xdd,0xdb,0xd6,0xdd,0xdb,0xd6,0xdd,0xdb,0xd6,
  0xdd,0xdb,0xd6,0xdd,0xdb,0xd6,0xdd,0xdb,0xd6,0xdd,0xdb,0xd6,0xdd,0xdb,0xd6,0xdd,
  0xdb,0xd6,0xdd,0xdb,0xd6,0xdd,0xdb,0xd6,0xdd,0xdb,0xd6,0xdd,0xdb,0xd6,0xdd,0xdb,
  0xd6,0xdd,0xdb,0xd6,0xdd,0xdb,0xd6,0xdd,0xdb,0xd6,0xdd,0xdb,0xd6,0xdd,0xdb,0xd6,
  0xdd,0xdb,0xd6,0xdd,0xdb,0xd6,0xdd,0xdb,0xd6,0xdd,0xdb,0xd6,0xdd,0xdb,0xd6,0xdd,
  0xdb,0xd6,0xdd,0xdb,0xd6,0xdd,0xdb,0xd6,0xdd,0xdb,0xd6,0xdd,0xdb,0xd6,0xdd,0xdb,
  0xd6,0xdd,0xdb,0xd6,0xdd,0xdb,0xd6,0xdd,0xdb,0xd6,0xdd,0xdb,0xd6,0xdd,0xdb,0xd8,
  0xdf,0xdb,0xdd,0xe4,0xdb,0xd7,0xde,0xdb,0xd6,0xdd,0xdb,0xd6,0xdd,0xdb,0xd6,0xdd,
  0xdb,0xd6,0xdd,0xdc,0xdc,0xe3,0xcb,0x98,0xa0,0xeb,0xb,0x1f,0xff,0x13,0x2f,0xfa,
  0x32,0x4b,0xdc,0xcf,0xd6,0xda,0xd7,0xde,0xdb,0xd6,0xdd,0xdb,0xd6,0xdd,0xdb,0xd6,
  0xdd,0xdb,0xd6,0xdd,0xdb,0xd6,0xdd,0xdb,0xd6,0xdd,0xdb,0xd6,0xdd,0xdb,0xd6,0xdd,
  0xdb,0xd6,0xdd,0xdb,0xd6,0xdd,0xdb,0xd6,0xdd,0xdb,0xd6,0xdd,0xdb,0xd6,0xdd,0xdb,
  0xd6,0xdd,0xdb,0xd6,0xdd,0xdb,0xd6,0xdd,0xdb,0xd6,0xdd,0xdb,0xd6,0xdd,0xdb,0xd6,
  0xdd,0xdb,0xd6,0xdd,0xdb,0xd6,0xdd,0xdb,0xd6,0xdd,0xdb,0xd6,0xdd,0xdb,0xd6,0xdd,
  0xdb,0xd6,0xdd,0xdb,0xd6,0xdd,0xdb,0xd6,0xdd,0xdb,0xd6,0xdd,0xdb,0xd6,0xdd,0xdb,
  0xd6,0xdd,0xdb,0xd6,0xdd,0xdb,0xd6,0xdd,0xdb,0xd6,0xdd,0xdb,0xd6,0xdd,0xdb,0xd6,
  0xdd,0xdb,0xd6,0xdd,0xdb,0xd6,0xdd,0xdb,0xd6,0xdd,0xdb,0xd6,0xdd,0xdb,0xd6,0xdd,
  0xdb,0xd6,0xdd,0xdb,0xd6,0xdd,0xdb,0xd6,0xdd,0xdb,0xd6,0xdd,0xdb,0xd6,0xdd,0xdb,
  0xd6,0xdd,0xdb,0xd6,0xdd,0xdb,0xd6,0xdd,0xdb,0xd6,0xdd,0xdb,0xd6,0xdd,0xdb,0xd6,
  0xdd,0xdb,0xd6,0xdd,0xda,0xd5,0xdc,0xda,0xd5,0xdc,0xda,0xd5,0xdc,0xdb,0xd6,0xdd,
  0xdb,0xd6,0xdd,0xdb,0xd6,0xdd,0xdb,0xd6,0xdd,0xdb,0xd6,0xdd,0xdb,0xd6,0xdd,0xdb,
  0xd6,0xdd,0xdb,0xd6,0xdd,0xdb,0xd6,0xdd,0xdb,0xd6,0xdd,0xdb,0xd6,0xdd,0xdb,0xd6,
  0xdd,0xdb,0xd6,0xdd,0xdb,0xd6,0xdd,0xdb,0xd6,0xdd,0xdb,0xd6,0xdd,0xdb,0xd6,0xdd,
  0xdb,0xd6,0xdd,0xdb,0xd6,0xdd,0xdb,0xd6,0xdd,0xdb,0xd6,0xdd,0xdb,0xd6,0xdd,0xdb,
  0xd6,0xdd,0xdb,0xd6,0xdd,0xdb,0xd6,0xdd,0xdb,0xd6,0xdd,0xdb,0xd6,0xdd,0xdb,0xd6,
  0xdd,0xdb,0xd6,0xdd,0xdb,0xd6,0xdd,0xdb,0xd6,0xdd,0xdb,0xd6,0xdd,0xdb,0xd6,0xdd,
  0xdb,0xd6,0xdd,0xdb,0xd6,0xdd,0xdb,0xd6,0xdd,0xdb,0xd6,0xdd,0xdb,0xd6,0xdd,0xdb,
  0xd6,0xdd,0xdb,0xd6,0xdd,0xdb,0xd6,0xdd,0xdb,0xd6,0xdd,0xdb,0xd6,0xdd,0xdb,0xd6,
  0xdd,0xdb,0xd6,0xdd,0xdb,0xd6,0xdd,0xdb,0xd6,0xdd,0xdb,0xd6,0xdd,0xdb,0xd6,0xdd,
  0xdb,0xd6,0xdd,0xdb,0xd6,0xdd,0xdb,0xd6,0xdd,0xdb,0xd6,0xdd,0xdb,0xd6,0xdd,0xdb,
  0xd6,0xdd,0xdb,0xd6,0xdd,0xdb,0xd6,0xdd,0xdb,0xd6,0xdd,0xdb,0xd7,0xde,0xd7,0xc8,
  0xcf,0xd6,0x8f,0x98,0xdc,0xd0,0xd8,0xdb,0xd7,0xde,0xdb,0xd6,0xdd,0xdb,0xd6,0xdd,
  0xdb,0xd6,0xdd,0xdc,0xde,0xe5,0xc7,0x7e,0x87,0xf0,0x9,0x1f,0xff,0x12,0x31,0xf6,
  0x45,0x5e,0xda,0xd8,0xdf,0xda,0xd6,0xdd,0xdb,0xd6,0xdd,0xdb,0xd6,0xdd,0xdb,0xd6,
  0xdd,0xdb,0xd6,0xdd,0xdb,0xd6,0xdd,0xdb,0xd6,0xdd,0xdb,0xd6,0xdd,0xdb,0xd6,0xdd,
  0xdb,0xd6,0xdd,0xdb,0xd6,0xdd,0xdb,0xd6,0xdd,0xdb,0xd6,0xdd,0xdb,0xd6,0xdd,0xdb,
  0xd6,0xdd,0xdb,0xd6,0xdd,0xdb,0xd6,0xdd,0xdb,0xd6,0xdd,0xdb,0xd6,0xdd,0xdb,0xd6,
  0xdd,0xdb,0xd6,0xdd,0xdb,0xd6,0xdd,0xdb,0xd6,0xdd,0xdb,0xd6,0xdd,0xdb,0xd6,0xdd,
  0xdb,0xd6,0xdd,0xdb,0xd6,0xdd,0xdb,0xd6,0xdd,0xdb,0xd6,0xdd,0xdb,0xd6,0xdd,0xdb,
  0xd6,0xdd,0xdb,0xd6,0xdd,0xdb,0xd6,0xdd,0xdb,0xd6,0xdd,0xdb,0xd6,0xdd,0xdb,0xd6,
  0xdd,0xdb,0xd6,0xdd,0xdb,0xd6,0xdd,0xdb,0xd6,0xdd,0xdb,0xd6,0xdd,0xdb,0xd6,0xdd,
  0xdb,0xd6,0xdd,0xdb,0xd6,0xdd,0xdb,0xd6,0xdd,0xdb,0xd6,0xdd,0xdb,0xd6,0xdd,0xdb,
  0xd6,0xdd,0xdb,0xd6,0xdd,0xdb,0xd6,0xdd,0xdb,0xd6,0xdd,0xdb,0xd6,0xdd,0xdb,0xd6,
  0xdd,0xdb,0xd6,0xdd,0xda,0xd5,0xdc,0xda,0xd5,0xdc,0xda,0xd5,0xdc,0xdb,0xd6,0xdd,
  0xdb,0xd6,0xdd,0xdb,0xd6,0xdd,0xdb,0xd6,0xdd,0xdb,0xd6,0xdd,0xdb,0xd6,0xdd,0xdb,
  0xd6,0xdd,0xdb,0xd6,0xdd,0xdb,0xd6,0xdd,0xdb,0xd6,0xdd,0xdb,0xd6,0xdd,0xdb,0xd6,
  0xdd,0xdb,0xd6,0xdd,0xdb,0xd6,0xdd,0xdb,0xd6,0xdd,0xdb,0xd6,0xdd,0xdb,0xd6,0xdd,
  0xdb,0xd6,0xdd,0xdb,0xd6,0xdd,0xdb,0xd6,0xdd,0xdb,0xd6,0xdd,0xdb,0xd6,0xdd,0xdb,
  0xd6,0xdd,0xdb,0xd6,0xdd,0xdb,0xd6,0xdd,0xdb,0xd6,0xdd,0xdb,0xd6,0xdd,0xdb,0xd6,
  0xdd,0xdb,0xd6,0xdd,0xdb,0xd6,0xdd,0xdb,0xd6,0xdd,0xdb,0xd6,0xdd,0xdb,0xd6,0xdd,
  0xdb,0xd6,0xdd,0xdb,0xd6,0xdd,0xdb,0xd6,0xdd,0xdb,0xd6,0xdd,0xdb,0xd6,0xdd,0xdb,
  0xd6,0xdd,0xdb,0xd6,0xdd,0xdb,0xd6,0xdd,0xdb,0xd6,0xdd,0xdb,0xd6,0xdd,0xdb,0xd6,
  0xdd,0xdb,0xd6,0xdd,0xdb,0xd6,0xdd,0xdb,0xd6,0xdd,0xdb,0xd6,0xdd,0xdb,0xd6,0xdd,
  0xdb,0xd6,0xdd,0xdb,0xd6,0xdd,0xdb,0xd6,0xdd,0xdb,0xd6,0xdd,0xdb,0xd6,0xdd,0xdb,
  0xd6,0xdd,0xdb,0xd6,0xdd,0xdb,0xd6,0xdd,0xdb,0xd6,0xdd,0xdb,0xde,0xe5,0xd3,0x81,
  0x8c,0xf8,0x0,0x17,0xea,0x86,0x94,0xd9,0xdd,0xe3,0xdb,0xd6,0xdd,0xdb,0xd6,0xdd,
  0xdb,0xd6,0xdd,0xdc,0xde,0xe5,0xc9,0x76,0x81,0xf4,0x9,0x23,0xff,0x11,0x33,0xf4,
  0x53,0x6b,0xda,0xda,0xe1,0xda,0xd6,0xdd,0xdb,0xd6,0xdd,0xdb,0xd6,0xdd,0xdb,0xd6,
  0xdd,0xdb,0xd6,0xdd,0xdb,0xd6,0xdd,0xdb,0xd6,0xdd,0xdb,0xd6,0xdd,0xdb,0xd6,0xdd,
  0xdb,0xd6,0xdd,0xdb,0xd6,0xdd,0xdb,0xd6,0xdd,0xdb,0xd6,0xdd,0xdb,0xd6,0xdd,0xdb,
  0xd6,0xdd,0xdb,0xd6,0xdd,0xdb,0xd6,0xdd,0xdb,0xd6,0xdd,0xdb,0xd6,0xdd,0xdb,0xd6,
  0xdd,0xdb,0xd6,0xdd,0xdb,0xd6,0xdd,0xdb,0xd6,0xdd,0xdb,0xd6,0xdd,0xdb,0xd6,0xdd,
  0xdb,0xd6,0xdd,0xdb,0xd6,0xdd,0xdb,0xd6,0xdd,0xdb,0xd6,0xdd,0xdb,0xd6,0xdd,0xdb,
  0xd6,0xdd,0xdb,0xd6,0xdd,0xdb,0xd6,0xdd,0xdb,0xd6,0xdd,0xdb,0xd6,0xdd,0xdb,0xd6,
  0xdd,0xdb,0xd6,0xdd,0xdb,0xd6,0xdd,0xdb,0xd6,0xdd,0xdb,0xd6,0xdd,0xdb,0xd6,0xdd,
  0xdb,0xd6,0xdd,0xdb,0xd6,0xdd,0xdb,0xd6,0xdd,0xdb,0xd6,0xdd,0xdb,0xd6,0xdd,0xdb,
  0xd6,0xdd,0xdb,0xd6,0xdd,0xdb,0xd6,0xdd,0xdb,0xd6,0xdd,0xdb,0xd6,0xdd,0xdb,0xd6,
  0xdd,0xdb,0xd6,0xdd,0xda,0xd5,0xdc,0xda,0xd5,0xdc,0xda,0xd5,0xdc,0xdb,0xd6,0xdd,
  0xdb,0xd6,0xdd,0xdb,0xd6,0xdd,0xdb,0xd6,0xdd,0xdb,0xd6,0xdd,0xdb,0xd6,0xdd,0xdb,
  0xd6,0xdd,0xdb,0xd6,0xdd,0xdb,0xd6,0xdd,0xdb,0xd6,0xdd,0xdb,0xd6,0xdd,0xdb,0xd6,
  0xdd,0xdb,0xd6,0xdd,0xdb,0xd6,0xdd,0xdb,0xd6,0xdd,0xdb,0xd6,0xdd,0xdb,0xd6,0xdd,
  0xdb,0xd6,0xdd,0xdb,0xd6,0xdd,0xdb,0xd6,0xdd,0xdb,0xd6,0xdd,0xdb,0xd6,0xdd,0xdb,
  0xd6,0xdd,0xdb,0xd6,0xdd,0xdb,0xd6,0xdd,0xdb,0xd6,0xdd,0xdb,0xd6,0xdd,0xdb,0xd6,
  0xdd,0xdb,0xd7,0xde,0xdc,0xda,0xe1,0xdb,0xd6,0xdd,0xdb,0xd6,0xdd,0xdb,0xd6,0xdd,
  0xdb,0xd6,0xdd,0xdb,0xd6,0xdd,0xdb,0xd6,0xdd,0xdb,0xd6,0xdd,0xdb,0xd6,0xdd,0xdb,
  0xd6,0xdd,0xdb,0xd6,0xdd,0xdb,0xd6,0xdd,0xdb,0xd6,0xdd,0xdb,0xd6,0xdd,0xdb,0xd6,
  0xdd,0xdb,0xd6,0xdd,0xdb,0xd6,0xdd,0xdb,0xd6,0xdd,0xdb,0xd6,0xdd,0xdb,0xd6,0xdd,
  0xdb,0xd6,0xdd,0xdb,0xd6,0xdd,0xdb,0xd6,0xdd,0xdb,0xd6,0xdd,0xdb,0xd6,0xdd,0xdb,
  0xd6,0xdd,0xdb,0xd6,0xdd,0xdb,0xd6,0xdd,0xdb,0xd6,0xdd,0xda,0xde,0xe5,0xd7,0x76,
  0x82,0xff,0x2,0x1d,0xee,0x72,0x84,0xd9,0xde,0xe4,0xdb,0xd6,0xdd,0xdb,0xd6,0xdd,
  0xdb,0xd6,0xdd,0xdb,0xde,0xe4,0xc5,0x5b,0x68,0xf8,0xb,0x26,0xff,0x10,0x34,0xf0,
  0x65,0x7c,0xd9,0xde,0xe3,0xdb,0xd6,0xdd,0xdb,0xd6,0xdd,0xdb,0xd6,0xdd,0xdb,0xd6,
  0xdd,0xdb,0xd6,0xdd,0xdb,0xd6,0xdd,0xdb,0xd6,0xdd,0xdb,0xd6,0xdd,0xdb,0xd6,0xdd,
  0xdb,0xd6,0xdd,0xdb,0xd6,0xdd,0xdb,0xd6,0xdd,0xdb,0xd6,0xdd,0xdb,0xd6,0xdd,0xdb,
  0xd6,0xdd,0xdb,0xd6,0xdd,0xdb,0xd6,0xdd,0xdb,0xd6,0xdd,0xdb,0xd6,0xdd,0xdb,0xd6,
  0xdd,0xdb,0xd6,0xdd,0xdb,0xd6,0xdd,0xdb,0xd6,0xdd,0xdb,0xd6,0xdd,0xdb,0xd6,0xdd,
  0xdb,0xd6,0xdd,0xdb,0xd6,0xdd,0xdb,0xd6,0xdd,0xdb,0xd6,0xdd,0xdb,0xd6,0xdd,0xdb,
  0xd6,0xdd,0xdb,0xd6,0xdd,0xdb,0xd6,0xdd,0xdb,0xd6,0xdd,0xdb,0xd6,0xdd,0xdb,0xd6,
  0xdd,0xdb,0xd6,0xdd,0xdb,0xd6,0xdd,0xdb,0xd6,0xdd,0xdb,0xd6,0xdd,0xdb,0xd6,0xdd,
  0xdb,0xd6,0xdd,0xdb,0xd6,0xdd,0xdb,0xd6,0xdd,0xdb,0xd6,0xdd,0xdb,0xd6,0xdd,0xdb,
  0xd6,0xdd,0xdb,0xd6,0xdd,0xdb,0xd6,0xdd,0xdb,0xd6,0xdd,0xdb,0xd6,0xdd,0xdb,0xd6,
  0xdd,0xdb,0xd6,0xdd,0xda,0xd5,0xdc,0xda,0xd5,0xdc,0xda,0xd5,0xdc,0xdb,0xd6,0xdd,
  0xdb,0xd6,0xdd,0xdb,0xd6,0xdd,0xdb,0xd6,0xdd,0xdb,0xd6,0xdd,0xdb,0xd6,0xdd,0xdb,
  0xd6,0xdd,0xdb,0xd6,0xdd,0xdb,0xd6,0xdd,0xdb,0xd6,0xdd,0xdb,0xd6,0xdd,0xdb,0xd6,
  0xdd,0xdb,0xd6,0xdd,0xdb,0xd6,0xdd,0xdb,0xd6,0xdd,0xdb,0xd6,0xdd,0xdb,0xd6,0xdd,
  0xdb,0xd6,0xdd,0xdb,0xd6,0xdd,0xdb,0xd6,0xdd,0xdb,0xd6,0xdd,0xdb,0xd6,0xdd,0xdb,
  0xd6,0xdd,0xdb,0xd6,0xdd,0xdb,0xd6,0xdd,0xdb,0xd6,0xdd,0xdb,0xd6,0xdd,0xdb,0xd7,
  0xde,0xd8,0xd2,0xd9,0xd3,0xb9,0xc1,0xda,0xd8,0xdf,0xdb,0xd6,0xdd,0xdb,0xd6,0xdd,
  0xdb,0xd6,0xdd,0xdb,0xd6,0xdd,0xdb,0xd6,0xdd,0xdb,0xd6,0xdd,0xdb,0xd6,0xdd,0xdb,
  0xd6,0xdd,0xdb,0xd6,0xdd,0xdb,0xd6,0xdd,0xdb,0xd6,0xdd,0xdb,0xd6,0xdd,0xdb,0xd6,
  0xdd,0xdb,0xd6,0xdd,0xdb,0xd6,0xdd,0xdb,0xd6,0xdd,0xdb,0xd6,0xdd,0xdb,0xd6,0xdd,
  0xdb,0xd6,0xdd,0xdb,0xd6,0xdd,0xdb,0xd6,0xdd,0xdb,0xd6,0xdd,0xdb,0xd6,0xdd,0xdb,
  0xd6,0xdd,0xdb,0xd6,0xdd,0xdb,0xd6,0xdd,0xdb,0xd6,0xdd,0xda,0xdd,0xe4,0xcb,0x59,
  0x66,0xfe,0x3,0x20,0xee,0x74,0x87,0xd9,0xde,0xe4,0xdb,0xd6,0xdd,0xdb,0xd6,0xdd,
  0xdb,0xd6,0xdd,0xda,0xdd,0xe3,0xc9,0x54,0x63,0xfb,0xc,0x2a,0xff,0x10,0x36,0xee,
  0x72,0x87,0xd9,0xde,0xe3,0xdb,0xd6,0xdd,0xdb,0xd6,0xdd,0xdb,0xd6,0xdd,0xdb,0xd6,
  0xdd,0xdb,0xd6,0xdd,0xdb,0xd6,0xdd,0xdb,0xd6,0xdd,0xdb,0xd6,0xdd,0xdb,0xd6,0xdd,
  0xdb,0xd6,0xdd,0xdb,0xd6,0xdd,0xdb,0xd6,0xdd,0xdb,0xd6,0xdd,0xdb,0xd6,0xdd,0xdb,
  0xd6,0xdd,0xdb,0xd6,0xdd,0xdb,0xd6,0xdd,0xdb,0xd6,0xdd,0xdb,0xd6,0xdd,0xdb,0xd6,
  0xdd,0xdb,0xd6,0xdd,0xdb,0xd6,0xdd,0xdb,0xd6,0xdd,0xdb,0xd6,0xdd,0xdb,0xd6,0xdd,
  0xdb,0xd6,0xdd,0xdb,0xd6,0xdd,0xdb,0xd6,0xdd,0xdb,0xd6,0xdd,0xdb,0xd6,0xdd,0xdb,
  0xd6,0xdd,0xdb,0xd6,0xdd,0xdb,0xd6,0xdd,0xdb,0xd6,0xdd,0xdb,0xd6,0xdd,0xdb,0xd6,
  0xdd,0xdb,0xd6,0xdd,0xdb,0xd6,0xdd,0xdb,0xd6,0xdd,0xdb,0xd6,0xdd,0xdb,0xd6,0xdd,
  0xdb,0xd6,0xdd,0xdb,0xd6,0xdd,0xdb,0xd6,0xdd,0xdb,0xd6,0xdd,0xdb,0xd6,0xdd,0xdb,
  0xd6,0xdd,0xdb,0xd6,0xdd,0xdb,0xd6,0xdd,0xdb,0xd6,0xdd,0xdb,0xd6,0xdd,0xdb,0xd6,
  0xdd,0xdb,0xd6,0xdd,0xdb,0xd6,0xdd,0xdb,0xd6,0xdd,0xdb,0xd6,0xdd,0xdb,0xd6,0xdd,
  0xdb,0xd6,0xdd,0xdb,0xd6,0xdd,0xdb,0xd6,0xdd,0xdb,0xd6,0xdd,0xdb,0xd6,0xdd,0xdb,
  0xd6,0xdd,0xdb,0xd6,0xdd,0xdb,0xd6,0xdd,0xdb,0xd6,0xdd,0xdb,0xd6,0xdd,0xdb,0xd6,
  0xdd,0xdb,0xd6,0xdd,0xdb,0xd6,0xdd,0xdb,0xd6,0xdd,0xdb,0xd6,0xdd,0xdb,0xd6,0xdd,
  0xdb,0xd6,0xdd,0xdb,0xd6,0xdd,0xdb,0xd6,0xdd,0xdb,0xd6,0xdd,0xdb,0xd6,0xdd,0xdb,
  0xd6,0xdd,0xdb,0xd6,0xdd,0xdb,0xd6,0xdd,0xdb,0xd6,0xdd,0xdb,0xd6,0xdd,0xda,0xda,
  0xe1,0xcf,0x69,0x74,0xec,0xd,0x21,0xe5,0x77,0x84,0xda,0xdb,0xe2,0xdb,0xd6,0xdd,
  0xdb,0xd6,0xdd,0xdb,0xd7,0xde,0xdb,0xd6,0xdd,0xdb,0xd6,0xdd,0xdb,0xd6,0xdd,0xdb,
  0xd6,0xdd,0xdb,0xd6,0xdd,0xdb,0xd6,0xdd,0xdb,0xd6,0xdd,0xdb,0xd6,0xdd,0xdb,0xd6,
  0xdd,0xdb,0xd6,0xdd,0xdb,0xd6,0xdd,0xdb,0xd6,0xdd,0xdb,0xd6,0xdd,0xdb,0xd6,0xdd,
  0xdb,0xd6,0xdd,0xdb,0xd6,0xdd,0xdb,0xd6,0xdd,0xdb,0xd6,0xdd,0xdb,0xd6,0xdd,0xdb,
  0xd6,0xdd,0xdb,0xd6,0xdd,0xdb,0xd6,0xdd,0xdb,0xd6,0xdd,0xda,0xdd,0xe4,0xca,0x57,
  0x65,0xfe,0x3,0x23,0xee,0x74,0x88,0xd9,0xde,0xe4,0xdb,0xd6,0xdd,0xdb,0xd6,0xdd,
  0xdb,0xd6,0xdd,0xd8,0xd7,0xde,0xc6,0x3a,0x4c,0xfe,0xf,0x30,0xff,0x10,0x38,0xea,
  0x87,0x9a,0xd9,0xde,0xe3,0xdb,0xd6,0xdd,0xdb,0xd6,0xdd,0xdb,0xd6,0xdd,0xdb,0xd6,
  0xdd,0xdb,0xd6,0xdd,0xdb,0xd6,0xdd,0xdb,0xd6,0xdd,0xdb,0xd6,0xdd,0xdb,0xd6,0xdd,
  0xdb,0xd6,0xdd,0xdb,0xd6,0xdd,0xdb,0xd6,0xdd,0xdb,0xd6,0xdd,0xdb,0xd6,0xdd,0xdb,
  0xd6,0xdd,0xdb,0xd6,0xdd,0xdb,0xd6,0xdd,0xdb,0xd6,0xdd,0xdb,0xd6,0xdd,0xdb,0xd6,
  0xdd,0xdb,0xd6,0xdd,0xdb,0xd6,0xdd,0xdb,0xd6,0xdd,0xdb,0xd6,0xdd,0xdb,0xd6,0xdd,
  0xdb,0xd6,0xdd,0xdb,0xd6,0xdd,0xdb,0xd6,0xdd,0xdb,0xd6,0xdd,0xdb,0xd6,0xdd,0xdb,
  0xd6,0xdd,0xdb,0xd6,0xdd,0xdb,0xd6,0xdd,0xdb,0xd6,0xdd,0xdb,0xd6,0xdd,0xdb,0xd6,
  0xdd,0xdb,0xd6,0xdd,0xdb,0xd6,0xdd,0xdb,0xd6,0xdd,0xdb,0xd6,0xdd,0xdb,0xd6,0xdd,
  0xdb,0xd6,0xdd,0xdb,0xd6,0xdd,0xdb,0xd6,0xdd,0xdb,0xd6,0xdd,0xdb,0xd6,0xdd,0xdb,
  0xd6,0xdd,0xdb,0xd6,0xdd,0xdb,0xd6,0xdd,0xdb,0xd6,0xdd,0xdb,0xd6,0xdd,0xdb,0xd6,
  0xdd,0xdb,0xd6,0xdd,0xda,0xd5,0xdc,0xda,0xd5,0xdc,0xda,0xd5,0xdc,0xdb,0xd6,0xdd,
  0xdb,0xd6,0xdd,0xdb,0xd6,0xdd,0xdb,0xd6,0xdd,0xdb,0xd6,0xdd,0xdb,0xd6,0xdd,0xdb,
  0xd6,0xdd,0xdb,0xd6,0xdd,0xdb,0xd6,0xdd,0xdb,0xd6,0xdd,0xdb,0xd6,0xdd,0xdb,0xd6,
  0xdd,0xdb,0xd6,0xdd,0xdb,0xd6,0xdd,0xdb,0xd6,0xdd,0xdb,0xd6,0xdd,0xdb,0xd6,0xdd,
  0xdb,0xd6,0xdd,0xdb,0xd6,0xdd,0xdb,0xd6,0xdd,0xdb,0xd6,0xdd,0xdb,0xd6,0xdd,0xdb,
  0xd6,0xdd,0xdb,0xd6,0xdd,0xdb,0xd6,0xdd,0xdb,0xd6,0xdd,0xdb,0xd6,0xdd,0xd7,0xd6,
  0xdd,0xe5,0x35,0x45,0xff,0xc,0x27,0xfb,0x2b,0x42,0xdb,0xcc,0xd4,0xda,0xd8,0xdf,
  0xdb,0xdd,0xe3,0xd7,0xd4,0xda,0xd9,0xd9,0xe0,0xdb,0xd7,0xde,0xdb,0xd6,0xdd,0xdb,
  0xd6,0xdd,0xdb,0xd6,0xdd,0xdb,0xd6,0xdd,0xdb,0xd6,0xdd,0xdb,0xd6,0xdd,0xdb,0xd6,
  0xdd,0xdb,0xd6,0xdd,0xdb,0xd6,0xdd,0xdb,0xd6,0xdd,0xdb,0xd6,0xdd,0xdb,0xd6,0xdd,
  0xdb,0xd6,0xdd,0xdb,0xd6,0xdd,0xdb,0xd6,0xdd,0xdb,0xd6,0xdd,0xdb,0xd6,0xdd,0xdb,
  0xd6,0xdd,0xdb,0xd6,0xdd,0xdb,0xd6,0xdd,0xdb,0xd6,0xdd,0xda,0xdd,0xe4,0xc9,0x57,
  0x67,0xfd,0x3,0x26,0xee,0x74,0x8a,0xd9,0xde,0xe4,0xdb,0xd6,0xdd,0xdb,0xd6,0xdd,
  0xdb,0xd6,0xdd,0xd8,0xd7,0xdd,0xcd,0x39,0x4d,0xff,0xf,0x33,0xff,0x13,0x3d,0xe7,
  0x98,0xa9,0xd9,0xdc,0xe2,0xdb,0xd6,0xdd,0xdb,0xd6,0xdd,0xdb,0xd6,0xdd,0xdb,0xd6,
  0xdd,0xdb,0xd6,0xdd,0xdb,0xd6,0xdd,0xdb,0xd6,0xdd,0xdb,0xd6,0xdd,0xdb,0xd6,0xdd,
  0xdb,0xd6,0xdd,0xdb,0xd6,0xdd,0xdb,0xd6,0xdd,0xdb,0xd6,0xdd,0xdb,0xd6,0xdd,0xdb,
  0xd6,0xdd,0xdb,0xd6,0xdd,0xdb,0xd6,0xdd,0xdb,0xd6,0xdd,0xdb,0xd6,0xdd,0xdb,0xd6,
  0xdd,0xdb,0xd6,0xdd,0xdb,0xd6,0xdd,0xdb,0xd6,0xdd,0xdb,0xd6,0xdd,0xdb,0xd6,0xdd,
  0xdb,0xd6,0xdd,0xdb,0xd6,0xdd,0xdb,0xd6,0xdd,0xdb,0xd6,0xdd,0xdb,0xd6,0xdd,0xdb,
  0xd6,0xdd,0xdb,0xd6,0xdd,0xdb,0xd6,0xdd,0xdb,0xd6,0xdd,0xdb,0xd6,0xdd,0xdb,0xd6,
  0xdd,0xdb,0xd6,0xdd,0xdb,0xd6,0xdd,0xdb,0xd6,0xdd,0xdb,0xd6,0xdd,0xdb,0xd6,0xdd,
  0xdb,0xd6,0xdd,0xdb,0xd6,0xdd,0xdb,0xd6,0xdd,0xdb,0xd6,0xdd,0xdb,0xd6,0xdd,0xdb,
  0xd6,0xdd,0xdb,0xd6,0xdd,0xdb,0xd6,0xdd,0xdb,0xd6,0xdd,0xdb,0xd6,0xdd,0xdb,0xd6,
  0xdd,0xdb,0xd6,0xdd,0xdb,0xd6,0xdd,0xdb,0xd6,0xdd,0xdb,0xd6,0xdd,0xdb,0xd6,0xdd,
  0xdb,0xd6,0xdd,0xdb,0xd6,0xdd,0xdb,0xd6,0xdd,0xdb,0xd6,0xdd,0xdb,0xd6,0xdd,0xdb,
  0xd6,0xdd,0xdb,0xd6,0xdd,0xdb,0xd6,0xdd,0xdb,0xd6,0xdd,0xdb,0xd6,0xdd,0xdb,0xd6,
  0xdd,0xdb,0xd6,0xdd,0xdb,0xd6,0xdd,0xdb,0xd6,0xdd,0xdb,0xd6,0xdd,0xdb,0xd6,0xdd,
  0xdb,0xd6,0xdd,0xdb,0xd6,0xdd,0xdb,0xd6,0xdd,0xdb,0xd6,0xdd,0xdb,0xd6,0xdd,0xdb,
  0xd6,0xdd,0xdb,0xd6,0xdd,0xdb,0xd6,0xdd,0xdb,0xd6,0xdd,0xdb,0xd6,0xdd,0xd9,0xdb,
  0xe2,0xe6,0x56,0x66,0xff,0xf,0x2a,0xff,0x13,0x2f,0xe4,0xa6,0xb1,0xd5,0xdb,0xe1,
  0xcf,0x6b,0x79,0xdd,0x2d,0x42,0xe3,0x73,0x83,0xdb,0xd8,0xdf,0xdb,0xd6,0xdd,0xdb,
  0xd6,0xdd,0xdb,0xd6,0xdd,0xdb,0xd6,0xdd,0xdb,0xd6,0xdd,0xdb,0xd6,0xdd,0xdb,0xd6,
  0xdd,0xdb,0xd6,0xdd,0xdb,0xd6,0xdd,0xdb,0xd6,0xdd,0xdb,0xd6,0xdd,0xdb,0xd6,0xdd,
  0xdb,0xd6,0xdd,0xdb,0xd6,0xdd,0xdb,0xd6,0xdd,0xdb,0xd6,0xdd,0xdb,0xd6,0xdd,0xdb,
  0xd6,0xdd,0xdb,0xd6,0xdd,0xdb,0xd6,0xdd,0xdb,0xd6,0xdd,0xda,0xdd,0xe3,0xc9,0x57,
  0x68,0xfd,0x3,0x28,0xee,0x74,0x8b,0xd9,0xde,0xe4,0xdb,0xd6,0xdd,0xdb,0xd6,0xdd,
  0xdb,0xd7,0xde,0xd4,0xcb,0xd2,0xcd,0x25,0x3b,0xff,0x12,0x39,0xff,0x15,0x41,0xe4,
  0xa7,0xb6,0xd9,0xdb,0xe1,0xdb,0xd6,0xdd,0xdb,0xd6,0xdd,0xdb,0xd6,0xdd,0xdb,0xd6,
  0xdd,0xdb,0xd6,0xdd,0xdb,0xd6,0xdd,0xdb,0xd6,0xdd,0xdb,0xd6,0xdd,0xdb,0xd6,0xdd,
  0xdb,0xd6,0xdd,0xdb,0xd6,0xdd,0xdb,0xd6,0xdd,0xdb,0xd6,0xdd,0xdb,0xd6,0xdd,0xdb,
  0xd6,0xdd,0xdb,0xd6,0xdd,0xdb,0xd6,0xdd,0xdb,0xd6,0xdd,0xdb,0xd6,0xdd,0xdb,0xd6,
  0xdd,0xdb,0xd6,0xdd,0xdb,0xd6,0xdd,0xdb,0xd6,0xdd,0xdb,0xd6,0xdd,0xdb,0xd6,0xdd,
  0xdb,0xd6,0xdd,0xdb,0xd6,0xdd,0xdb,0xd6,0xdd,0xdb,0xd6,0xdd,0xdb,0xd6,0xdd,0xdb,
  0xd6,0xdd,0xdb,0xd6,0xdd,0xdb,0xd6,0xdd,0xdb,0xd6,0xdd,0xdb,0xd6,0xdd,0xdb,0xd6,
  0xdd,0xdb,0xd6,0xdd,0xdb,0xd6,0xdd,0xdb,0xd6,0xdd,0xdb,0xd6,0xdd,0xdb,0xd6,0xdd,
  0xdb,0xd6,0xdd,0xdb,0xd6,0xdd,0xdb,0xd6,0xdd,0xdb,0xd6,0xdd,0xdb,0xd6,0xdd,0xdb,
  0xd6,0xdd,0xdb,0xd6,0xdd,0xdb,0xd6,0xdd,0xdb,0xd6,0xdd,0xdb,0xd6,0xdd,0xdb,0xd6,
  0xdd,0xdb,0xd6,0xdd,0xda,0xd5,0xdc,0xda,0xd5,0xdc,0xda,0xd5,0xdc,0xdb,0xd6,0xdd,
  0xdb,0xd6,0xdd,0xdb,0xd6,0xdd,0xdb,0xd6,0xdd,0xdb,0xd6,0xdd,0xdb,0xd6,0xdd,0xdb,
  0xd6,0xdd,0xdb,0xd6,0xdd,0xdb,0xd6,0xdd,0xdb,0xd6,0xdd,0xdb,0xd6,0xdd,0xdb,0xd6,
  0xdd,0xdb,0xd6,0xdd,0xdb,0xd6,0xdd,0xdb,0xd6,0xdd,0xdb,0xd6,0xdd,0xdb,0xd6,0xdd,
  0xdb,0xd6,0xdd,0xdb,0xd6,0xdd,0xdb,0xd6,0xdd,0xdb,0xd6,0xdd,0xdb,0xd6,0xdd,0xdb,
  0xd6,0xdd,0xdb,0xd6,0xdd,0xdb,0xd6,0xdd,0xdb,0xd6,0xdd,0xdb,0xd6,0xdd,0xda,0xdd,
  0xe4,0xdd,0x97,0xa1,0xfd,0xf,0x2a,0xff,0x14,0x35,0xe7,0x39,0x4f,0xcc,0x41,0x52,
  0xeb,0xd,0x28,0xff,0xe,0x31,0xfc,0x1d,0x3c,0xde,0xc3,0xcd,0xda,0xd8,0xdf,0xdb,
  0xd6,0xdd,0xdb,0xd6,0xdd,0xdb,0xd6,0xdd,0xdb,0xd6,0xdd,0xdb,0xd6,0xdd,0xdb,0xd6,
  0xdd,0xdb,0xd6,0xdd,0xdb,0xd6,0xdd,0xdb,0xd6,0xdd,0xdb,0xd6,0xdd,0xdb,0xd6,0xdd,
  0xdb,0xd6,0xdd,0xdb,0xd6,0xdd,0xdb,0xd6,0xdd,0xdb,0xd6,0xdd,0xdb,0xd6,0xdd,0xdb,
  0xd6,0xdd,0xdb,0xd6,0xdd,0xdb,0xd6,0xdd,0xdb,0xd6,0xdd,0xda,0xdd,0xe3,0xc6,0x58,
  0x69,0xfa,0x2,0x29,0xee,0x75,0x8d,0xd9,0xde,0xe4,0xdb,0xd6,0xdd,0xdb,0xd6,0xdd,
  0xdb,0xd7,0xde,0xd2,0xc7,0xce,0xd3,0x1f,0x38,0xff,0x13,0x3c,0xfe,0x1e,0x4a,0xe0,
  0xba,0xc6,0xda,0xd9,0xdf,0xdb,0xd6,0xdd,0xdb,0xd6,0xdd,0xdb,0xd6,0xdd,0xdb,0xd6,
  0xdd,0xdb,0xd6,0xdd,0xdb,0xd6,0xdd,0xdb,0xd6,0xdd,0xdb,0xd6,0xdd,0xdb,0xd6,0xdd,
  0xdb,0xd6,0xdd,0xdb,0xd6,0xdd,0xdb,0xd6,0xdd,0xdb,0xd6,0xdd,0xdb,0xd6,0xdd,0xdb,
  0xd6,0xdd,0xdb,0xd6,0xdd,0xdb,0xd6,0xdd,0xdb,0xd6,0xdd,0xdb,0xd6,0xdd,0xdb,0xd6,
  0xdd,0xdb,0xd6,0xdd,0xdb,0xd6,0xdd,0xdb,0xd6,0xdd,0xdb,0xd6,0xdd,0xdb,0xd6,0xdd,
  0xdb,0xd6,0xdd,0xdb,0xd6,0xdd,0xdb,0xd6,0xdd,0xdb,0xd6,0xdd,0xdb,0xd6,0xdd,0xdb,
  0xd6,0xdd,0xdb,0xd6,0xdd,0xdb,0xd6,0xdd,0xdb,0xd6,0xdd,0xdb,0xd6,0xdd,0xdb,0xd6,
  0xdd,0xdb,0xd6,0xdd,0xdb,0xd6,0xdd,0xdb,0xd6,0xdd,0xdb,0xd6,0xdd,0xdb,0xd6,0xdd,
  0xdb,0xd6,0xdd,0xdb,0xd6,0xdd,0xdb,0xd6,0xdd,0xdb,0xd6,0xdd,0xdb,0xd6,0xdd,0xdb,
  0xd6,0xdd,0xdb,0xd6,0xdd,0xdb,0xd6,0xdd,0xdb,0xd6,0xdd,0xdb,0xd6,0xdd,0xdb,0xd6,
  0xdd,0xdb,0xd6,0xdd,0xdb,0xd6,0xdd,0xdb,0xd6,0xdd,0xdb,0xd6,0xdd,0xdb,0xd6,0xdd,
  0xdb,0xd6,0xdd,0xdb,0xd6,0xdd,0xdb,0xd6,0xdd,0xdb,0xd6,0xdd,0xdb,0xd6,0xdd,0xdb,
  0xd6,0xdd,0xdb,0xd6,0xdd,0xdb,0xd6,0xdd,0xdb,0xd6,0xdd,0xdb,0xd6,0xdd,0xdb,0xd6,
  0xdd,0xdb,0xd6,0xdd,0xdb,0xd6,0xdd,0xdb,0xd6,0xdd,0xdb,0xd6,0xdd,0xdb,0xd6,0xdd,
  0xdb,0xd6,0xdd,0xdb,0xd6,0xdd,0xdb,0xd6,0xdd,0xdb,0xd6,0xdd,0xdb,0xd6,0xdd,0xdb,
  0xd6,0xdd,0xdb,0xd6,0xdd,0xdb,0xd6,0xdd,0xdc,0xd8,0xdf,0xdb,0xdc,0xe3,0xd8,0xdd,
  0xe3,0xd1,0xae,0xb7,0xf2,0x1d,0x35,0xff,0x17,0x39,0xff,0x10,0x30,0xf4,0xd,0x2b,
  0xf6,0x13,0x31,0xff,0x16,0x3d,0xfd,0x20,0x42,0xde,0xc2,0xcc,0xda,0xd8,0xdf,0xdb,
  0xd6,0xdd,0xdb,0xd6,0xdd,0xdb,0xd6,0xdd,0xdb,0xd6,0xdd,0xdb,0xd6,0xdd,0xdb,0xd6,
  0xdd,0xdb,0xd6,0xdd,0xdb,0xd6,0xdd,0xdb,0xd6,0xdd,0xdb,0xd6,0xdd,0xdb,0xd6,0xdd,
  0xdb,0xd6,0xdd,0xdb,0xd6,0xdd,0xdb,0xd6,0xdd,0xdb,0xd6,0xdd,0xdb,0xd6,0xdd,0xdb,
  0xd6,0xdd,0xdb,0xd6,0xdd,0xdb,0xd6,0xdd,0xdb,0xd6,0xdd,0xdc,0xdd,0xe4,0xb9,0x50,
  0x62,0xec,0x0,0x24,0xf0,0x65,0x7d,0xd9,0xde,0xe4,0xdb,0xd6,0xdd,0xdb,0xd6,0xdd,
  0xdd,0xdd,0xe4,0xc4,0x97,0xa2,0xd5,0xb,0x28,0xff,0x14,0x41,0xfe,0x21,0x4e,0xdf,
  0xc0,0xcb,0xda,0xd8,0xdf,0xdb,0xd6,0xdd,0xdb,0xd6,0xdd,0xdb,0xd6,0xdd,0xdb,0xd6,
  0xdd,0xdb,0xd6,0xdd,0xdb,0xd6,0xdd,0xdb,0xd6,0xdd,0xdb,0xd6,0xdd,0xdb,0xd6,0xdd,
  0xdb,0xd6,0xdd,0xdb,0xd6,0xdd,0xdb,0xd6,0xdd,0xdb,0xd6,0xdd,0xdb,0xd6,0xdd,0xdb,
  0xd6,0xdd,0xdb,0xd6,0xdd,0xdb,0xd6,0xdd,0xdb,0xd6,0xdd,0xdb,0xd6,0xdd,0xdb,0xd6,
  0xdd,0xdb,0xd6,0xdd,0xdb,0xd6,0xdd,0xdb,0xd6,0xdd,0xdb,0xd6,0xdd,0xdb,0xd6,0xdd,
  0xdb,0xd6,0xdd,0xdb,0xd6,0xdd,0xdb,0xd6,0xdd,0xdb,0xd6,0xdd,0xdb,0xd6,0xdd,0xdb,
  0xd6,0xdd,0xdb,0xd6,0xdd,0xdb,0xd6,0xdd,0xdb,0xd6,0xdd,0xdb,0xd6,0xdd,0xdb,0xd6,
  0xdd,0xdb,0xd6,0xdd,0xdb,0xd6,0xdd,0xdb,0xd6,0xdd,0xdb,0xd6,0xdd,0xdb,0xd6,0xdd,
  0xdb,0xd6,0xdd,0xdb,0xd6,0xdd,0xdb,0xd6,0xdd,0xdb,0xd6,0xdd,0xdb,0xd6,0xdd,0xdb,
  0xd6,0xdd,0xdb,0xd6,0xdd,0xdb,0xd6,0xdd,0xdb,0xd6,0xdd,0xdb,0xd6,0xdd,0xdb,0xd6,
  0xdd,0xdb,0xd6,0xdd,0xdb,0xd6,0xdd,0xdb,0xd6,0xdd,0xdb,0xd6,0xdd,0xdb,0xd6,0xdd,
  0xdb,0xd6,0xdd,0xdb,0xd6,0xdd,0xdb,0xd6,0xdd,0xdb,0xd6,0xdd,0xdb,0xd6,0xdd,0xdb,
  0xd6,0xdd,0xdb,0xd6,0xdd,0xdb,0xd6,0xdd,0xdb,0xd6,0xdd,0xdb,0xd6,0xdd,0xdb,0xd6,
  0xdd,0xdb,0xd6,0xdd,0xdb,0xd6,0xdd,0xdb,0xd6,0xdd,0xdb,0xd6,0xdd,0xdb,0xd6,0xdd,
  0xdb,0xd6,0xdd,0xdb,0xd6,0xdd,0xdb,0xd6,0xdd,0xdb,0xd6,0xdd,0xdb,0xd6,0xdd,0xdb,
  0xd6,0xdd,0xdb,0xd6,0xdd,0xdb,0xd7,0xde,0xd6,0xcf,0xd6,0xca,0x67,0x75,0xd8,0x4a,
  0x5c,0xe0,0x21,0x38,0xf0,0x12,0x2d,0xff,0x17,0x39,0xff,0x17,0x3b,0xf3,0x12,0x31,
  0xf7,0x13,0x34,0xff,0x16,0x3e,0xfc,0x24,0x46,0xdd,0xc4,0xcd,0xda,0xd8,0xdf,0xdb,
  0xd6,0xdd,0xdb,0xd6,0xdd,0xdb,0xd6,0xdd,0xdb,0xd6,0xdd,0xdb,0xd6,0xdd,0xdb,0xd6,
  0xdd,0xdb,0xd6,0xdd,0xdb,0xd6,0xdd,0xdb,0xd6,0xdd,0xdb,0xd6,0xdd,0xdb,0xd6,0xdd,
  0xdb,0xd6,0xdd,0xdb,0xd6,0xdd,0xdb,0xd6,0xdd,0xdb,0xd6,0xdd,0xdb,0xd6,0xdd,0xdb,
  0xd6,0xdd,0xdb,0xd6,0xdd,0xdb,0xd6,0xdd,0xdb,0xd8,0xdf,0xd3,0xc6,0xcd,0xae,0x1e,
  0x36,0xed,0x9,0x2e,0xf9,0x33,0x54,0xda,0xd1,0xd9,0xda,0xd6,0xdd,0xdb,0xd6,0xdd,
  0xdc,0xdc,0xe2,0xb2,0x4a,0x5b,0xe6,0x9,0x2b,0xff,0x15,0x43,0xff,0x14,0x43,0xe5,
  0xa0,0xb0,0xd9,0xdc,0xe1,0xdb,0xd6,0xdd,0xdb,0xd6,0xdd,0xdb,0xd6,0xdd,0xdb,0xd6,
  0xdd,0xdb,0xd6,0xdd,0xdb,0xd6,0xdd,0xdb,0xd6,0xdd,0xdb,0xd6,0xdd,0xdb,0xd6,0xdd,
  0xdb,0xd6,0xdd,0xdb,0xd6,0xdd,0xdb,0xd6,0xdd,0xdb,0xd6,0xdd,0xdb,0xd6,0xdd,0xdb,
  0xd6,0xdd,0xdb,0xd6,0xdd,0xdb,0xd6,0xdd,0xdb,0xd6,0xdd,0xdb,0xd6,0xdd,0xdb,0xd6,
  0xdd,0xdb,0xd6,0xdd,0xdb,0xd6,0xdd,0xdb,0xd6,0xdd,0xdb,0xd6,0xdd,0xdb,0xd6,0xdd,
  0xdb,0xd6,0xdd,0xdb,0xd6,0xdd,0xdb,0xd6,0xdd,0xdb,0xd6,0xdd,0xdb,0xd6,0xdd,0xdb,
  0xd6,0xdd,0xdb,0xd6,0xdd,0xdb,0xd6,0xdd,0xdb,0xd6,0xdd,0xdb,0xd6,0xdd,0xdb,0xd6,
  0xdd,0xdb,0xd6,0xdd,0xdb,0xd6,0xdd,0xdb,0xd6,0xdd,0xdb,0xd6,0xdd,0xdb,0xd6,0xdd,
  0xdb,0xd6,0xdd,0xdb,0xd6,0xdd,0xdb,0xd6,0xdd,0xdb,0xd6,0xdd,0xdb,0xd6,0xdd,0xdb,
  0xd6,0xdd,0xdb,0xd6,0xdd,0xdb,0xd6,0xdd,0xdb,0xd6,0xdd,0xdb,0xd6,0xdd,0xdb,0xd6,
  0xdd,0xdb,0xd6,0xdd,0xdb,0xd6,0xdd,0xdb,0xd6,0xdd,0xdb,0xd6,0xdd,0xdb,0xd6,0xdd,
  0xdb,0xd6,0xdd,0xdb,0xd6,0xdd,0xdb,0xd6,0xdd,0xdb,0xd6,0xdd,0xdb,0xd6,0xdd,0xdb,
  0xd6,0xdd,0xdb,0xd6,0xdd,0xdb,0xd6,0xdd,0xdb,0xd6,0xdd,0xdb,0xd6,0xdd,0xdb,0xd6,
  0xdd,0xdb,0xd6,0xdd,0xdb,0xd6,0xdd,0xdb,0xd6,0xdd,0xdb,0xd6,0xdd,0xdb,0xd6,0xdd,
  0xdb,0xd6,0xdd,0xdb,0xd6,0xdd,0xdb,0xd6,0xdd,0xdb,0xd6,0xdd,0xdb,0xd6,0xdd,0xdb,
  0xd6,0xdd,0xdb,0xd6,0xdd,0xda,0xd9,0xe0,0xc8,0x53,0x62,0xe8,0x5,0x20,0xff,0xe,
  0x30,0xf7,0x10,0x2f,0xf0,0x11,0x2e,0xfd,0x15,0x37,0xff,0x18,0x40,0xe5,0x11,0x2e,
  0xf4,0x13,0x36,0xff,0x14,0x40,0xf9,0x36,0x59,0xdb,0xd2,0xd9,0xda,0xd6,0xdd,0xdb,
  0xd6,0xdd,0xdb,0xd6,0xdd,0xdb,0xd6,0xdd,0xdb,0xd6,0xdd,0xdb,0xd6,0xdd,0xdb,0xd6,
  0xdd,0xdb,0xd6,0xdd,0xdb,0xd6,0xdd,0xdb,0xd6,0xdd,0xdb,0xd6,0xdd,0xdb,0xd6,0xdd,
  0xdb,0xd6,0xdd,0xdb,0xd6,0xdd,0xdb,0xd6,0xdd,0xdb,0xd6,0xdd,0xdb,0xd6,0xdd,0xdb,
  0xd6,0xdd,0xdb,0xd6,0xdd,0xdb,0xd6,0xdd,0xdd,0xdc,0xe3,0xc3,0x93,0x9f,0xc1,0x8,
  0x28,0xf6,0x11,0x3c,0xff,0x13,0x3f,0xe1,0xab,0xba,0xda,0xdb,0xe1,0xdc,0xda,0xe1,
  0xcb,0xae,0xb7,0xaf,0xf,0x28,0xf7,0x10,0x37,0xff,0x16,0x45,0xff,0xf,0x42,0xec,
  0x78,0x91,0xd9,0xde,0xe3,0xdb,0xd6,0xdd,0xdb,0xd6,0xdd,0xdb,0xd6,0xdd,0xdb,0xd6,
  0xdd,0xdb,0xd6,0xdd,0xdb,0xd6,0xdd,0xdb,0xd6,0xdd,0xdb,0xd6,0xdd,0xdb,0xd6,0xdd,
  0xdb,0xd6,0xdd,0xdb,0xd6,0xdd,0xdb,0xd6,0xdd,0xdb,0xd6,0xdd,0xdb,0xd6,0xdd,0xdb,
  0xd6,0xdd,0xdb,0xd6,0xdd,0xdb,0xd6,0xdd,0xdb,0xd6,0xdd,0xdb,0xd6,0xdd,0xdb,0xd6,
  0xdd,0xdb,0xd6,0xdd,0xdb,0xd6,0xdd,0xdb,0xd6,0xdd,0xdb,0xd6,0xdd,0xdb,0xd6,0xdd,
  0xdb,0xd6,0xdd,0xdb,0xd6,0xdd,0xdb,0xd6,0xdd,0xdb,0xd6,0xdd,0xdb,0xd6,0xdd,0xdb,
  0xd6,0xdd,0xdb,0xd6,0xdd,0xdb,0xd6,0xdd,0xdb,0xd6,0xdd,0xdb,0xd6,0xdd,0xdb,0xd6,
  0xdd,0xdb,0xd6,0xdd,0xdb,0xd6,0xdd,0xdb,0xd6,0xdd,0xdb,0xd6,0xdd,0xdb,0xd6,0xdd,
  0xdb,0xd6,0xdd,0xdb,0xd6,0xdd,0xdb,0xd6,0xdd,0xdb,0xd6,0xdd,0xdb,0xd6,0xdd,0xdb,
  0xd6,0xdd,0xdb,0xd6,0xdd,0xdb,0xd6,0xdd,0xdb,0xd6,0xdd,0xdb,0xd6,0xdd,0xdb,0xd6,
  0xdd,0xdb,0xd6,0xdd,0xdb,0xd6,0xdd,0xdb,0xd6,0xdd,0xdb,0xd6,0xdd,0xdb,0xd6,0xdd,
  0xdb,0xd6,0xdd,0xdb,0xd6,0xdd,0xdb,0xd6,0xdd,0xdb,0xd6,0xdd,0xdb,0xd6,0xdd,0xdb,
  0xd6,0xdd,0xdb,0xd6,0xdd,0xdb,0xd6,0xdd,0xdb,0xd6,0xdd,0xdb,0xd6,0xdd,0xdb,0xd6,
  0xdd,0xdb,0xd6,0xdd,0xdb,0xd6,0xdd,0xdb,0xd6,0xdd,0xdb,0xd6,0xdd,0xdb,0xd6,0xdd,
  0xdb,0xd6,0xdd,0xdb,0xd6,0xdd,0xdb,0xd6,0xdd,0xdb,0xd6,0xdd,0xdb,0xd6,0xdd,0xdb,
  0xd6,0xdd,0xdb,0xd6,0xdd,0xd7,0xd1,0xd8,0xe4,0x2b,0x42,0xfa,0xf,0x2d,0xff,0x18,
  0x3f,0xff,0x16,0x3b,0xea,0x10,0x2e,0xf5,0x12,0x33,0xff,0x18,0x43,0xf0,0x13,0x36,
  0xf9,0x14,0x39,0xff,0x14,0x43,0xf9,0x3e,0x60,0xdc,0xd9,0xdf,0xda,0xd6,0xdd,0xdb,
  0xd6,0xdd,0xdb,0xd6,0xdd,0xdb,0xd6,0xdd,0xdb,0xd6,0xdd,0xdb,0xd6,0xdd,0xdb,0xd6,
  0xdd,0xdb,0xd6,0xdd,0xdb,0xd6,0xdd,0xdb,0xd6,0xdd,0xdb,0xd6,0xdd,0xdb,0xd6,0xdd,
  0xdb,0xd6,0xdd,0xdb,0xd6,0xdd,0xdb,0xd6,0xdd,0xdb,0xd6,0xdd,0xdb,0xd6,0xdd,0xdb,
  0xd6,0xdd,0xdb,0xd6,0xdd,0xdb,0xd6,0xdd,0xdd,0xdf,0xe5,0xbb,0x6b,0x7c,0xe0,0x7,
  0x2f,0xff,0x14,0x48,0xff,0xd,0x45,0xec,0x76,0x92,0xd9,0xde,0xe3,0xdd,0xdd,0xe4,
  0xb1,0x5f,0x70,0xc1,0x4,0x22,0xfe,0x13,0x3c,0xff,0x16,0x47,0xff,0x11,0x46,0xf3,
  0x52,0x75,0xd9,0xdb,0xe1,0xda,0xd6,0xdd,0xdb,0xd6,0xdd,0xdb,0xd6,0xdd,0xdb,0xd6,
  0xdd,0xdb,0xd6,0xdd,0xdb,0xd6,0xdd,0xdb,0xd6,0xdd,0xdb,0xd6,0xdd,0xdb,0xd6,0xdd,
  0xdb,0xd6,0xdd,0xdb,0xd6,0xdd,0xdb,0xd6,0xdd,0xdb,0xd6,0xdd,0xdb,0xd6,0xdd,0xdb,
  0xd6,0xdd,0xdb,0xd6,0xdd,0xdb,0xd6,0xdd,0xdb,0xd6,0xdd,0xdb,0xd6,0xdd,0xdb,0xd6,
  0xdd,0xdb,0xd6,0xdd,0xdb,0xd6,0xdd,0xdb,0xd6,0xdd,0xdb,0xd6,0xdd,0xdb,0xd6,0xdd,
  0xdb,0xd6,0xdd,0xdb,0xd6,0xdd,0xdb,0xd6,0xdd,0xdb,0xd6,0xdd,0xdb,0xd6,0xdd,0xdb,
  0xd6,0xdd,0xdb,0xd6,0xdd,0xdb,0xd6,0xdd,0xdb,0xd6,0xdd,0xdb,0xd6,0xdd,0xdb,0xd6,
  0xdd,0xdb,0xd6,0xdd,0xdb,0xd6,0xdd,0xdb,0xd6,0xdd,0xdb,0xd6,0xdd,0xdb,0xd6,0xdd,
  0xdb,0xd6,0xdd,0xdb,0xd6,0xdd,0xdb,0xd6,0xdd,0xdb,0xd6,0xdd,0xdb,0xd6,0xdd,0xdb,
  0xd6,0xdd,0xdb,0xd6,0xdd,0xdb,0xd6,0xdd,0xdb,0xd6,0xdd,0xdb,0xd6,0xdd,0xdb,0xd6,
  0xdd,0xdb,0xd6,0xdd,0xdb,0xd6,0xdd,0xdb,0xd6,0xdd,0xdb,0xd6,0xdd,0xdb,0xd6,0xdd,
  0xdb,0xd6,0xdd,0xdb,0xd6,0xdd,0xdb,0xd6,0xdd,0xdb,0xd6,0xdd,0xdb,0xd6,0xdd,0xdb,
  0xd6,0xdd,0xdb,0xd6,0xdd,0xdb,0xd6,0xdd,0xdb,0xd6,0xdd,0xdb,0xd6,0xdd,0xdb,0xd6,
  0xdd,0xdb,0xd6,0xdd,0xdb,0xd6,0xdd,0xdb,0xd6,0xdd,0xdb,0xd6,0xdd,0xdb,0xd6,0xdd,
  0xdb,0xd6,0xdd,0xdb,0xd6,0xdd,0xdb,0xd6,0xdd,0xdb,0xd6,0xdd,0xdb,0xd6,0xdd,0xdb,
  0xd6,0xdd,0xdb,0xd6,0xdd,0xd9,0xdb,0xe1,0xe4,0x69,0x7b,0xfc,0xc,0x2b,0xfe,0x15,
  0x39,0xff,0x18,0x43,0xfa,0x15,0x3b,0xf0,0x11,0x31,0xff,0x17,0x43,0xff,0x16,0x41,
  0xe8,0x11,0x34,0xe5,0xf,0x36,0xc2,0x33,0x4b,0xce,0xb5,0xbf,0xdc,0xdd,0xe4,0xdc,
  0xd9,0xe0,0xdb,0xd6,0xdd,0xdb,0xd6,0xdd,0xdb,0xd6,0xdd,0xdb,0xd6,0xdd,0xdb,0xd6,
  0xdd,0xdb,0xd6,0xdd,0xdb,0xd6,0xdd,0xdb,0xd6,0xdd,0xdb,0xd6,0xdd,0xdb,0xd6,0xdd,
  0xdb,0xd6,0xdd,0xdb,0xd6,0xdd,0xdb,0xd6,0xdd,0xdb,0xd6,0xdd,0xdb,0xd6,0xdd,0xdb,
  0xd6,0xdd,0xdb,0xd6,0xdd,0xdb,0xd6,0xdd,0xdd,0xdf,0xe4,0xbb,0x6c,0x7e,0xdd,0x7,
  0x31,0xff,0x14,0x49,0xff,0xd,0x48,0xef,0x64,0x85,0xd9,0xdf,0xe4,0xd7,0xce,0xd5,
  0xa3,0x26,0x3c,0xd9,0xb,0x2e,0xff,0x13,0x40,0xff,0x16,0x49,0xff,0x15,0x4a,0xfa,
  0x2d,0x59,0xdc,0xcc,0xd5,0xda,0xd7,0xde,0xdb,0xd6,0xdd,0xdb,0xd6,0xdd,0xdb,0xd6,
  0xdd,0xdb,0xd6,0xdd,0xdb,0xd6,0xdd,0xdb,0xd6,0xdd,0xdb,0xd6,0xdd,0xdb,0xd6,0xdd,
  0xdb,0xd6,0xdd,0xdb,0xd6,0xdd,0xdb,0xd6,0xdd,0xdb,0xd6,0xdd,0xdb,0xd6,0xdd,0xdb,
  0xd6,0xdd,0xdb,0xd6,0xdd,0xdb,0xd6,0xdd,0xdb,0xd6,0xdd,0xdb,0xd6,0xdd,0xdb,0xd6,
  0xdd,0xdb,0xd6,0xdd,0xdb,0xd6,0xdd,0xdb,0xd6,0xdd,0xdb,0xd6,0xdd,0xdb,0xd6,0xdd,
  0xdb,0xd6,0xdd,0xdb,0xd6,0xdd,0xdb,0xd6,0xdd,0xdb,0xd6,0xdd,0xdb,0xd6,0xdd,0xdb,
  0xd6,0xdd,0xdb,0xd6,0xdd,0xdb,0xd6,0xdd,0xdb,0xd6,0xdd,0xdb,0xd6,0xdd,0xdb,0xd6,
  0xdd,0xdb,0xd6,0xdd,0xdb,0xd6,0xdd,0xdb,0xd6,0xdd,0xdb,0xd6,0xdd,0xdb,0xd6,0xdd,
  0xdb,0xd6,0xdd,0xdb,0xd6,0xdd,0xdb,0xd6,0xdd,0xdb,0xd6,0xdd,0xdb,0xd6,0xdd,0xdb,
  0xd6,0xdd,0xdb,0xd6,0xdd,0xdb,0xd6,0xdd,0xdb,0xd6,0xdd,0xdb,0xd6,0xdd,0xdb,0xd6,
  0xdd,0xdb,0xd6,0xdd,0xdb,0xd6,0xdd,0xdb,0xd6,0xdd,0xdb,0xd6,0xdd,0xdb,0xd6,0xdd,
  0xdb,0xd6,0xdd,0xdb,0xd6,0xdd,0xdb,0xd6,0xdd,0xdb,0xd6,0xdd,0xdb,0xd6,0xdd,0xdb,
  0xd6,0xdd,0xdb,0xd6,0xdd,0xdb,0xd6,0xdd,0xdb,0xd6,0xdd,0xdb,0xd6,0xdd,0xdb,0xd6,
  0xdd,0xdb,0xd6,0xdd,0xdb,0xd6,0xdd,0xdb,0xd6,0xdd,0xdb,0xd6,0xdd,0xdb,0xd6,0xdd,
  0xdb,0xd6,0xdd,0xdb,0xd6,0xdd,0xdb,0xd6,0xdd,0xdb,0xd6,0xdd,0xdb,0xd6,0xdd,0xdb,
  0xd6,0xdd,0xdb,0xd6,0xdd,0xdb,0xd7,0xde,0xda,0xd7,0xdd,0xe9,0x50,0x65,0xfa,0xc,
  0x2e,0xff,0x17,0x40,0xff,0x18,0x47,0xe5,0x11,0x33,0xf8,0x14,0x3d,0xeb,0x13,0x3a,
  0xd6,0xe,0x2c,0xcd,0xe,0x2b,0xbe,0x9,0x25,0xaf,0x12,0x2c,0xb8,0x64,0x74,0xd1,
  0xc2,0xca,0xdb,0xd6,0xdd,0xdb,0xd6,0xdd,0xdb,0xd6,0xdd,0xdb,0xd6,0xdd,0xdb,0xd6,
  0xdd,0xdb,0xd6,0xdd,0xdb,0xd6,0xdd,0xdb,0xd6,0xdd,0xdb,0xd6,0xdd,0xdb,0xd6,0xdd,
  0xdb,0xd6,0xdd,0xdb,0xd6,0xdd,0xdb,0xd6,0xdd,0xdb,0xd6,0xdd,0xdb,0xd6,0xdd,0xdb,
  0xd6,0xdd,0xdb,0xd6,0xdd,0xdb,0xd6,0xdd,0xdd,0xdf,0xe4,0xbc,0x6c,0x7f,0xdf,0x7,
  0x35,0xff,0x15,0x4f,0xff,0xd,0x4c,0xee,0x65,0x87,0xda,0xe2,0xe6,0xcf,0xb9,0xc2,
  0xa8,0x12,0x2d,0xeb,0xf,0x35,0xff,0x14,0x43,0xff,0x16,0x4b,0xff,0x17,0x4e,0xfe,
  0x1d,0x4f,0xdf,0xba,0xc7,0xda,0xd9,0xe0,0xdb,0xd6,0xdd,0xdb,0xd6,0xdd,0xdb,0xd6,
  0xdd,0xdb,0xd6,0xdd,0xdb,0xd6,0xdd,0xdb,0xd6,0xdd,0xdb,0xd6,0xdd,0xdb,0xd6,0xdd,
  0xdb,0xd6,0xdd,0xdb,0xd6,0xdd,0xdb,0xd8,0xdf,0xdb,0xd8,0xdf,0xdb,0xd6,0xdd,0xdb,
  0xd6,0xdd,0xdb,0xd6,0xdd,0xdb,0xd6,0xdd,0xdb,0xd6,0xdd,0xdb,0xd6,0xdd,0xdb,0xd6,
  0xdd,0xdb,0xd6,0xdd,0xdb,0xd6,0xdd,0xdb,0xd6,0xdd,0xdb,0xd6,0xdd,0xdb,0xd6,0xdd,
  0xdb,0xd6,0xdd,0xdb,0xd6,0xdd,0xdb,0xd6,0xdd,0xdb,0xd6,0xdd,0xdb,0xd6,0xdd,0xdb,
  0xd6,0xdd,0xdb,0xd6,0xdd,0xdb,0xd6,0xdd,0xdb,0xd6,0xdd,0xdb,0xd6,0xdd,0xdb,0xd6,
  0xdd,0xdb,0xd6,0xdd,0xdb,0xd6,0xdd,0xdb,0xd6,0xdd,0xdb,0xd6,0xdd,0xdb,0xd6,0xdd,
  0xdb,0xd6,0xdd,0xdb,0xd6,0xdd,0xdb,0xd6,0xdd,0xdb,0xd6,0xdd,0xdb,0xd6,0xdd,0xdb,
  0xd6,0xdd,0xdb,0xd6,0xdd,0xdb,0xd6,0xdd,0xdb,0xd6,0xdd,0xdb,0xd6,0xdd,0xdb,0xd6,
  0xdd,0xdb,0xd6,0xdd,0xdb,0xd6,0xdd,0xdb,0xd6,0xdd,0xdb,0xd6,0xdd,0xdb,0xd6,0xdd,
  0xdb,0xd6,0xdd,0xdb,0xd6,0xdd,0xdb,0xd6,0xdd,0xdb,0xd6,0xdd,0xdb,0xd6,0xdd,0xdb,
  0xd6,0xdd,0xdb,0xd6,0xdd,0xdb,0xd6,0xdd,0xdb,0xd6,0xdd,0xdb,0xd6,0xdd,0xdb,0xd6,
  0xdd,0xdb,0xd6,0xdd,0xdb,0xd6,0xdd,0xdb,0xd6,0xdd,0xdb,0xd6,0xdd,0xdb,0xd6,0xdd,
  0xdb,0xd6,0xdd,0xdb,0xd6,0xdd,0xdb,0xd6,0xdd,0xdb,0xd6,0xdd,0xdb,0xd6,0xdd,0xdb,
  0xd6,0xdd,0xdb,0xd6,0xdd,0xdb,0xd6,0xdd,0xdb,0xdc,0xe2,0xd5,0xab,0xb4,0xeb,0x10,
  0x2c,0xfc,0x13,0x38,0xe7,0x14,0x3b,0xbf,0xd,0x29,0xd1,0xe,0x2c,0xd6,0xf,0x2d,
  0xd8,0xf,0x2f,0xd5,0xf,0x2f,0xcd,0xe,0x2d,0xc1,0xb,0x29,0xb6,0x2,0x22,0xcb,
  0x36,0x53,0xda,0xd1,0xd9,0xdb,0xd7,0xdd,0xdb,0xd6,0xdd,0xdb,0xd6,0xdd,0xdb,0xd6,
  0xdd,0xdb,0xd6,0xdd,0xdb,0xd6,0xdd,0xdb,0xd6,0xdd,0xdb,0xd6,0xdd,0xdb,0xd6,0xdd,
  0xdb,0xd6,0xdd,0xdb,0xd6,0xdd,0xdb,0xd6,0xdd,0xdb,0xd6,0xdd,0xdb,0xd6,0xdd,0xdb,
  0xd6,0xdd,0xdb,0xd6,0xdd,0xdb,0xd6,0xdd,0xdc,0xde,0xe4,0xc3,0x6a,0x80,0xee,0x8,
  0x3e,0xff,0x16,0x58,0xff,0xe,0x56,0xeb,0x6b,0x8e,0xda,0xe2,0xe6,0xcd,0xb8,0xc1,
  0xae,0x11,0x2e,0xf3,0x10,0x3a,0xff,0x15,0x47,0xff,0x17,0x4f,0xff,0x16,0x50,0xfb,
  0x2a,0x5d,0xdc,0xca,0xd4,0xda,0xd7,0xde,0xdb,0xd6,0xdd,0xdb,0xd6,0xdd,0xdb,0xd6,
  0xdd,0xdb,0xd6,0xdd,0xdb,0xd6,0xdd,0xdb,0xd6,0xdd,0xdb,0xd6,0xdd,0xdb,0xd6,0xdd,
  0xdb,0xd6,0xdd,0xdb,0xd7,0xde,0xd8,0xcb,0xd2,0xd8,0xca,0xd1,0xdb,0xd7,0xde,0xdb,
  0xd6,0xdd,0xdb,0xd6,0xdd,0xdb,0xd6,0xdd,0xdb,0xd6,0xdd,0xdb,0xd6,0xdd,0xdb,0xd6,
  0xdd,0xdb,0xd6,0xdd,0xdb,0xd6,0xdd,0xdb,0xd6,0xdd,0xdb,0xd6,0xdd,0xdb,0xd6,0xdd,
  0xdb,0xd6,0xdd,0xdb,0xd6,0xdd,0xdb,0xd6,0xdd,0xdb,0xd6,0xdd,0xdb,0xd6,0xdd,0xdb,
  0xd6,0xdd,0xdb,0xd6,0xdd,0xdb,0xd6,0xdd,0xdb,0xd6,0xdd,0xdb,0xd6,0xdd,0xdb,0xd6,
  0xdd,0xdb,0xd6,0xdd,0xdb,0xd6,0xdd,0xdb,0xd6,0xdd,0xdb,0xd6,0xdd,0xdb,0xd6,0xdd,
  0xdb,0xd6,0xdd,0xdb,0xd6,0xdd,0xdb,0xd6,0xdd,0xdb,0xd6,0xdd,0xdb,0xd6,0xdd,0xdb,
  0xd6,0xdd,0xdb,0xd6,0xdd,0xdb,0xd6,0xdd,0xdb,0xd6,0xdd,0xdb,0xd6,0xdd,0xdb,0xd6,
  0xdd,0xdb,0xd6,0xdd,0xdb,0xd6,0xdd,0xdb,0xd6,0xdd,0xdb,0xd6,0xdd,0xdb,0xd6,0xdd,
  0xdb,0xd6,0xdd,0xdb,0xd6,0xdd,0xdb,0xd6,0xdd,0xdb,0xd6,0xdd,0xdb,0xd6,0xdd,0xdb,
  0xd6,0xdd,0xdb,0xd6,0xdd,0xdb,0xd6,0xdd,0xdb,0xd6,0xdd,0xdb,0xd6,0xdd,0xdb,0xd6,
  0xdd,0xdb,0xd6,0xdd,0xdb,0xd6,0xdd,0xdb,0xd6,0xdd,0xdb,0xd6,0xdd,0xdb,0xd6,0xdd,
  0xdb,0xd6,0xdd,0xdb,0xd6,0xdd,0xdb,0xd6,0xdd,0xdb,0xd6,0xdd,0xdb,0xd6,0xdd,0xdb,
  0xd6,0xdd,0xdb,0xd6,0xdd,0xdb,0xd6,0xdd,0xdb,0xd6,0xdd,0xd8,0xd6,0xdd,0xe2,0x3b,
  0x50,0xd1,0x9,0x24,0xa1,0xb,0x22,0xbb,0xd,0x28,0xcc,0xe,0x2c,0xd4,0xf,0x2f,
  0xd6,0xf,0x2f,0xd4,0xe,0x2f,0xd6,0xf,0x33,0xe4,0x12,0x3e,0xfb,0xc,0x41,0xf0,
  0x74,0x90,0xd9,0xdc,0xe2,0xdb,0xd6,0xdd,0xdb,0xd6,0xdd,0xdb,0xd6,0xdd,0xdb,0xd6,
  0xdd,0xdb,0xd6,0xdd,0xdb,0xd6,0xdd,0xdb,0xd6,0xdd,0xdb,0xd6,0xdd,0xdb,0xd6,0xdd,
  0xdb,0xd6,0xdd,0xdb,0xd6,0xdd,0xdb,0xd6,0xdd,0xdb,0xd6,0xdd,0xdb,0xd6,0xdd,0xdb,
  0xd6,0xdd,0xdb,0xd6,0xdd,0xdb,0xd6,0xdd,0xdc,0xdd,0xe3,0xc3,0x8a,0x9b,0xe2,0x9,
  0x3d,0xff,0x16,0x5a,0xff,0x15,0x5d,0xe4,0xa3,0xb9,0xdb,0xe1,0xe6,0xc6,0xa3,0xae,
  0xb0,0xa,0x2a,0xf6,0x12,0x3e,0xff,0x15,0x4b,0xff,0x18,0x53,0xff,0x15,0x53,0xfa,
  0x32,0x65,0xdb,0xcf,0xd7,0xda,0xd7,0xde,0xdb,0xd6,0xdd,0xdb,0xd6,0xdd,0xdb,0xd6,
  0xdd,0xdb,0xd6,0xdd,0xdb,0xd6,0xdd,0xdb,0xd6,0xdd,0xdb,0xd6,0xdd,0xdb,0xd6,0xdd,
  0xdb,0xd6,0xdd,0xd9,0xda,0xe0,0xd5,0x4f,0x5c,0xef,0x4c,0x5e,0xda,0xd8,0xdf,0xda,
  0xd6,0xdd,0xdb,0xd6,0xdd,0xdb,0xd6,0xdd,0xdb,0xd6,0xdd,0xdb,0xd6,0xdd,0xdb,0xd6,
  0xdd,0xdb,0xd6,0xdd,0xdb,0xd6,0xdd,0xdb,0xd6,0xdd,0xdb,0xd6,0xdd,0xdb,0xd6,0xdd,
  0xdb,0xd6,0xdd,0xdb,0xd6,0xdd,0xdb,0xd6,0xdd,0xdb,0xd6,0xdd,0xdb,0xd6,0xdd,0xdb,
  0xd6,0xdd,0xdb,0xd6,0xdd,0xdb,0xd6,0xdd,0xdb,0xd6,0xdd,0xdb,0xd6,0xdd,0xdb,0xd6,
  0xdd,0xdb,0xd6,0xdd,0xdb,0xd6,0xdd,0xdb,0xd6,0xdd,0xdb,0xd6,0xdd,0xdb,0xd6,0xdd,
  0xdb,0xd6,0xdd,0xdb,0xd6,0xdd,0xdb,0xd6,0xdd,0xdb,0xd6,0xdd,0xdb,0xd6,0xdd,0xdb,
  0xd6,0xdd,0xdb,0xd6,0xdd,0xdb,0xd6,0xdd,0xdb,0xd6,0xdd,0xdb,0xd6,0xdd,0xdb,0xd6,
  0xdd,0xdb,0xd6,0xdd,0xdb,0xd6,0xdd,0xdb,0xd6,0xdd,0xdb,0xd6,0xdd,0xdb,0xd6,0xdd,
  0xdb,0xd6,0xdd,0xdb,0xd6,0xdd,0xdb,0xd6,0xdd,0xdb,0xd6,0xdd,0xdb,0xd6,0xdd,0xdb,
  0xd6,0xdd,0xdb,0xd6,0xdd,0xdb,0xd6,0xdd,0xdb,0xd6,0xdd,0xdb,0xd6,0xdd,0xdb,0xd6,
  0xdd,0xdb,0xd6,0xdd,0xdb,0xd6,0xdd,0xdb,0xd6,0xdd,0xdb,0xd6,0xdd,0xdb,0xd6,0xdd,
  0xdb,0xd6,0xdd,0xdb,0xd6,0xdd,0xdb,0xd6,0xdd,0xdb,0xd6,0xdd,0xdb,0xd6,0xdd,0xdb,
  0xd6,0xdd,0xdb,0xd6,0xdd,0xdb,0xd6,0xdd,0xdb,0xd6,0xdd,0xdb,0xde,0xe4,0xd4,0x87,
  0x94,0xa6,0x5,0x1c,0xa1,0xb,0x24,0xbc,0xd,0x29,0xc8,0xe,0x2c,0xcf,0xe,0x2e,
  0xdb,0x10,0x35,0xed,0x13,0x42,0xfc,0x16,0x4d,0xff,0x15,0x4f,0xfe,0x1f,0x52,0xdf,
  0xbf,0xcb,0xda,0xd9,0xdf,0xdb,0xd6,0xdd,0xdb,0xd6,0xdd,0xdb,0xd6,0xdd,0xdb,0xd6,
  0xdd,0xdb,0xd6,0xdd,0xdb,0xd6,0xdd,0xdb,0xd6,0xdd,0xdb,0xd6,0xdd,0xdb,0xd6,0xdd,
  0xdb,0xd6,0xdd,0xdb,0xd6,0xdd,0xdb,0xd6,0xdd,0xdb,0xd6,0xdd,0xdb,0xd6,0xdd,0xdb,
  0xd6,0xdd,0xdb,0xd6,0xdd,0xdb,0xd6,0xdd,0xdb,0xd8,0xdf,0xd0,0xc0,0xc9,0xd5,0x1c,
  0x4a,0xff,0x11,0x5a,0xfa,0x31,0x71,0xdc,0xce,0xd7,0xdd,0xde,0xe4,0xc1,0x97,0xa4,
  0xb4,0x7,0x29,0xf9,0x12,0x41,0xff,0x16,0x4e,0xff,0x18,0x55,0xff,0x13,0x54,0xf6,
  0x45,0x73,0xda,0xd8,0xde,0xda,0xd6,0xdd,0xdb,0xd6,0xdd,0xdb,0xd6,0xdd,0xdb,0xd6,
  0xdd,0xdb,0xd6,0xdd,0xdb,0xd6,0xdd,0xdb,0xd6,0xdd,0xdb,0xd6,0xdd,0xdb,0xd6,0xdd,
  0xdb,0xd6,0xdd,0xd7,0xd8,0xdf,0xe0,0x3b,0x4c,0xfc,0x31,0x4a,0xdb,0xd4,0xdb,0xda,
  0xd6,0xdd,0xdb,0xd6,0xdd,0xdb,0xd6,0xdd,0xdb,0xd6,0xdd,0xdb,0xd6,0xdd,0xdb,0xd6,
  0xdd,0xdb,0xd6,0xdd,0xdb,0xd6,0xdd,0xdb,0xd6,0xdd,0xdb,0xd6,0xdd,0xdb,0xd6,0xdd,
  0xdb,0xd6,0xdd,0xdb,0xd6,0xdd,0xdb,0xd6,0xdd,0xdb,0xd6,0xdd,0xdb,0xd6,0xdd,0xdb,
  0xd6,0xdd,0xdb,0xd6,0xdd,0xdb,0xd6,0xdd,0xdb,0xd6,0xdd,0xdb,0xd6,0xdd,0xdb,0xd6,
  0xdd,0xdb,0xd6,0xdd,0xdb,0xd6,0xdd,0xdb,0xd6,0xdd,0xdb,0xd6,0xdd,0xdb,0xd6,0xdd,
  0xdb,0xd6,0xdd,0xdb,0xd6,0xdd,0xdb,0xd6,0xdd,0xdb,0xd6,0xdd,0xdb,0xd6,0xdd,0xdb,
  0xd6,0xdd,0xdb,0xd6,0xdd,0xdb,0xd6,0xdd,0xdb,0xd6,0xdd,0xdb,0xd6,0xdd,0xdb,0xd6,
  0xdd,0xdb,0xd6,0xdd,0xdb,0xd6,0xdd,0xdb,0xd6,0xdd,0xdb,0xd6,0xdd,0xdb,0xd6,0xdd,
  0xdb,0xd6,0xdd,0xdb,0xd6,0xdd,0xdb,0xd6,0xdd,0xdb,0xd6,0xdd,0xdb,0xd7,0xde,0xdb,
  0xdc,0xe3,0xda,0xdd,0xe4,0xdb,0xd9,0xe0,0xdb,0xd6,0xdd,0xdb,0xd6,0xdd,0xdb,0xd6,
  0xdd,0xdb,0xd6,0xdd,0xdb,0xd6,0xdd,0xdb,0xd6,0xdd,0xdb,0xd6,0xdd,0xdb,0xd6,0xdd,
  0xdb,0xd6,0xdd,0xdb,0xd6,0xdd,0xdb,0xd6,0xdd,0xdb,0xd6,0xdd,0xdb,0xd6,0xdd,0xdb,
  0xd6,0xdd,0xdb,0xd6,0xdd,0xdb,0xd6,0xdd,0xdb,0xd6,0xdd,0xdc,0xdb,0xe2,0xcc,0xac,
  0xb6,0x95,0xa,0x20,0xa4,0xb,0x24,0xba,0xd,0x2a,0xd4,0x10,0x35,0xee,0x14,0x43,
  0xfe,0x16,0x4f,0xff,0x17,0x53,0xff,0x17,0x52,0xff,0xe,0x4a,0xf3,0x56,0x7b,0xd9,
  0xdc,0xe1,0xda,0xd6,0xdd,0xdb,0xd6,0xdd,0xdb,0xd6,0xdd,0xdb,0xd6,0xdd,0xdb,0xd6,
  0xdd,0xdb,0xd6,0xdd,0xdb,0xd6,0xdd,0xdb,0xd6,0xdd,0xdb,0xd6,0xdd,0xdb,0xd6,0xdd,
  0xdb,0xd6,0xdd,0xdb,0xd6,0xdd,0xdb,0xd6,0xdd,0xdb,0xd6,0xdd,0xdb,0xd6,0xdd,0xdb,
  0xd6,0xdd,0xdb,0xd6,0xdd,0xdb,0xd6,0xdd,0xdb,0xd6,0xdd,0xd9,0xda,0xe0,0xc8,0x46,
  0x68,0xfe,0x7,0x50,0xf0,0x62,0x90,0xd9,0xdd,0xe1,0xdd,0xdb,0xe2,0xc5,0xa0,0xab,
  0xbb,0xa,0x2e,0xfb,0x12,0x44,0xff,0x16,0x50,0xff,0x18,0x57,0xff,0x11,0x54,0xf2,
  0x58,0x83,0xd9,0xdc,0xe1,0xdb,0xd6,0xdd,0xdb,0xd6,0xdd,0xdb,0xd6,0xdd,0xdb,0xd6,
  0xdd,0xdb,0xd6,0xdd,0xdb,0xd6,0xdd,0xdb,0xd6,0xdd,0xdb,0xd6,0xdd,0xdb,0xd6,0xdd,
  0xdb,0xd6,0xdd,0xd8,0xd9,0xdf,0xda,0x3c,0x4e,0xfa,0x33,0x4d,0xdb,0xd4,0xdc,0xda,
  0xd6,0xdd,0xdb,0xd6,0xdd,0xdb,0xd6,0xdd,0xdb,0xd6,0xdd,0xdb,0xd6,0xdd,0xdb,0xd6,
  0xdd,0xdb,0xd6,0xdd,0xdb,0xd6,0xdd,0xdb,0xd6,0xdd,0xdb,0xd6,0xdd,0xdb,0xd6,0xdd,
  0xdb,0xd6,0xdd,0xdb,0xd6,0xdd,0xdb,0xd6,0xdd,0xdb,0xd6,0xdd,0xdb,0xd6,0xdd,0xdb,
  0xd6,0xdd,0xdb,0xd6,0xdd,0xdb,0xd6,0xdd,0xdb,0xd6,0xdd,0xdb,0xd6,0xdd,0xdb,0xd6,
  0xdd,0xdb,0xd6,0xdd,0xdb,0xd6,0xdd,0xdb,0xd6,0xdd,0xdb,0xd6,0xdd,0xdb,0xd6,0xdd,
  0xdb,0xd6,0xdd,0xdb,0xd6,0xdd,0xdb,0xd6,0xdd,0xdb,0xd6,0xdd,0xdb,0xd6,0xdd,0xdb,
  0xd6,0xdd,0xdb,0xd6,0xdd,0xdb,0xd6,0xdd,0xdb,0xd6,0xdd,0xdb,0xd6,0xdd,0xdb,0xd6,
  0xdd,0xdb,0xd6,0xdd,0xdb,0xd6,0xdd,0xdb,0xd6,0xdd,0xdb,0xd6,0xdd,0xdb,0xd6,0xdd,
  0xdb,0xd6,0xdd,0xdb,0xd6,0xdd,0xdb,0xd6,0xdd,0xdb,0xd6,0xde,0xd9,0xd5,0xdc,0xcd,
  0x7a,0x84,0xd6,0x58,0x64,0xd9,0xbe,0xc5,0xdb,0xdb,0xe2,0xdb,0xd6,0xdd,0xdb,0xd6,
  0xdd,0xdb,0xd6,0xdd,0xdb,0xd6,0xdd,0xdb,0xd6,0xdd,0xdb,0xd6,0xdd,0xdb,0xd6,0xdd,
  0xdb,0xd6,0xdd,0xdb,0xd6,0xdd,0xdb,0xd6,0xdd,0xdb,0xd6,0xdd,0xdb,0xd6,0xdd,0xdb,
  0xd6,0xdd,0xdb,0xd6,0xdd,0xdb,0xd6,0xdd,0xdb,0xd6,0xdd,0xdd,0xdd,0xe3,0xb2,0x67,
  0x77,0x98,0x3,0x1c,0xc3,0xe,0x30,0xed,0x13,0x41,0xff,0x16,0x4c,0xff,0x17,0x50,
  0xff,0x17,0x52,0xff,0x17,0x53,0xff,0x16,0x53,0xff,0x16,0x50,0xe3,0xa8,0xb9,0xd9,
  0xdb,0xe1,0xdb,0xd6,0xdd,0xdb,0xd6,0xdd,0xdb,0xd6,0xdd,0xdb,0xd6,0xdd,0xdb,0xd6,
  0xdd,0xdb,0xd6,0xdd,0xdb,0xd6,0xdd,0xdb,0xd6,0xdd,0xdb,0xd6,0xdd,0xdb,0xd6,0xdd,
  0xdb,0xd6,0xdd,0xdb,0xd6,0xdd,0xdb,0xd6,0xdd,0xdb,0xd6,0xdd,0xdb,0xd6,0xdd,0xdb,
  0xd6,0xdd,0xdb,0xd6,0xdd,0xdb,0xd6,0xdd,0xdb,0xd6,0xdd,0xdb,0xdd,0xe3,0xc0,0x58,
  0x76,0xf9,0x3,0x49,0xee,0x76,0x9c,0xd9,0xde,0xe2,0xdc,0xd8,0xdf,0xcf,0xbd,0xc7,
  0xbd,0x17,0x3b,0xfb,0x11,0x45,0xff,0x16,0x53,0xff,0x18,0x5a,0xff,0xf,0x55,0xec,
  0x7c,0x9d,0xd9,0xde,0xe2,0xdb,0xd6,0xdd,0xdb,0xd6,0xdd,0xdb,0xd6,0xdd,0xdb,0xd6,
  0xdd,0xdb,0xd6,0xdd,0xdb,0xd6,0xdd,0xdb,0xd6,0xdd,0xdb,0xd6,0xdd,0xdb,0xd6,0xdd,
  0xdb,0xd6,0xdd,0xd8,0xd9,0xdf,0xd9,0x3c,0x50,0xfa,0x33,0x50,0xdb,0xd4,0xdc,0xda,
  0xd6,0xdd,0xdb,0xd6,0xdd,0xdb,0xd6,0xdd,0xdb,0xd6,0xdd,0xdb,0xd6,0xdd,0xdb,0xd6,
  0xdd,0xdb,0xd6,0xdd,0xdb,0xd6,0xdd,0xdb,0xd6,0xdd,0xdb,0xd6,0xdd,0xdb,0xd6,0xdd,
  0xdb,0xd6,0xdd,0xdb,0xd6,0xdd,0xdb,0xd6,0xdd,0xdb,0xd6,0xdd,0xdb,0xd6,0xdd,0xdb,
  0xd6,0xdd,0xdb,0xd6,0xdd,0xdb,0xd6,0xdd,0xdb,0xd6,0xdd,0xdb,0xd6,0xdd,0xdb,0xd6,
  0xdd,0xdb,0xd6,0xdd,0xdb,0xd6,0xdd,0xdb,0xd6,0xdd,0xdb,0xd6,0xdd,0xdb,0xd6,0xdd,
  0xdb,0xd6,0xdd,0xdb,0xd6,0xdd,0xdb,0xd6,0xdd,0xdb,0xd6,0xdd,0xdb,0xd6,0xdd,0xdb,
  0xd6,0xdd,0xdb,0xd6,0xdd,0xdb,0xd6,0xdd,0xdb,0xd6,0xdd,0xdb,0xd6,0xdd,0xdb,0xd6,
  0xdd,0xdb,0xd6,0xdd,0xdb,0xd6,0xdd,0xdb,0xd6,0xdd,0xdb,0xd6,0xdd,0xdb,0xd6,0xdd,
  0xdb,0xd6,0xdd,0xdb,0xd6,0xdd,0xdb,0xd6,0xdd,0xdb,0xdb,0xe1,0xd3,0xab,0xb3,0xeb,
  0xb,0x1e,0xff,0x8,0x20,0xee,0x2f,0x42,0xd8,0xc2,0xca,0xdb,0xdb,0xe2,0xdb,0xd6,
  0xdd,0xdb,0xd6,0xdd,0xdb,0xd6,0xdd,0xdb,0xd6,0xdd,0xdb,0xd6,0xdd,0xdb,0xd6,0xdd,
  0xdb,0xd6,0xdd,0xdb,0xd6,0xdd,0xdb,0xd6,0xdd,0xdb,0xd6,0xdd,0xdb,0xd6,0xdd,0xdb,
  0xd6,0xdd,0xdb,0xd6,0xdd,0xdb,0xd6,0xdd,0xdb,0xd6,0xdd,0xd9,0xd6,0xdc,0xc2,0x43,
  0x5b,0xe9,0x9,0x33,0xff,0x13,0x44,0xff,0x14,0x49,0xff,0x16,0x4c,0xff,0x16,0x50,
  0xff,0x17,0x53,0xff,0x17,0x55,0xff,0x11,0x52,0xf7,0x3e,0x6d,0xda,0xd6,0xdd,0xda,
  0xd6,0xdd,0xdb,0xd6,0xdd,0xdb,0xd6,0xdd,0xdb,0xd6,0xdd,0xdb,0xd6,0xdd,0xdb,0xd6,
  0xdd,0xdb,0xd6,0xdd,0xdb,0xd6,0xdd,0xdb,0xd6,0xdd,0xdb,0xd6,0xdd,0xdb,0xd6,0xdd,
  0xdb,0xd6,0xdd,0xdb,0xd6,0xdd,0xdb,0xd6,0xdd,0xdb,0xd6,0xdd,0xdb,0xd6,0xdd,0xdb,
  0xd6,0xdd,0xdb,0xd6,0xdd,0xdb,0xd6,0xdd,0xdb,0xd6,0xdd,0xdb,0xdd,0xe2,0xbf,0x57,
  0x76,0xf9,0x3,0x4d,0xed,0x74,0x9c,0xd9,0xde,0xe2,0xdb,0xd6,0xdd,0xd8,0xd5,0xdc,
  0xba,0x38,0x56,0xf4,0xd,0x41,0xff,0x15,0x53,0xff,0x15,0x58,0xfd,0x26,0x64,0xde,
  0xc4,0xcf,0xda,0xd8,0xde,0xdb,0xd6,0xdd,0xdb,0xd6,0xdd,0xdb,0xd6,0xdd,0xdb,0xd6,
  0xdd,0xdb,0xd6,0xdd,0xdb,0xd6,0xdd,0xdb,0xd6,0xdd,0xdb,0xd6,0xdd,0xdb,0xd6,0xdd,
  0xdb,0xd6,0xdd,0xd8,0xd9,0xdf,0xd8,0x3c,0x52,0xfa,0x33,0x54,0xdb,0xd4,0xdc,0xda,
  0xd6,0xdd,0xdb,0xd6,0xdd,0xdb,0xd6,0xdd,0xdb,0xd6,0xdd,0xdb,0xd6,0xdd,0xdb,0xd6,
  0xdd,0xdb,0xd6,0xdd,0xdb,0xd6,0xdd,0xdb,0xd6,0xdd,0xdb,0xd6,0xdd,0xdb,0xd6,0xdd,
  0xdb,0xd6,0xdd,0xdb,0xd6,0xdd,0xdb,0xd6,0xdd,0xdb,0xd6,0xdd,0xdb,0xd6,0xdd,0xdb,
  0xd6,0xdd,0xdb,0xd6,0xdd,0xdb,0xd6,0xdd,0xdb,0xd6,0xdd,0xdb,0xd6,0xdd,0xdb,0xd6,
  0xdd,0xdb,0xd6,0xdd,0xdb,0xd6,0xdd,0xdb,0xd6,0xdd,0xdb,0xd6,0xdd,0xdb,0xd6,0xdd,
  0xdb,0xd6,0xdd,0xdb,0xd6,0xdd,0xdb,0xd6,0xdd,0xdb,0xd6,0xdd,0xdb,0xd6,0xdd,0xdb,
  0xd6,0xdd,0xdb,0xd6,0xdd,0xdb,0xd6,0xdd,0xdb,0xd6,0xdd,0xdb,0xd6,0xdd,0xdb,0xd6,
  0xdd,0xdb,0xd6,0xdd,0xdb,0xd6,0xdd,0xdb,0xd6,0xdd,0xdb,0xd6,0xdd,0xdb,0xd6,0xdd,
  0xdb,0xd6,0xdd,0xdb,0xd6,0xdd,0xdb,0xd6,0xdd,0xda,0xdb,0xe1,0xda,0xa8,0xb1,0xfc,
  0xf,0x26,0xff,0x18,0x34,0xff,0xf,0x2a,0xed,0x3d,0x50,0xd7,0xc7,0xce,0xdb,0xda,
  0xe1,0xdb,0xd6,0xdd,0xdb,0xd6,0xdd,0xdb,0xd6,0xdd,0xdb,0xd6,0xdd,0xdb,0xd6,0xdd,
  0xdb,0xd6,0xdd,0xdb,0xd6,0xdd,0xdb,0xd6,0xdd,0xdb,0xd6,0xdd,0xdb,0xd6,0xdd,0xdb,
  0xd6,0xdd,0xdb,0xd6,0xdd,0xdb,0xd6,0xdd,0xdb,0xd6,0xdd,0xdb,0xd7,0xde,0xde,0xce,
  0xd8,0xd4,0x6b,0x81,0xe7,0xa,0x35,0xfc,0x12,0x43,0xff,0x14,0x49,0xff,0x16,0x4f,
  0xff,0x16,0x54,0xff,0x17,0x58,0xff,0x11,0x55,0xf4,0x48,0x75,0xd9,0xda,0xdf,0xda,
  0xd6,0xdd,0xdb,0xd6,0xdd,0xdb,0xd6,0xdd,0xdb,0xd6,0xdd,0xdb,0xd6,0xdd,0xdb,0xd6,
  0xdd,0xdb,0xd6,0xdd,0xdb,0xd6,0xdd,0xdb,0xd6,0xdd,0xdb,0xd6,0xdd,0xdb,0xd6,0xdd,
  0xdb,0xd6,0xdd,0xdb,0xd6,0xdd,0xdb,0xd6,0xdd,0xdb,0xd6,0xdd,0xdb,0xd6,0xdd,0xdb,
  0xd6,0xdd,0xdb,0xd6,0xdd,0xdb,0xd6,0xdd,0xdb,0xd6,0xdd,0xdb,0xdd,0xe2,0xbf,0x57,
  0x77,0xf8,0x3,0x50,0xed,0x74,0x9e,0xd9,0xde,0xe2,0xdb,0xd6,0xdd,0xdc,0xde,0xe4,
  0xbf,0x69,0x80,0xeb,0x9,0x3e,0xff,0x16,0x56,0xff,0xf,0x56,0xee,0x70,0x97,0xd9,
  0xde,0xe2,0xdb,0xd6,0xdd,0xdb,0xd6,0xdd,0xdb,0xd6,0xdd,0xdb,0xd6,0xdd,0xdb,0xd6,
  0xdd,0xdb,0xd6,0xdd,0xdb,0xd6,0xdd,0xdb,0xd6,0xdd,0xdb,0xd6,0xdd,0xdb,0xd6,0xdd,
  0xdb,0xd6,0xdd,0xd8,0xda,0xe0,0xd3,0x3d,0x54,0xf9,0x33,0x54,0xdb,0xd5,0xdc,0xda,
  0xd6,0xdd,0xdb,0xd6,0xdd,0xdb,0xd6,0xdd,0xdb,0xd6,0xdd,0xdb,0xd6,0xdd,0xdb,0xd6,
  0xdd,0xdb,0xd6,0xdd,0xdb,0xd6,0xdd,0xdb,0xd6,0xdd,0xdb,0xd6,0xdd,0xdb,0xd6,0xdd,
  0xdb,0xd6,0xdd,0xdb,0xd6,0xdd,0xdb,0xd6,0xdd,0xdb,0xd6,0xdd,0xdb,0xd6,0xdd,0xdb,
  0xd6,0xdd,0xdb,0xd6,0xdd,0xdb,0xd6,0xdd,0xdb,0xd6,0xdd,0xdb,0xd6,0xdd,0xdb,0xd6,
  0xdd,0xdb,0xd6,0xdd,0xdb,0xd6,0xdd,0xdb,0xd6,0xdd,0xdb,0xd6,0xdd,0xdb,0xd6,0xdd,
  0xdb,0xd6,0xdd,0xdb,0xd6,0xdd,0xdb,0xd6,0xdd,0xdb,0xd6,0xdd,0xdb,0xd6,0xdd,0xdb,
  0xd6,0xdd,0xdb,0xd6,0xdd,0xdb,0xd6,0xdd,0xdb,0xd6,0xdd,0xdb,0xd6,0xdd,0xdb,0xd6,
  0xdd,0xdb,0xd6,0xdd,0xdb,0xd6,0xdd,0xdb,0xd6,0xdd,0xdb,0xd6,0xdd,0xdb,0xd6,0xdd,
  0xdb,0xd6,0xdd,0xdb,0xd6,0xdd,0xdb,0xd6,0xdd,0xda,0xd7,0xdd,0xda,0xd5,0xdc,0xf2,
  0x51,0x63,0xff,0xd,0x29,0xff,0x18,0x38,0xff,0xc,0x2b,0xea,0x47,0x5b,0xd7,0xcf,
  0xd6,0xdb,0xd9,0xe0,0xdb,0xd6,0xdd,0xdb,0xd6,0xdd,0xdb,0xd6,0xdd,0xdb,0xd6,0xdd,
  0xdb,0xd6,0xdd,0xdb,0xd6,0xdd,0xdb,0xd6,0xdd,0xdb,0xd6,0xdd,0xdb,0xd6,0xdd,0xdb,
  0xd6,0xdd,0xdb,0xd6,0xdd,0xdb,0xd6,0xdd,0xdb,0xd6,0xdd,0xdb,0xd6,0xdd,0xdc,0xde,
  0xe4,0xcc,0xa0,0xac,0xdd,0xa,0x30,0xf8,0x11,0x3f,0xf5,0x11,0x41,0xfb,0x13,0x48,
  0xff,0x16,0x55,0xff,0x18,0x5e,0xff,0x12,0x5b,0xf4,0x48,0x77,0xda,0xd9,0xdf,0xda,
  0xd6,0xdd,0xdb,0xd6,0xdd,0xdb,0xd6,0xdd,0xdb,0xd6,0xdd,0xdb,0xd6,0xdd,0xdb,0xd6,
  0xdd,0xdb,0xd6,0xdd,0xdb,0xd6,0xdd,0xdb,0xd6,0xdd,0xdb,0xd6,0xdd,0xdb,0xd6,0xdd,
  0xdb,0xd6,0xdd,0xdb,0xd6,0xdd,0xdb,0xd6,0xdd,0xdb,0xd6,0xdd,0xdb,0xd6,0xdd,0xdb,
  0xd6,0xdd,0xdb,0xd6,0xdd,0xdb,0xd6,0xdd,0xdb,0xd6,0xdd,0xdb,0xdd,0xe2,0xbe,0x57,
  0x79,0xf8,0x3,0x53,0xed,0x74,0x9f,0xd9,0xde,0xe2,0xdb,0xd6,0xdd,0xdc,0xdd,0xe3,
  0xc6,0x94,0xa4,0xe2,0xb,0x40,0xff,0x14,0x58,0xfe,0x20,0x64,0xe0,0xb9,0xc9,0xda,
  0xd9,0xdf,0xdb,0xd6,0xdd,0xdb,0xd6,0xdd,0xdb,0xd6,0xdd,0xdb,0xd6,0xdd,0xdb,0xd6,
  0xdd,0xdb,0xd6,0xdd,0xdb,0xd6,0xdd,0xdb,0xd6,0xdd,0xdb,0xd6,0xdd,0xdb,0xd6,0xdd,
  0xdb,0xd7,0xde,0xd6,0xcf,0xd5,0xbc,0x29,0x40,0xf7,0x1c,0x3f,0xde,0xc4,0xce,0xda,
  0xd8,0xdf,0xdb,0xd6,0xdd,0xdb,0xd6,0xdd,0xdb,0xd6,0xdd,0xdb,0xd6,0xdd,0xdb,0xd6,
  0xdd,0xdb,0xd6,0xdd,0xdb,0xd6,0xdd,0xdb,0xd6,0xdd,0xdb,0xd6,0xdd,0xdb,0xd6,0xdd,
  0xdb,0xd6,0xdd,0xdb,0xd6,0xdd,0xdb,0xd6,0xdd,0xdb,0xd6,0xdd,0xdb,0xd6,0xdd,0xdb,
  0xd6,0xdd,0xdb,0xd6,0xdd,0xdb,0xd6,0xdd,0xdb,0xd6,0xdd,0xdb,0xd6,0xdd,0xdb,0xd6,
  0xdd,0xdb,0xd6,0xdd,0xdb,0xd6,0xdd,0xdb,0xd6,0xdd,0xdb,0xd6,0xdd,0xdb,0xd6,0xdd,
  0xdb,0xd6,0xdd,0xdb,0xd6,0xdd,0xdb,0xd6,0xdd,0xdb,0xd6,0xdd,0xdb,0xd6,0xdd,0xdb,
  0xd6,0xdd,0xdb,0xd6,0xdd,0xdb,0xd6,0xdd,0xdb,0xd6,0xdd,0xdb,0xd6,0xdd,0xdb,0xd6,
  0xdd,0xdb,0xd6,0xdd,0xdb,0xd6,0xdd,0xdb,0xd6,0xdd,0xdb,0xd6,0xdd,0xdb,0xd6,0xdd,
  0xdb,0xd6,0xdd,0xdb,0xd6,0xdd,0xdb,0xd6,0xdd,0xdb,0xd6,0xdd,0xda,0xd9,0xe0,0xdb,
  0xca,0xd1,0xf4,0x43,0x58,0xff,0xe,0x2f,0xff,0x18,0x3b,0xff,0xd,0x2e,0xe6,0x4f,
  0x63,0xd8,0xd6,0xdd,0xdb,0xd8,0xdf,0xdb,0xd6,0xdd,0xdb,0xd6,0xdd,0xdb,0xd6,0xdd,
  0xdb,0xd6,0xdd,0xdb,0xd6,0xdd,0xdb,0xd6,0xdd,0xdb,0xd6,0xdd,0xdb,0xd6,0xdd,0xdb,
  0xd6,0xdd,0xdb,0xd6,0xdd,0xdb,0xd6,0xdd,0xdb,0xd6,0xdd,0xdb,0xd6,0xdd,0xdc,0xda,
  0xe1,0xcf,0xad,0xb8,0xcd,0xf,0x34,0xf8,0x11,0x3f,0xfe,0x13,0x47,0xec,0x12,0x45,
  0xfd,0x13,0x4f,0xff,0x17,0x5e,0xff,0x12,0x5e,0xf4,0x48,0x7a,0xda,0xd9,0xdf,0xda,
  0xd6,0xdd,0xdb,0xd6,0xdd,0xdb,0xd6,0xdd,0xdb,0xd6,0xdd,0xdb,0xd6,0xdd,0xdb,0xd6,
  0xdd,0xdb,0xd6,0xdd,0xdb,0xd6,0xdd,0xdb,0xd6,0xdd,0xdb,0xd6,0xdd,0xdb,0xd6,0xdd,
  0xdb,0xd6,0xdd,0xdb,0xd6,0xdd,0xdb,0xd6,0xdd,0xdb,0xd6,0xdd,0xdb,0xd6,0xdd,0xdb,
  0xd6,0xdd,0xdb,0xd6,0xdd,0xdb,0xd6,0xdd,0xdb,0xd6,0xdd,0xdb,0xdd,0xe2,0xbd,0x57,
  0x79,0xf7,0x3,0x56,0xed,0x74,0xa0,0xd9,0xde,0xe2,0xdb,0xd6,0xdd,0xdc,0xdc,0xe2,
  0xc6,0x9e,0xac,0xdc,0xd,0x42,0xff,0xf,0x5a,0xf4,0x55,0x8a,0xd9,0xdd,0xe1,0xdb,
  0xd6,0xdd,0xdb,0xd6,0xdd,0xdb,0xd6,0xdd,0xdb,0xd6,0xdd,0xdb,0xd6,0xdd,0xdb,0xd6,
  0xdd,0xdb,0xd6,0xdd,0xdb,0xd6,0xdd,0xdb,0xd6,0xdd,0xdb,0xd6,0xdd,0xdb,0xd6,0xdd,
  0xdd,0xdb,0xe2,0xc7,0xa5,0xae,0xb6,0xa,0x27,0xfa,0xa,0x33,0xe7,0x8c,0xa0,0xd9,
  0xdd,0xe3,0xdb,0xd6,0xdd,0xdb,0xd6,0xdd,0xdb,0xd6,0xdd,0xdb,0xd6,0xdd,0xdb,0xd6,
  0xdd,0xdb,0xd6,0xdd,0xdb,0xd6,0xdd,0xdb,0xd6,0xdd,0xdb,0xd6,0xdd,0xdb,0xd6,0xdd,
  0xdb,0xd6,0xdd,0xdb,0xd6,0xdd,0xdb,0xd6,0xdd,0xdb,0xd6,0xdd,0xdb,0xd6,0xdd,0xdb,
  0xd6,0xdd,0xdb,0xd6,0xdd,0xdb,0xd6,0xdd,0xdb,0xd6,0xdd,0xdb,0xd6,0xdd,0xdb,0xd6,
  0xdd,0xdb,0xd6,0xdd,0xdb,0xd6,0xdd,0xdb,0xd6,0xdd,0xdb,0xd6,0xdd,0xdb,0xd6,0xdd,
  0xdb,0xd6,0xdd,0xdb,0xd6,0xdd,0xdb,0xd6,0xdd,0xdb,0xd6,0xdd,0xdb,0xd6,0xdd,0xdb,
  0xd6,0xdd,0xdb,0xd6,0xdd,0xdb,0xd6,0xdd,0xdb,0xd6,0xdd,0xdb,0xd6,0xdd,0xdb,0xd6,
  0xdd,0xdb,0xd6,0xdd,0xdb,0xd6,0xdd,0xdb,0xd6,0xdd,0xdb,0xd6,0xdd,0xdb,0xd6,0xdd,
  0xdb,0xd6,0xdd,0xdb,0xd6,0xdd,0xdb,0xd6,0xdd,0xdb,0xd6,0xdd,0xdb,0xd6,0xdd,0xda,
  0xdb,0xe1,0xdc,0xc7,0xcf,0xf5,0x3c,0x54,0xff,0x10,0x33,0xff,0x18,0x3e,0xff,0xe,
  0x32,0xe3,0x59,0x6d,0xd8,0xd8,0xdf,0xdb,0xd7,0xde,0xdb,0xd6,0xdd,0xdb,0xd6,0xdd,
  0xdb,0xd6,0xdd,0xdb,0xd6,0xdd,0xdb,0xd6,0xdd,0xdb,0xd6,0xdd,0xdb,0xd6,0xdd,0xdb,
  0xd6,0xdd,0xdb,0xd6,0xdd,0xdb,0xd6,0xdd,0xdb,0xd6,0xdd,0xdb,0xd6,0xdd,0xdb,0xd6,
  0xdd,0xd9,0xd6,0xdd,0xc0,0x3c,0x57,0xec,0xc,0x3d,0xff,0x16,0x54,0xfc,0x16,0x56,
  0xf1,0x12,0x4a,0xff,0x15,0x5a,0xff,0x12,0x60,0xf5,0x49,0x7e,0xda,0xda,0xe0,0xda,
  0xd6,0xdd,0xdb,0xd6,0xdd,0xdb,0xd6,0xdd,0xdb,0xd6,0xdd,0xdb,0xd6,0xdd,0xdb,0xd6,
  0xdd,0xdb,0xd6,0xdd,0xdb,0xd6,0xdd,0xdb,0xd6,0xdd,0xdb,0xd6,0xdd,0xdb,0xd6,0xdd,
  0xdb,0xd6,0xdd,0xdb,0xd6,0xdd,0xdb,0xd6,0xdd,0xdb,0xd6,0xdd,0xdb,0xd6,0xdd,0xdb,
  0xd6,0xdd,0xdb,0xd6,0xdd,0xdb,0xd6,0xdd,0xdb,0xd6,0xdd,0xdb,0xdd,0xe2,0xbc,0x57,
  0x7b,0xf6,0x3,0x58,0xec,0x74,0xa1,0xd9,0xde,0xe2,0xdb,0xd6,0xdd,0xdd,0xde,0xe4,
  0xbe,0x85,0x97,0xe1,0x9,0x44,0xff,0x10,0x62,0xf1,0x60,0x92,0xd9,0xdd,0xe1,0xdb,
  0xd6,0xdd,0xdb,0xd6,0xdd,0xdb,0xd6,0xdd,0xdb,0xd6,0xdd,0xdb,0xd6,0xdd,0xdb,0xd6,
  0xdd,0xdb,0xd6,0xdd,0xdb,0xd6,0xdd,0xdb,0xd6,0xdd,0xdb,0xd6,0xdd,0xdb,0xd6,0xdd,
  0xdd,0xde,0xe4,0xb8,0x69,0x79,0xd9,0x6,0x2d,0xff,0xc,0x40,0xf2,0x56,0x7a,0xda,
  0xdc,0xe2,0xda,0xd6,0xdd,0xdb,0xd6,0xdd,0xdb,0xd6,0xdd,0xdb,0xd6,0xdd,0xdb,0xd6,
  0xdd,0xdb,0xd6,0xdd,0xdb,0xd6,0xdd,0xdb,0xd6,0xdd,0xdb,0xd6,0xdd,0xdb,0xd6,0xdd,
  0xdb,0xd6,0xdd,0xdb,0xd6,0xdd,0xdb,0xd6,0xdd,0xdb,0xd6,0xdd,0xdb,0xd6,0xdd,0xdb,
  0xd6,0xdd,0xdb,0xd6,0xdd,0xdb,0xd6,0xdd,0xdb,0xd6,0xdd,0xdb,0xd6,0xdd,0xdb,0xd6,
  0xdd,0xdb,0xd6,0xdd,0xdb,0xd6,0xdd,0xdb,0xd6,0xdd,0xdb,0xd6,0xdd,0xdb,0xd6,0xdd,
  0xdb,0xd6,0xdd,0xdb,0xd6,0xdd,0xdb,0xd6,0xdd,0xdb,0xd6,0xdd,0xdb,0xd6,0xdd,0xdb,
  0xd6,0xdd,0xdb,0xd6,0xdd,0xdb,0xd6,0xdd,0xdb,0xd6,0xdd,0xdb,0xd6,0xdd,0xdb,0xd6,
  0xdd,0xdb,0xd6,0xdd,0xdb,0xd6,0xdd,0xdb,0xd6,0xdd,0xdb,0xd6,0xdd,0xdb,0xd6,0xdd,
  0xdb,0xd6,0xdd,0xdb,0xd6,0xdd,0xdb,0xd6,0xdd,0xdb,0xd6,0xdd,0xdb,0xd6,0xdd,0xdb,
  0xd6,0xdd,0xda,0xdb,0xe1,0xdc,0xc3,0xcb,0xf6,0x35,0x50,0xff,0x11,0x38,0xff,0x18,
  0x40,0xff,0xe,0x33,0xe1,0x69,0x7c,0xd8,0xda,0xe0,0xdc,0xdc,0xe2,0xdb,0xd6,0xdd,
  0xdb,0xd6,0xdd,0xdb,0xd6,0xdd,0xdb,0xd6,0xdd,0xdb,0xd6,0xdd,0xdb,0xd6,0xdd,0xdb,
  0xd6,0xdd,0xdb,0xd6,0xdd,0xdb,0xd6,0xdd,0xdb,0xd6,0xdd,0xdb,0xd6,0xdd,0xdb,0xd6,
  0xdd,0xdc,0xde,0xe3,0xc9,0x86,0x98,0xf2,0x8,0x3e,0xff,0x15,0x55,0xff,0x16,0x5a,
  0xf1,0x14,0x4f,0xf3,0x14,0x50,0xff,0x13,0x61,0xf6,0x3a,0x74,0xda,0xd3,0xda,0xda,
  0xd7,0xdd,0xdb,0xd6,0xdd,0xdb,0xd6,0xdd,0xdb,0xd6,0xdd,0xdb,0xd6,0xdd,0xdb,0xd6,
  0xdd,0xdb,0xd6,0xdd,0xdb,0xd6,0xdd,0xdb,0xd6,0xdd,0xdb,0xd6,0xdd,0xdb,0xd6,0xdd,
  0xdb,0xd6,0xdd,0xdb,0xd6,0xdd,0xdb,0xd6,0xdd,0xdb,0xd6,0xdd,0xdb,0xd6,0xdd,0xdb,
  0xd6,0xdd,0xdb,0xd6,0xdd,0xdb,0xd6,0xdd,0xdb,0xd6,0xdd,0xdb,0xdd,0xe2,0xbb,0x57,
  0x7b,0xf6,0x3,0x5b,0xea,0x74,0xa2,0xd9,0xde,0xe2,0xdb,0xd6,0xdd,0xdd,0xde,0xe3,
  0xc1,0x82,0x96,0xe8,0xa,0x49,0xff,0xf,0x64,0xec,0x7a,0xa4,0xd9,0xde,0xe2,0xdb,
  0xd6,0xdd,0xdb,0xd6,0xdd,0xdb,0xd6,0xdd,0xdb,0xd6,0xdd,0xdb,0xd6,0xdd,0xdb,0xd6,
  0xdd,0xdb,0xd6,0xdd,0xdb,0xd6,0xdd,0xdb,0xd6,0xdd,0xdb,0xd6,0xdd,0xdb,0xd6,0xdd,
  0xdc,0xdd,0xe3,0xb1,0x50,0x64,0xe2,0x8,0x33,0xff,0xe,0x47,0xf5,0x4a,0x74,0xda,
  0xda,0xe0,0xda,0xd6,0xdd,0xdb,0xd6,0xdd,0xdb,0xd6,0xdd,0xdb,0xd6,0xdd,0xdb,0xd6,
  0xdd,0xdb,0xd6,0xdd,0xdb,0xd6,0xdd,0xdb,0xd6,0xdd,0xdb,0xd6,0xdd,0xdb,0xd6,0xdd,
  0xdb,0xd6,0xdd,0xdb,0xd6,0xdd,0xdb,0xd6,0xdd,0xdb,0xd6,0xdd,0xdb,0xd6,0xdd,0xdb,
  0xd6,0xdd,0xdb,0xd6,0xdd,0xdb,0xd6,0xdd,0xdb,0xd6,0xdd,0xdb,0xd6,0xdd,0xdb,0xd6,
  0xdd,0xdb,0xd6,0xdd,0xdb,0xd6,0xdd,0xdb,0xd6,0xdd,0xdb,0xd6,0xdd,0xdb,0xd6,0xdd,
  0xdb,0xd6,0xdd,0xdb,0xd6,0xdd,0xdb,0xd6,0xdd,0xdb,0xd6,0xdd,0xdb,0xd6,0xdd,0xdb,
  0xd6,0xdd,0xdb,0xd6,0xdd,0xdb,0xd6,0xdd,0xdb,0xd6,0xdd,0xdb,0xd6,0xdd,0xdb,0xd6,
  0xdd,0xdb,0xd6,0xdd,0xdb,0xd6,0xdd,0xdb,0xd6,0xdd,0xdb,0xd6,0xdd,0xdb,0xd6,0xdd,
  0xdb,0xd6,0xdd,0xdb,0xd6,0xdd,0xdb,0xd6,0xdd,0xdb,0xd6,0xdd,0xdb,0xd6,0xdd,0xdb,
  0xd6,0xdd,0xdb,0xd6,0xdd,0xda,0xdb,0xe2,0xdd,0xbf,0xc8,0xf7,0x2f,0x4d,0xff,0x12,
  0x3c,0xff,0x18,0x43,0xfd,0xe,0x36,0xd9,0x51,0x67,0xcf,0xad,0xb7,0xd9,0xd9,0xdf,
  0xdd,0xdd,0xe3,0xdb,0xd7,0xdd,0xdb,0xd6,0xdd,0xdb,0xd6,0xdd,0xdb,0xd6,0xdd,0xdb,
  0xd6,0xdd,0xdb,0xd6,0xdd,0xdb,0xd6,0xdd,0xdb,0xd6,0xdd,0xdb,0xd6,0xdd,0xdb,0xd6,
  0xdd,0xdb,0xd7,0xde,0xd7,0xcc,0xd5,0xdd,0x35,0x5c,0xfe,0xc,0x49,0xff,0x15,0x5b,
  0xfd,0x23,0x62,0xdd,0x50,0x75,0xfe,0x10,0x58,0xfe,0x17,0x61,0xdf,0xb1,0xc2,0xda,
  0xda,0xe0,0xdb,0xd6,0xdd,0xdb,0xd6,0xdd,0xdb,0xd6,0xdd,0xdb,0xd6,0xdd,0xdb,0xd6,
  0xdd,0xdb,0xd6,0xdd,0xdb,0xd6,0xdd,0xdb,0xd6,0xdd,0xdb,0xd6,0xdd,0xdb,0xd6,0xdd,
  0xdb,0xd6,0xdd,0xdb,0xd6,0xdd,0xdb,0xd6,0xdd,0xdb,0xd6,0xdd,0xdb,0xd6,0xdd,0xdb,
  0xd6,0xdd,0xdb,0xd6,0xdd,0xdb,0xd6,0xdd,0xdb,0xd6,0xdd,0xdb,0xdd,0xe2,0xba,0x57,
  0x7d,0xf5,0x3,0x5e,0xeb,0x74,0xa4,0xd9,0xde,0xe1,0xdb,0xd6,0xdd,0xdc,0xde,0xe3,
  0xb9,0x65,0x7e,0xed,0xb,0x4e,0xff,0x10,0x67,0xea,0x85,0xaa,0xd9,0xde,0xe2,0xdb,
  0xd6,0xdd,0xdb,0xd6,0xdd,0xdb,0xd6,0xdd,0xdb,0xd6,0xdd,0xdb,0xd6,0xdd,0xdb,0xd6,
  0xdd,0xdb,0xd6,0xdd,0xdb,0xd6,0xdd,0xdb,0xd6,0xdd,0xdb,0xd6,0xdd,0xdb,0xd6,0xdd,
  0xdc,0xdd,0xe3,0xb2,0x50,0x66,0xe4,0x9,0x38,0xff,0xf,0x4d,0xf5,0x4a,0x78,0xda,
  0xda,0xe0,0xda,0xd6,0xdd,0xdb,0xd6,0xdd,0xdb,0xd6,0xdd,0xdb,0xd6,0xdd,0xdb,0xd6,
  0xdd,0xdb,0xd6,0xdd,0xdb,0xd6,0xdd,0xdb,0xd6,0xdd,0xdb,0xd6,0xdd,0xdb,0xd6,0xdd,
  0xdb,0xd6,0xdd,0xdb,0xd6,0xdd,0xdb,0xd6,0xdd,0xdb,0xd6,0xdd,0xdb,0xd6,0xdd,0xdb,
  0xd6,0xdd,0xdb,0xd6,0xdd,0xdb,0xd6,0xdd,0xdb,0xd6,0xdd,0xdb,0xd6,0xdd,0xdb,0xd6,
  0xdd,0xdb,0xd6,0xdd,0xdb,0xd6,0xdd,0xdb,0xd6,0xdd,0xdb,0xd6,0xdd,0xdb,0xd6,0xdd,
  0xdb,0xd6,0xdd,0xdb,0xd6,0xdd,0xdb,0xd6,0xdd,0xdb,0xd6,0xdd,0xdb,0xd6,0xdd,0xdb,
  0xd6,0xdd,0xdb,0xd6,0xdd,0xdb,0xd6,0xdd,0xdb,0xd6,0xdd,0xdb,0xd6,0xdd,0xdb,0xd6,
  0xdd,0xdb,0xd6,0xdd,0xdb,0xd6,0xdd,0xdb,0xd6,0xdd,0xdb,0xd6,0xdd,0xdb,0xd6,0xdd,
  0xdb,0xd6,0xdd,0xdb,0xd6,0xdd,0xdb,0xd6,0xdd,0xdb,0xd6,0xdd,0xdb,0xd6,0xdd,0xdb,
  0xd6,0xdd,0xdb,0xd6,0xdd,0xdb,0xd6,0xdd,0xda,0xdc,0xe2,0xde,0xba,0xc4,0xf9,0x29,
  0x4b,0xff,0x13,0x41,0xff,0x17,0x46,0xfe,0xc,0x35,0xe4,0x10,0x31,0xc9,0x46,0x5d,
  0xca,0x9f,0xab,0xd9,0xd7,0xdd,0xdb,0xd7,0xde,0xdb,0xd6,0xdd,0xdb,0xd6,0xdd,0xdb,
  0xd6,0xdd,0xdb,0xd6,0xdd,0xdb,0xd6,0xdd,0xdb,0xd6,0xdd,0xdb,0xd6,0xdd,0xdb,0xd6,
  0xdd,0xdb,0xd6,0xdd,0xdb,0xda,0xe1,0xd5,0xbe,0xc8,0xe3,0x2f,0x5c,0xfe,0xd,0x4f,
  0xfa,0x15,0x53,0xd2,0x75,0x90,0xf1,0x19,0x5a,0xff,0xe,0x60,0xe7,0x72,0x98,0xd9,
  0xde,0xe2,0xdb,0xd6,0xdd,0xdb,0xd6,0xdd,0xdb,0xd6,0xdd,0xdb,0xd6,0xdd,0xdb,0xd6,
  0xdd,0xdb,0xd6,0xdd,0xdb,0xd6,0xdd,0xdb,0xd6,0xdd,0xdb,0xd6,0xdd,0xdb,0xd6,0xdd,
  0xdb,0xd6,0xdd,0xdb,0xd6,0xdd,0xdb,0xd6,0xdd,0xdb,0xd6,0xdd,0xdb,0xd6,0xdd,0xdb,
  0xd6,0xdd,0xdb,0xd6,0xdd,0xdb,0xd6,0xdd,0xdb,0xd6,0xdd,0xdb,0xdd,0xe2,0xb9,0x57,
  0x7e,0xf4,0x3,0x61,0xeb,0x74,0xa5,0xd9,0xde,0xe1,0xdb,0xd6,0xdd,0xdc,0xde,0xe3,
  0xbc,0x5f,0x7c,0xf2,0xb,0x54,0xff,0x13,0x6b,0xe5,0x9e,0xbb,0xd9,0xdc,0xe0,0xdb,
  0xd6,0xdd,0xdb,0xd6,0xdd,0xdb,0xd6,0xdd,0xdb,0xd6,0xdd,0xdb,0xd6,0xdd,0xdb,0xd6,
  0xdd,0xdb,0xd6,0xdd,0xdb,0xd6,0xdd,0xdb,0xd6,0xdd,0xdb,0xd6,0xdd,0xdb,0xd6,0xdd,
  0xdc,0xde,0xe3,0xbd,0x64,0x79,0xee,0xa,0x40,0xff,0x10,0x57,0xf3,0x59,0x88,0xda,
  0xdc,0xe0,0xda,0xd6,0xdd,0xdb,0xd6,0xdd,0xdb,0xd6,0xdd,0xdb,0xd6,0xdd,0xdb,0xd6,
  0xdd,0xdb,0xd6,0xdd,0xdb,0xd6,0xdd,0xdb,0xd6,0xdd,0xdb,0xd6,0xdd,0xdb,0xd6,0xdd,
  0xdb,0xd6,0xdd,0xdb,0xd6,0xdd,0xdb,0xd6,0xdd,0xdb,0xd6,0xdd,0xdb,0xd6,0xdd,0xdb,
  0xd6,0xdd,0xdb,0xd6,0xdd,0xdb,0xd6,0xdd,0xdb,0xd6,0xdd,0xdb,0xd6,0xdd,0xdb,0xd6,
  0xdd,0xdb,0xd6,0xdd,0xdb,0xd6,0xdd,0xdb,0xd6,0xdd,0xdb,0xd6,0xdd,0xdb,0xd6,0xdd,
  0xdb,0xd6,0xdd,0xdb,0xd6,0xdd,0xdb,0xd6,0xdd,0xdb,0xd6,0xdd,0xdb,0xd6,0xdd,0xdb,
  0xd6,0xdd,0xdb,0xd6,0xdd,0xdb,0xd6,0xdd,0xdb,0xd6,0xdd,0xdb,0xd6,0xdd,0xdb,0xd6,
  0xdd,0xdb,0xd6,0xdd,0xdb,0xd6,0xdd,0xdb,0xd6,0xdd,0xdb,0xd6,0xdd,0xdb,0xd6,0xdd,
  0xdb,0xd6,0xdd,0xdb,0xd6,0xdd,0xdb,0xd6,0xdd,0xdb,0xd6,0xdd,0xdb,0xd6,0xdd,0xdb,
  0xd6,0xdd,0xdb,0xd6,0xdd,0xdb,0xd6,0xdd,0xdb,0xd6,0xdd,0xd9,0xdc,0xe2,0xdf,0xb5,
  0xbf,0xfa,0x24,0x4a,0xff,0x14,0x42,0xff,0x16,0x44,0xff,0x13,0x40,0xf9,0xb,0x35,
  0xda,0x7,0x2b,0xce,0x6f,0x83,0xda,0xde,0xe4,0xdb,0xd6,0xdd,0xdb,0xd6,0xdd,0xdb,
  0xd6,0xdd,0xdb,0xd6,0xdd,0xdb,0xd6,0xdd,0xdb,0xd6,0xdd,0xdb,0xd6,0xdd,0xdb,0xd6,
  0xdd,0xdb,0xd6,0xdd,0xdb,0xd6,0xdd,0xdb,0xdd,0xe2,0xd4,0xb7,0xc3,0xd5,0x26,0x53,
  0xfa,0x8,0x49,0xda,0x56,0x7c,0xdf,0x38,0x6a,0xff,0xe,0x62,0xf3,0x3b,0x78,0xd9,
  0xd4,0xdb,0xda,0xd6,0xdd,0xdb,0xd6,0xdd,0xdb,0xd6,0xdd,0xdb,0xd6,0xdd,0xdb,0xd6,
  0xdd,0xdb,0xd6,0xdd,0xdb,0xd6,0xdd,0xdb,0xd6,0xdd,0xdb,0xd6,0xdd,0xdb,0xd6,0xdd,
  0xdb,0xd6,0xdd,0xdb,0xd6,0xdd,0xdb,0xd6,0xdd,0xdb,0xd6,0xdd,0xdb,0xd6,0xdd,0xdb,
  0xd6,0xdd,0xdb,0xd6,0xdd,0xdb,0xd6,0xdd,0xdb,0xd6,0xdd,0xdb,0xdd,0xe2,0xb8,0x57,
  0x7f,0xf3,0x3,0x64,0xea,0x74,0xa7,0xd9,0xde,0xe1,0xdd,0xdb,0xe1,0xdb,0xe1,0xe5,
  0xb6,0x44,0x68,0xf7,0xe,0x5b,0xff,0x17,0x70,0xe3,0xa8,0xc1,0xd9,0xdb,0xdf,0xdb,
  0xd6,0xdd,0xdb,0xd6,0xdd,0xdb,0xd6,0xdd,0xdb,0xd6,0xdd,0xdb,0xd6,0xdd,0xdb,0xd6,
  0xdd,0xdb,0xd6,0xdd,0xdb,0xd6,0xdd,0xdb,0xd6,0xdd,0xdb,0xd6,0xdd,0xdb,0xd6,0xdd,
  0xdc,0xdc,0xe2,0xc8,0xa0,0xae,0xe1,0xd,0x42,0xff,0x10,0x5a,0xe8,0x90,0xae,0xd9,
  0xdd,0xe2,0xdb,0xd6,0xdd,0xdb,0xd6,0xdd,0xdb,0xd6,0xdd,0xdb,0xd6,0xdd,0xdb,0xd6,
  0xdd,0xdb,0xd6,0xdd,0xdb,0xd6,0xdd,0xdb,0xd6,0xdd,0xdb,0xd6,0xdd,0xdb,0xd6,0xdd,
  0xdb,0xd6,0xdd,0xdb,0xd6,0xdd,0xdb,0xd6,0xdd,0xdb,0xd6,0xdd,0xdb,0xd6,0xdd,0xdb,
  0xd6,0xdd,0xdb,0xd6,0xdd,0xdb,0xd6,0xdd,0xdb,0xd6,0xdd,0xdc,0xd8,0xdf,0xdb,0xde,
  0xe4,0xdb,0xd7,0xde,0xdb,0xd6,0xdd,0xdb,0xd6,0xdd,0xdb,0xd6,0xdd,0xdb,0xd6,0xdd,
  0xdb,0xd6,0xdd,0xdb,0xd6,0xdd,0xdb,0xd6,0xdd,0xdb,0xd6,0xdd,0xdb,0xd6,0xdd,0xdb,
  0xd6,0xdd,0xdb,0xd6,0xdd,0xdb,0xd6,0xdd,0xdb,0xd6,0xdd,0xdb,0xd6,0xdd,0xdb,0xd6,
  0xdd,0xdb,0xd6,0xdd,0xdb,0xd6,0xdd,0xdb,0xd6,0xdd,0xdb,0xd6,0xdd,0xdb,0xd6,0xdd,
  0xdb,0xd6,0xdd,0xdb,0xd6,0xdd,0xdb,0xd6,0xdd,0xdb,0xd6,0xdd,0xdb,0xd6,0xdd,0xdb,
  0xd6,0xdd,0xdb,0xd6,0xdd,0xdb,0xd6,0xdd,0xdb,0xd6,0xdd,0xdb,0xd6,0xdd,0xd9,0xe0,
  0xe6,0xe0,0x81,0x93,0xff,0xc,0x37,0xff,0x17,0x46,0xff,0x16,0x47,0xff,0x15,0x45,
  0xff,0x12,0x40,0xf1,0xf,0x3a,0xd2,0x83,0x95,0xda,0xdc,0xe2,0xdb,0xd6,0xdd,0xdb,
  0xd6,0xdd,0xdb,0xd6,0xdd,0xdb,0xd6,0xdd,0xdb,0xd6,0xdd,0xdb,0xd6,0xdd,0xdb,0xd6,
  0xdd,0xdb,0xd6,0xdd,0xdb,0xd6,0xdd,0xdb,0xd6,0xdd,0xdc,0xe1,0xe6,0xca,0x79,0x92,
  0xec,0x7,0x46,0xed,0x27,0x60,0xd2,0x59,0x7e,0xfe,0xf,0x5f,0xfc,0x18,0x68,0xdc,
  0xb2,0xc3,0xda,0xda,0xe0,0xdb,0xd6,0xdd,0xdb,0xd6,0xdd,0xdb,0xd6,0xdd,0xdb,0xd6,
  0xdd,0xdb,0xd6,0xdd,0xdb,0xd6,0xdd,0xdb,0xd6,0xdd,0xdb,0xd6,0xdd,0xdb,0xd6,0xdd,
  0xdb,0xd6,0xdd,0xdb,0xd6,0xdd,0xdb,0xd7,0xde,0xdc,0xd9,0xdf,0xdb,0xd6,0xdd,0xdb,
  0xd6,0xdd,0xdb,0xd6,0xdd,0xdb,0xd6,0xdd,0xdb,0xd6,0xdd,0xdb,0xdd,0xe2,0xb8,0x57,
  0x80,0xf2,0x3,0x67,0xe9,0x74,0xa8,0xdb,0xe2,0xe4,0xcb,0xad,0xbc,0xc6,0x91,0xa9,
  0xbb,0x3e,0x66,0xfa,0xf,0x60,0xff,0x1e,0x76,0xe0,0xba,0xcd,0xda,0xd9,0xdf,0xdb,
  0xd6,0xdd,0xdb,0xd6,0xdd,0xdb,0xd6,0xdd,0xdb,0xd6,0xdd,0xdb,0xd6,0xdd,0xdb,0xd6,
  0xdd,0xdb,0xd6,0xdd,0xdb,0xd6,0xdd,0xdb,0xd6,0xdd,0xdb,0xd6,0xdd,0xdb,0xd6,0xdd,
  0xdb,0xd7,0xde,0xd4,0xcf,0xd6,0xd3,0x2d,0x59,0xfe,0x20,0x64,0xde,0xc1,0xcf,0xda,
  0xd8,0xde,0xdb,0xd6,0xdd,0xdb,0xd6,0xdd,0xdb,0xd6,0xdd,0xdb,0xd6,0xdd,0xdb,0xd6,
  0xdd,0xdb,0xd6,0xdd,0xdb,0xd6,0xdd,0xdb,0xd6,0xdd,0xdb,0xd6,0xdd,0xdb,0xd6,0xdd,
  0xdb,0xd6,0xdd,0xdb,0xd6,0xdd,0xdb,0xd6,0xdd,0xdb,0xd6,0xdd,0xdb,0xd6,0xdd,0xdb,
  0xd6,0xdd,0xdb,0xd6,0xdd,0xdb,0xd6,0xdd,0xdb,0xd8,0xdf,0xd4,0xc2,0xc9,0xd3,0x68,
  0x74,0xde,0xc9,0xd1,0xdb,0xd7,0xde,0xdb,0xd6,0xdd,0xdb,0xd6,0xdd,0xdb,0xd6,0xdd,
  0xdb,0xd6,0xdd,0xdb,0xd6,0xdd,0xdb,0xd6,0xdd,0xdb,0xd6,0xdd,0xdb,0xd6,0xdd,0xdb,
  0xd6,0xdd,0xdb,0xd6,0xdd,0xdb,0xd6,0xdd,0xdb,0xd6,0xdd,0xdb,0xd6,0xdd,0xdb,0xd6,
  0xdd,0xdb,0xd6,0xdd,0xdb,0xd6,0xdd,0xdb,0xd6,0xdd,0xdb,0xd6,0xdd,0xdb,0xd6,0xdd,
  0xdb,0xd6,0xdd,0xdb,0xd6,0xdd,0xdb,0xd6,0xdd,0xdb,0xd6,0xdd,0xdb,0xd6,0xdd,0xdb,
  0xd6,0xdd,0xdb,0xd6,0xdd,0xdb,0xd6,0xdd,0xdb,0xd6,0xdd,0xdb,0xd6,0xdd,0xdb,0xd8,
  0xdf,0xd7,0xc2,0xcb,0xef,0x1f,0x42,0xff,0x14,0x43,0xff,0x17,0x49,0xff,0x16,0x4a,
  0xff,0x16,0x4c,0xff,0x13,0x48,0xeb,0xe,0x3b,0xd3,0x96,0xa6,0xdb,0xdc,0xe2,0xdb,
  0xd6,0xdd,0xdb,0xd6,0xdd,0xdb,0xd6,0xdd,0xdb,0xd6,0xdd,0xdb,0xd6,0xdd,0xdb,0xd6,
  0xdd,0xdb,0xd6,0xdd,0xdb,0xd6,0xdd,0xdb,0xd6,0xdd,0xdb,0xd9,0xdf,0xd1,0xbc,0xc6,
  0xd4,0x19,0x4f,0xf7,0xe,0x54,0xd2,0x55,0x7c,0xf0,0x1b,0x62,0xff,0xe,0x68,0xe6,
  0x7b,0xa2,0xd9,0xde,0xe2,0xdb,0xd6,0xdd,0xdb,0xd6,0xdd,0xdb,0xd6,0xdd,0xdb,0xd6,
  0xdd,0xdb,0xd6,0xdd,0xdb,0xd6,0xdd,0xdb,0xd6,0xdd,0xdb,0xd6,0xdd,0xdb,0xd6,0xdd,
  0xdb,0xd6,0xdd,0xdb,0xd7,0xde,0xd9,0xd3,0xdb,0xcf,0xc0,0xca,0xda,0xd8,0xde,0xdb,
  0xd6,0xdd,0xdb,0xd6,0xdd,0xdb,0xd6,0xdd,0xdb,0xd6,0xdd,0xdb,0xdd,0xe2,0xb7,0x58,
  0x81,0xf1,0x3,0x6a,0xe9,0x74,0xa9,0xd6,0xde,0xe0,0xaa,0x36,0x65,0xdd,0x9,0x5f,
  0xbd,0x12,0x4c,0xfd,0x13,0x68,0xfd,0x28,0x7e,0xde,0xc4,0xd2,0xda,0xd8,0xde,0xdb,
  0xd6,0xdd,0xdb,0xd6,0xdd,0xdb,0xd6,0xdd,0xdb,0xd6,0xdd,0xdb,0xd6,0xdd,0xdb,0xd6,
  0xdd,0xdb,0xd6,0xdd,0xdb,0xd6,0xdd,0xdb,0xd6,0xdd,0xdb,0xd6,0xdd,0xdb,0xd6,0xdd,
  0xdb,0xd6,0xdd,0xd8,0xda,0xdf,0xc6,0x3d,0x63,0xf8,0x33,0x6f,0xdb,0xd5,0xdd,0xda,
  0xd6,0xdd,0xdb,0xd6,0xdd,0xdb,0xd6,0xdd,0xdb,0xd6,0xdd,0xdb,0xd6,0xdd,0xdb,0xd6,
  0xdd,0xdb,0xd6,0xdd,0xdb,0xd6,0xdd,0xdb,0xd6,0xdd,0xdb,0xd6,0xdd,0xdb,0xd6,0xdd,
  0xdb,0xd6,0xdd,0xdb,0xd6,0xdd,0xdb,0xd6,0xdd,0xdb,0xd6,0xdd,0xdb,0xd6,0xdd,0xdb,
  0xd6,0xdd,0xdb,0xd6,0xdd,0xdb,0xd6,0xdd,0xdb,0xde,0xe5,0xc9,0x6b,0x76,0xf7,0x5,
  0x1d,0xe2,0xb1,0xbc,0xda,0xda,0xe1,0xdb,0xd6,0xdd,0xdb,0xd6,0xdd,0xdb,0xd6,0xdd,
  0xdb,0xd6,0xdd,0xdb,0xd6,0xdd,0xdb,0xd6,0xdd,0xdb,0xd6,0xdd,0xdb,0xd6,0xdd,0xdb,
  0xd6,0xdd,0xdb,0xd6,0xdd,0xdb,0xd6,0xdd,0xdb,0xd6,0xdd,0xdb,0xd6,0xdd,0xdb,0xd6,
  0xdd,0xdb,0xd6,0xdd,0xdb,0xd6,0xdd,0xdb,0xd6,0xdd,0xdb,0xd6,0xdd,0xdb,0xd6,0xdd,
  0xdb,0xd6,0xdd,0xdb,0xd6,0xdd,0xdb,0xd6,0xdd,0xdb,0xd6,0xdd,0xdb,0xd6,0xdd,0xdb,
  0xd6,0xdd,0xdb,0xd6,0xdd,0xdb,0xd6,0xdd,0xdb,0xd6,0xdd,0xdb,0xd6,0xdd,0xdb,0xd6,
  0xdd,0xd9,0xdd,0xe3,0xdc,0x63,0x79,0xff,0xb,0x39,0xff,0x16,0x49,0xff,0x17,0x4e,
  0xff,0x18,0x53,0xff,0x17,0x51,0xff,0x10,0x48,0xea,0x26,0x50,0xd8,0xc7,0xd0,0xdb,
  0xd8,0xde,0xdb,0xd6,0xdd,0xdb,0xd6,0xdd,0xdb,0xd6,0xdd,0xdb,0xd6,0xdd,0xdb,0xd6,
  0xdd,0xdb,0xd6,0xdd,0xdb,0xd6,0xdd,0xdb,0xd6,0xdd,0xdb,0xd6,0xdd,0xda,0xdc,0xe1,
  0xc6,0x50,0x75,0xef,0x7,0x4e,0xdf,0x34,0x6b,0xdc,0x2f,0x68,0xff,0xe,0x6a,0xf3,
  0x43,0x83,0xda,0xda,0xdf,0xda,0xd6,0xdd,0xdb,0xd6,0xdd,0xdb,0xd6,0xdd,0xdb,0xd6,
  0xdd,0xdb,0xd6,0xdd,0xdb,0xd6,0xdd,0xdb,0xd6,0xdd,0xdb,0xd6,0xdd,0xdb,0xd6,0xdd,
  0xdb,0xd6,0xdd,0xdd,0xdf,0xe3,0xb6,0x70,0x8e,0xc2,0x10,0x56,0xdb,0x93,0xb2,0xda,
  0xdb,0xe0,0xdb,0xd6,0xdd,0xdb,0xd6,0xdd,0xdb,0xd6,0xdd,0xdc,0xdd,0xe1,0xb6,0x58,
  0x83,0xf0,0x3,0x6d,0xe9,0x78,0xad,0xc6,0xba,0xc4,0xaf,0x10,0x52,0xf2,0x1a,0x77,
  0xc4,0x16,0x53,0xff,0x12,0x6c,0xfb,0x30,0x84,0xdc,0xce,0xd8,0xda,0xd7,0xdd,0xdb,
  0xd6,0xdd,0xdb,0xd6,0xdd,0xdb,0xd6,0xdd,0xdb,0xd6,0xdd,0xdb,0xd6,0xdd,0xdb,0xd6,
  0xdd,0xdb,0xd6,0xdd,0xdb,0xd6,0xdd,0xdb,0xd6,0xdd,0xdb,0xd6,0xdd,0xdb,0xd6,0xdd,
  0xdb,0xd6,0xdd,0xd8,0xd9,0xde,0xc4,0x3b,0x64,0xf7,0x34,0x72,0xdb,0xd5,0xdd,0xda,
  0xd6,0xdd,0xdb,0xd6,0xdd,0xdb,0xd6,0xdd,0xdb,0xd6,0xdd,0xdb,0xd6,0xdd,0xdb,0xd6,
  0xdd,0xdb,0xd6,0xdd,0xdb,0xd6,0xdd,0xdb,0xd6,0xdd,0xdb,0xd6,0xdd,0xdb,0xd6,0xdd,
  0xdb,0xd6,0xdd,0xdb,0xd6,0xdd,0xdb,0xd6,0xdd,0xdb,0xd6,0xdd,0xdb,0xd6,0xdd,0xdb,
  0xd6,0xdd,0xdb,0xd6,0xdd,0xdb,0xd7,0xde,0xd3,0xca,0xd2,0xd7,0x24,0x37,0xfc,0x35,
  0x50,0xdb,0xd1,0xd9,0xda,0xd7,0xde,0xdb,0xd6,0xdd,0xdb,0xd6,0xdd,0xdb,0xd6,0xdd,
  0xdb,0xd6,0xdd,0xdb,0xd6,0xdd,0xdb,0xd6,0xdd,0xdb,0xd6,0xdd,0xdb,0xd6,0xdd,0xdb,
  0xd6,0xdd,0xdb,0xd6,0xdd,0xdb,0xd6,0xdd,0xdb,0xd6,0xdd,0xdb,0xd6,0xdd,0xdb,0xd6,
  0xdd,0xdb,0xd6,0xdd,0xdb,0xd6,0xdd,0xdb,0xd6,0xdd,0xdb,0xd6,0xdd,0xdb,0xd6,0xdd,
  0xdb,0xd6,0xdd,0xdb,0xd6,0xdd,0xdb,0xd6,0xdd,0xdb,0xd6,0xdd,0xdb,0xd6,0xdd,0xdb,
  0xd6,0xdd,0xdb,0xd6,0xdd,0xdb,0xd6,0xdd,0xdb,0xd6,0xdd,0xdb,0xd6,0xdd,0xdb,0xd6,
  0xdd,0xdb,0xda,0xe1,0xd5,0xb3,0xbe,0xef,0x12,0x3a,0xff,0x14,0x47,0xff,0x18,0x52,
  0xff,0x18,0x56,0xff,0x18,0x56,0xff,0x16,0x54,0xfe,0xb,0x46,0xde,0x80,0x98,0xda,
  0xde,0xe3,0xdb,0xd6,0xdd,0xdb,0xd6,0xdd,0xdb,0xd6,0xdd,0xdb,0xd6,0xdd,0xdb,0xd6,
  0xdd,0xdb,0xd6,0xdd,0xdb,0xd6,0xdd,0xdb,0xd6,0xdd,0xdb,0xd6,0xdd,0xdc,0xdc,0xe2,
  0xc9,0x9b,0xae,0xd8,0xb,0x4d,0xee,0x19,0x5f,0xd3,0x3e,0x70,0xff,0x12,0x6b,0xf6,
  0x17,0x6c,0xd0,0xa1,0xb5,0xdc,0xdf,0xe4,0xdb,0xd7,0xde,0xdb,0xd6,0xdd,0xdb,0xd6,
  0xdd,0xdb,0xd6,0xdd,0xdb,0xd6,0xdd,0xdb,0xd6,0xdd,0xdb,0xd6,0xdd,0xdb,0xd6,0xdd,
  0xde,0xdd,0xe2,0xc6,0xb1,0xbe,0xaf,0x17,0x52,0xff,0xb,0x71,0xf0,0x51,0x96,0xd9,
  0xdd,0xe1,0xda,0xd6,0xdd,0xdb,0xd6,0xdd,0xdb,0xd6,0xdd,0xdc,0xde,0xe2,0xb5,0x59,
  0x84,0xee,0x3,0x6f,0xe7,0x7c,0xb0,0xab,0x76,0x8f,0xcd,0x5,0x5d,0xe8,0x37,0x84,
  0xc1,0x1d,0x56,0xff,0x11,0x70,0xf8,0x3e,0x8d,0xdb,0xd4,0xdb,0xda,0xd6,0xdd,0xdb,
  0xd6,0xdd,0xdb,0xd6,0xdd,0xdb,0xd6,0xdd,0xdb,0xd6,0xdd,0xdb,0xd6,0xdd,0xdb,0xd6,
  0xdd,0xdb,0xd6,0xdd,0xdb,0xd6,0xdd,0xdb,0xd6,0xdd,0xdb,0xd6,0xdd,0xdb,0xd6,0xdd,
  0xdb,0xd6,0xdd,0xd8,0xd9,0xde,0xc2,0x3d,0x66,0xf7,0x27,0x6c,0xdc,0xcc,0xd6,0xda,
  0xd7,0xde,0xdb,0xd6,0xdd,0xdb,0xd6,0xdd,0xdb,0xd6,0xdd,0xdb,0xd6,0xdd,0xdb,0xd6,
  0xdd,0xdb,0xd6,0xdd,0xdb,0xd6,0xdd,0xdb,0xd6,0xdd,0xdb,0xd6,0xdd,0xdb,0xd6,0xdd,
  0xdb,0xd6,0xdd,0xdb,0xd7,0xde,0xdb,0xd6,0xdd,0xdb,0xd6,0xdd,0xdb,0xd6,0xdd,0xdb,
  0xd6,0xdd,0xdb,0xd6,0xdd,0xdc,0xde,0xe5,0xc7,0x83,0x8e,0xf0,0x2,0x21,0xee,0x7e,
  0x92,0xd9,0xde,0xe4,0xdb,0xd6,0xdd,0xdb,0xd6,0xdd,0xdb,0xd6,0xdd,0xdb,0xd6,0xdd,
  0xdb,0xd6,0xdd,0xdb,0xd6,0xdd,0xdb,0xd6,0xdd,0xdb,0xd6,0xdd,0xdb,0xd6,0xdd,0xdb,
  0xd6,0xdd,0xdb,0xd6,0xdd,0xdb,0xd6,0xdd,0xdb,0xd6,0xdd,0xdb,0xd6,0xdd,0xdb,0xd6,
  0xdd,0xdb,0xd6,0xdd,0xdb,0xd6,0xdd,0xdb,0xd6,0xdd,0xdb,0xd6,0xdd,0xdb,0xd6,0xdd,
  0xdb,0xd6,0xdd,0xdb,0xd6,0xdd,0xdb,0xd6,0xdd,0xdb,0xd6,0xdd,0xdb,0xd6,0xdd,0xdb,
  0xd6,0xdd,0xdb,0xd6,0xdd,0xdb,0xd6,0xdd,0xdb,0xd6,0xdd,0xdb,0xd6,0xdd,0xdb,0xd6,
  0xdd,0xdb,0xd6,0xdd,0xd9,0xdb,0xe1,0xe0,0x6f,0x86,0xff,0xc,0x3f,0xff,0x16,0x51,
  0xff,0x18,0x56,0xff,0x18,0x59,0xff,0x17,0x5a,0xff,0x11,0x53,0xed,0x3a,0x67,0xd8,
  0xd4,0xdb,0xdb,0xd6,0xdd,0xdb,0xd6,0xdd,0xdb,0xd6,0xdd,0xdb,0xd6,0xdd,0xdb,0xd6,
  0xdd,0xdb,0xd6,0xdd,0xdb,0xd6,0xdd,0xdb,0xd6,0xdd,0xdb,0xd6,0xdd,0xdb,0xd7,0xde,
  0xd6,0xd0,0xd7,0xc3,0x2e,0x60,0xf0,0xd,0x5b,0xcc,0x1d,0x5a,0xd2,0x12,0x56,0xdc,
  0xf,0x58,0xbd,0x17,0x51,0xc1,0x85,0x9d,0xdb,0xdb,0xe0,0xdc,0xd9,0xe0,0xdb,0xd6,
  0xdd,0xdb,0xd6,0xdd,0xdb,0xd6,0xdd,0xdb,0xd6,0xdd,0xdb,0xd6,0xdd,0xde,0xdd,0xe2,
  0xcc,0xb8,0xc5,0x8e,0x21,0x4e,0xbc,0xa,0x51,0xf7,0x12,0x6f,0xef,0x25,0x78,0xd7,
  0xc1,0xce,0xdb,0xd9,0xde,0xdb,0xd6,0xdd,0xde,0xdc,0xe2,0xda,0xdb,0xdf,0xb5,0x54,
  0x83,0xed,0x5,0x74,0xdc,0x6c,0xa4,0x9c,0x38,0x67,0xea,0xb,0x71,0xd9,0x71,0xa2,
  0xc6,0x1c,0x59,0xff,0x10,0x74,0xf6,0x4b,0x96,0xda,0xda,0xde,0xda,0xd6,0xdd,0xdb,
  0xd6,0xdd,0xdb,0xd6,0xdd,0xdb,0xd6,0xdd,0xdb,0xd6,0xdd,0xdb,0xd6,0xdd,0xdb,0xd6,
  0xdd,0xdb,0xd6,0xdd,0xdb,0xd6,0xdd,0xdb,0xd6,0xdd,0xdb,0xd6,0xdd,0xdb,0xd6,0xdd,
  0xdb,0xd6,0xdd,0xd8,0xd9,0xde,0xc0,0x3e,0x69,0xf9,0x1b,0x67,0xde,0xc3,0xd1,0xda,
  0xd8,0xde,0xdb,0xd6,0xdd,0xdb,0xd6,0xdd,0xdb,0xd6,0xdd,0xdb,0xd6,0xdd,0xdb,0xd6,
  0xdd,0xdb,0xd6,0xdd,0xdb,0xd6,0xdd,0xdb,0xd6,0xdd,0xdb,0xd6,0xdd,0xdb,0xd6,0xdd,
  0xda,0xd7,0xde,0xd8,0xd6,0xdc,0xdb,0xd6,0xdd,0xdb,0xd6,0xdd,0xdb,0xd6,0xdd,0xdb,
  0xd6,0xdd,0xdb,0xd6,0xdd,0xd8,0xd8,0xde,0xcd,0x37,0x4c,0xfd,0x21,0x46,0xde,0xc4,
  0xce,0xda,0xd8,0xdf,0xdb,0xd6,0xdd,0xdb,0xd6,0xdd,0xdb,0xd6,0xdd,0xdb,0xd6,0xdd,
  0xdb,0xd6,0xdd,0xdb,0xd6,0xdd,0xdb,0xd6,0xdd,0xdb,0xd6,0xdd,0xdb,0xd6,0xdd,0xdb,
  0xd6,0xdd,0xdb,0xd6,0xdd,0xdb,0xd6,0xdd,0xdb,0xd6,0xdd,0xdb,0xd6,0xdd,0xdb,0xd6,
  0xdd,0xdb,0xd6,0xdd,0xdb,0xd6,0xdd,0xdb,0xd6,0xdd,0xdb,0xd6,0xdd,0xdb,0xd6,0xdd,
  0xdb,0xd6,0xdd,0xdb,0xd6,0xdd,0xdb,0xd6,0xdd,0xdb,0xd6,0xdd,0xdb,0xd6,0xdd,0xdb,
  0xd6,0xdd,0xdb,0xd6,0xdd,0xdb,0xd6,0xdd,0xdb,0xd6,0xdd,0xdb,0xd6,0xdd,0xdb,0xd6,
  0xdd,0xdb,0xd6,0xdd,0xdb,0xd7,0xde,0xd9,0xd9,0xe0,0xe6,0x68,0x83,0xff,0xb,0x42,
  0xff,0x17,0x54,0xff,0x18,0x5a,0xff,0x18,0x5d,0xff,0x17,0x5d,0xfc,0x12,0x52,0xdc,
  0xa7,0xb8,0xda,0xdd,0xe2,0xdb,0xd6,0xdd,0xdb,0xd6,0xdd,0xdb,0xd6,0xdd,0xdb,0xd6,
  0xdd,0xdb,0xd6,0xdd,0xdb,0xd6,0xdd,0xdb,0xd6,0xdd,0xdb,0xd6,0xdd,0xdb,0xd6,0xdd,
  0xdc,0xde,0xe3,0xc4,0x7a,0x96,0xe1,0xa,0x56,0xc5,0xe,0x4f,0xab,0xd,0x44,0xd5,
  0x11,0x56,0xd3,0xe,0x55,0xb7,0x9,0x49,0xb2,0x57,0x7b,0xd1,0xc7,0xcf,0xdc,0xd8,
  0xdf,0xdb,0xd6,0xdd,0xdb,0xd6,0xdd,0xdb,0xd6,0xdd,0xdd,0xda,0xe0,0xd0,0xbf,0xca,
  0x8d,0x2e,0x57,0x98,0x5,0x42,0xd0,0x11,0x5f,0xf3,0x13,0x6e,0xf7,0xb,0x6a,0xd8,
  0x7a,0xa3,0xda,0xde,0xe2,0xdc,0xda,0xdf,0xb8,0x8a,0xa4,0xad,0x35,0x72,0xcd,0x19,
  0x74,0xf0,0x12,0x82,0xed,0x1e,0x87,0xde,0x13,0x79,0xf2,0x29,0x8a,0xc6,0x90,0xaa,
  0xcc,0x11,0x56,0xff,0xf,0x78,0xf1,0x61,0xa2,0xd9,0xdd,0xe0,0xdb,0xd6,0xdd,0xdb,
  0xd6,0xdd,0xdb,0xd6,0xdd,0xdb,0xd6,0xdd,0xdb,0xd6,0xdd,0xdb,0xd6,0xdd,0xdb,0xd6,
  0xdd,0xdb,0xd6,0xdd,0xdb,0xd6,0xdd,0xdb,0xd6,0xdd,0xdb,0xd6,0xdd,0xdb,0xd6,0xdd,
  0xdb,0xd6,0xdd,0xd8,0xd9,0xde,0xbe,0x3e,0x6a,0xf9,0x1c,0x6b,0xde,0xc4,0xd2,0xda,
  0xd8,0xde,0xdb,0xd6,0xdd,0xdb,0xd6,0xdd,0xdb,0xd6,0xdd,0xdb,0xd6,0xdd,0xdb,0xd6,
  0xdd,0xdb,0xd6,0xdd,0xdb,0xd6,0xdd,0xdb,0xd6,0xdd,0xdb,0xd6,0xdd,0xdb,0xdc,0xe3,
  0xd2,0x79,0x84,0xe5,0x67,0x75,0xdb,0xdb,0xe2,0xdb,0xd6,0xdd,0xdb,0xd6,0xdd,0xdb,
  0xd6,0xdd,0xdd,0xdf,0xe5,0xc4,0x93,0x9e,0xe4,0x7,0x2a,0xf3,0x68,0x85,0xd9,0xde,
  0xe3,0xdb,0xd6,0xdd,0xdb,0xd6,0xdd,0xdb,0xd6,0xdd,0xdb,0xd6,0xdd,0xdb,0xd6,0xdd,
  0xdb,0xd6,0xdd,0xdb,0xd6,0xdd,0xdb,0xd6,0xdd,0xdb,0xd6,0xdd,0xdb,0xd6,0xdd,0xdb,
  0xd6,0xdd,0xdb,0xd6,0xdd,0xdb,0xd6,0xdd,0xdb,0xd6,0xdd,0xdb,0xd6,0xdd,0xdb,0xd6,
  0xdd,0xdb,0xd6,0xdd,0xdb,0xd6,0xdd,0xdb,0xd6,0xdd,0xdb,0xd6,0xdd,0xdb,0xd6,0xdd,
  0xdb,0xd6,0xdd,0xdb,0xd6,0xdd,0xdb,0xd6,0xdd,0xdb,0xd6,0xdd,0xdb,0xd6,0xdd,0xdb,
  0xd6,0xdd,0xdb,0xd6,0xdd,0xdb,0xd6,0xdd,0xdb,0xd6,0xdd,0xdb,0xd6,0xdd,0xdb,0xd6,
  0xdd,0xdb,0xd6,0xdd,0xdb,0xd6,0xdd,0xdb,0xd8,0xde,0xd8,0xd7,0xdd,0xe7,0x60,0x7f,
  0xff,0x9,0x43,0xff,0x11,0x54,0xff,0x17,0x5d,0xff,0x18,0x61,0xff,0x11,0x5b,0xe7,
  0x3e,0x6d,0xd7,0xd0,0xd7,0xdb,0xd9,0xdf,0xdb,0xd6,0xdd,0xdb,0xd6,0xdd,0xdb,0xd6,
  0xdd,0xdb,0xd6,0xdd,0xdb,0xd6,0xdd,0xdb,0xd6,0xdd,0xdb,0xd6,0xdd,0xdb,0xd6,0xdd,
  0xdb,0xd8,0xdf,0xd3,0xc5,0xcf,0xcc,0x20,0x60,0xb0,0xc,0x48,0xad,0xe,0x47,0xd0,
  0x10,0x56,0xd5,0x11,0x5a,0xcc,0x10,0x56,0xb8,0x2,0x47,0xc4,0x4f,0x7e,0xdb,0xda,
  0xe0,0xdb,0xd6,0xdd,0xdb,0xd6,0xdd,0xdb,0xd6,0xdd,0xdb,0xd8,0xde,0x93,0x3f,0x65,
  0x84,0x1,0x39,0xb3,0xf,0x54,0xd9,0x11,0x65,0xf3,0x14,0x70,0xfa,0x11,0x72,0xdd,
  0x2a,0x76,0xd7,0xcc,0xd5,0xdc,0xdb,0xe0,0x90,0x37,0x66,0xa2,0x4,0x55,0xd2,0x11,
  0x76,0xed,0x14,0x85,0xff,0x15,0x8f,0xff,0xf,0x8d,0xeb,0x5a,0xa6,0xc0,0x9f,0xae,
  0xd3,0xc,0x58,0xff,0xf,0x7b,0xee,0x6c,0xa8,0xd9,0xde,0xe1,0xdb,0xd6,0xdd,0xdb,
  0xd6,0xdd,0xdb,0xd6,0xdd,0xdb,0xd6,0xdd,0xdb,0xd6,0xdd,0xdb,0xd6,0xdd,0xdb,0xd6,
  0xdd,0xdb,0xd6,0xdd,0xdb,0xd6,0xdd,0xdb,0xd6,0xdd,0xdb,0xd6,0xdd,0xdc,0xd8,0xdf,
  0xdc,0xdd,0xe2,0xd8,0xdb,0xdf,0xbc,0x3e,0x6b,0xf8,0x1c,0x6e,0xde,0xc4,0xd2,0xda,
  0xd8,0xde,0xdb,0xd6,0xdd,0xdb,0xd6,0xdd,0xdb,0xd6,0xdd,0xdb,0xd6,0xdd,0xdb,0xd6,
  0xdd,0xdb,0xd6,0xdd,0xdb,0xd6,0xdd,0xdb,0xd6,0xdd,0xdc,0xda,0xe1,0xd7,0xda,0xe0,
  0xdb,0x39,0x4a,0xf8,0x42,0x59,0xda,0xda,0xe1,0xda,0xd6,0xdd,0xdb,0xd6,0xdd,0xdd,
  0xdc,0xe3,0xc4,0x9e,0xa8,0xb8,0x13,0x2e,0xfd,0xe,0x38,0xe5,0xa5,0xb6,0xd9,0xdc,
  0xe2,0xdb,0xd6,0xdd,0xdb,0xd6,0xdd,0xdb,0xd6,0xdd,0xdb,0xd6,0xdd,0xdb,0xd6,0xdd,
  0xdb,0xd6,0xdd,0xdb,0xd6,0xdd,0xdb,0xd6,0xdd,0xdb,0xd6,0xdd,0xdb,0xd6,0xdd,0xdb,
  0xd6,0xdd,0xdb,0xd6,0xdd,0xdb,0xd6,0xdd,0xdb,0xd6,0xdd,0xdb,0xd6,0xdd,0xdb,0xd6,
  0xdd,0xdb,0xd6,0xdd,0xdb,0xd6,0xdd,0xdb,0xd6,0xdd,0xdb,0xd6,0xdd,0xdb,0xd6,0xdd,
  0xdb,0xd6,0xdd,0xdb,0xd6,0xdd,0xdb,0xd6,0xdd,0xdb,0xd6,0xdd,0xdb,0xd6,0xdd,0xdb,
  0xd6,0xdd,0xdb,0xd6,0xdd,0xdb,0xd6,0xdd,0xdb,0xd6,0xdd,0xdb,0xd6,0xdd,0xdb,0xd6,
  0xdd,0xdb,0xd6,0xdd,0xdb,0xd6,0xdd,0xdb,0xd6,0xdd,0xdb,0xd8,0xdf,0xd9,0xd2,0xd9,
  0xe3,0x81,0x9a,0xf5,0x3e,0x6d,0xff,0x16,0x57,0xff,0x10,0x5b,0xff,0x18,0x65,0xff,
  0xf,0x59,0xdf,0x4d,0x77,0xd7,0xd2,0xd9,0xdb,0xd9,0xdf,0xdb,0xd6,0xdd,0xdb,0xd6,
  0xdd,0xdb,0xd6,0xdd,0xdb,0xd6,0xdd,0xdb,0xd6,0xdd,0xdb,0xd6,0xdd,0xdb,0xd6,0xdd,
  0xdb,0xd6,0xdd,0xdc,0xdd,0xe2,0xc1,0x5e,0x86,0x95,0x4,0x3a,0xae,0xe,0x49,0xc9,
  0x10,0x55,0xd3,0x10,0x5a,0xde,0x12,0x65,0xf7,0x13,0x73,0xea,0x1e,0x71,0xd6,0xc1,
  0xce,0xdb,0xd8,0xde,0xdb,0xd6,0xdd,0xde,0xdc,0xe2,0xc1,0xa1,0xb3,0x7e,0x8,0x3d,
  0xa0,0xc,0x4e,0xc2,0x10,0x5d,0xdc,0x12,0x69,0xf1,0x14,0x72,0xf9,0x14,0x75,0xe8,
  0xc,0x6a,0xd2,0x8a,0xac,0xdc,0xe0,0xe3,0x91,0x3d,0x6b,0x9f,0x9,0x59,0xce,0x12,
  0x77,0xea,0x14,0x87,0xfb,0x16,0x90,0xfc,0xd,0x8c,0xe4,0x85,0xbb,0xb7,0x8b,0x9f,
  0xda,0xa,0x5d,0xff,0x10,0x7f,0xea,0x87,0xb7,0xd9,0xdd,0xe0,0xdb,0xd6,0xdd,0xdb,
  0xd6,0xdd,0xdb,0xd6,0xdd,0xdb,0xd6,0xdd,0xdb,0xd6,0xdd,0xdb,0xd6,0xdd,0xdb,0xd6,
  0xdd,0xdb,0xd6,0xdd,0xdb,0xd6,0xdd,0xdb,0xd6,0xdd,0xdc,0xd8,0xdf,0xd1,0xc0,0xcb,
  0xbf,0x5f,0x86,0xd9,0xc5,0xd1,0xba,0x40,0x6f,0xf7,0x1c,0x71,0xde,0xc4,0xd3,0xda,
  0xd8,0xde,0xdb,0xd6,0xdd,0xdb,0xd6,0xdd,0xdb,0xd6,0xdd,0xdb,0xd6,0xdd,0xdb,0xd6,
  0xdd,0xdb,0xd6,0xdd,0xdb,0xd6,0xdd,0xdb,0xd7,0xde,0xd3,0xb6,0xbe,0xd4,0xc5,0xcb,
  0xe1,0x23,0x39,0xf3,0x64,0x79,0xda,0xe4,0xe9,0xdb,0xd8,0xdf,0xdc,0xd8,0xdf,0xd1,
  0xc1,0xca,0xa9,0x1e,0x37,0xe9,0xa,0x32,0xff,0x1e,0x4c,0xde,0xbf,0xcc,0xda,0xd8,
  0xdf,0xdb,0xd6,0xdd,0xdb,0xd6,0xdd,0xdb,0xd6,0xdd,0xdb,0xd6,0xdd,0xdb,0xd6,0xdd,
  0xdb,0xd6,0xdd,0xdb,0xd6,0xdd,0xdb,0xd6,0xdd,0xdb,0xd6,0xdd,0xdb,0xd6,0xdd,0xdb,
  0xd6,0xdd,0xdb,0xd6,0xdd,0xdb,0xd6,0xdd,0xdb,0xd6,0xdd,0xdb,0xd6,0xdd,0xdb,0xd6,
  0xdd,0xdb,0xd6,0xdd,0xdb,0xd6,0xdd,0xdb,0xd6,0xdd,0xdb,0xd6,0xdd,0xdb,0xd6,0xdd,
  0xdb,0xd6,0xdd,0xdb,0xd6,0xdd,0xdb,0xd6,0xdd,0xdb,0xd6,0xdd,0xdb,0xd6,0xdd,0xdb,
  0xd6,0xdd,0xdb,0xd6,0xdd,0xdb,0xd6,0xdd,0xdb,0xd6,0xdd,0xdb,0xd6,0xdd,0xdb,0xd6,
  0xdd,0xdb,0xd6,0xdd,0xdb,0xd6,0xdd,0xdb,0xd6,0xdd,0xdb,0xd6,0xdd,0xdb,0xd7,0xde,
  0xda,0xde,0xe3,0xda,0xd7,0xdd,0xe2,0xac,0xbd,0xf0,0x54,0x81,0xff,0x10,0x5c,0xff,
  0x18,0x6a,0xfe,0xc,0x5a,0xdd,0x5c,0x83,0xd7,0xd5,0xdb,0xdb,0xd8,0xde,0xdb,0xd6,
  0xdd,0xdb,0xd6,0xdd,0xdb,0xd6,0xdd,0xdb,0xd6,0xdd,0xdb,0xd6,0xdd,0xdb,0xd6,0xdd,
  0xdb,0xd6,0xdd,0xdd,0xdc,0xe1,0xc5,0xa2,0xb3,0x88,0x9,0x39,0xb0,0xe,0x4c,0xd7,
  0x12,0x60,0xf4,0x15,0x76,0xff,0x18,0x82,0xff,0x17,0x80,0xf4,0xd,0x6e,0xd5,0x8e,
  0xaf,0xdb,0xdd,0xe1,0xdb,0xd6,0xdd,0xdc,0xd9,0xdf,0x95,0x47,0x6c,0x88,0x4,0x40,
  0xb9,0x10,0x5c,0xda,0x12,0x6b,0xef,0x13,0x75,0xf7,0x14,0x7a,0xfa,0x15,0x7d,0xf6,
  0xd,0x75,0xde,0x4f,0x90,0xda,0xde,0xe1,0x93,0x3c,0x6d,0xac,0xa,0x64,0xda,0x13,
  0x82,0xf3,0x15,0x92,0xfd,0x17,0x9b,0xfb,0xe,0x94,0xe4,0x83,0xbc,0xb6,0x80,0x98,
  0xe0,0xa,0x62,0xff,0x10,0x83,0xe7,0x8d,0xb9,0xd9,0xdd,0xe0,0xdb,0xd6,0xdd,0xdb,
  0xd6,0xdd,0xdd,0xda,0xe1,0xdd,0xde,0xe3,0xdb,0xdb,0xe0,0xdb,0xd6,0xdd,0xdb,0xd6,
  0xdd,0xdb,0xd6,0xdd,0xdb,0xd6,0xdd,0xdb,0xd6,0xdd,0xdd,0xdd,0xe2,0xc6,0x95,0xab,
  0xe7,0x0,0x5f,0xe8,0x8d,0xb7,0xb7,0x46,0x72,0xf6,0x1c,0x74,0xde,0xc4,0xd3,0xda,
  0xd8,0xde,0xdb,0xd6,0xdd,0xdb,0xd6,0xdd,0xdb,0xd6,0xdd,0xdb,0xd6,0xdd,0xdb,0xd6,
  0xdd,0xdb,0xd6,0xdd,0xdb,0xd7,0xde,0xd6,0xcc,0xd3,0xe1,0x23,0x3a,0xe0,0x70,0x82,
  0xe8,0x19,0x35,0xec,0x85,0x99,0xd2,0xa8,0xb1,0xdd,0xc3,0xcc,0xdd,0xe0,0xe6,0xb6,
  0x77,0x87,0xc3,0x4,0x28,0xff,0x13,0x47,0xfe,0x20,0x55,0xde,0xc2,0xce,0xda,0xd8,
  0xde,0xdb,0xd6,0xdd,0xdb,0xd6,0xdd,0xdb,0xd6,0xdd,0xdb,0xd6,0xdd,0xdb,0xd6,0xdd,
  0xdb,0xd6,0xdd,0xdb,0xd6,0xdd,0xdb,0xd6,0xdd,0xdb,0xd6,0xdd,0xdb,0xd6,0xdd,0xdb,
  0xd6,0xdd,0xdb,0xd6,0xdd,0xdb,0xd6,0xdd,0xdb,0xd6,0xdd,0xdb,0xd6,0xdd,0xdb,0xd6,
  0xdd,0xdb,0xd6,0xdd,0xdb,0xd6,0xdd,0xdb,0xd6,0xdd,0xdb,0xd6,0xdd,0xdb,0xd6,0xdd,
  0xdb,0xd6,0xdd,0xdb,0xd6,0xdd,0xdb,0xd6,0xdd,0xdb,0xd6,0xdd,0xdb,0xd6,0xdd,0xdb,
  0xd6,0xdd,0xdb,0xd6,0xdd,0xdb,0xd6,0xdd,0xdb,0xd6,0xdd,0xdb,0xd6,0xdd,0xdb,0xd6,
  0xdd,0xdb,0xd6,0xdd,0xdb,0xd6,0xdd,0xdb,0xd6,0xdd,0xdb,0xd6,0xdd,0xdb,0xd6,0xdd,
  0xdb,0xd6,0xdd,0xdb,0xd7,0xdd,0xda,0xdc,0xe2,0xd8,0xd9,0xde,0xe9,0x65,0x8d,0xff,
  0xe,0x5e,0xff,0x18,0x6d,0xfb,0xb,0x5b,0xda,0x67,0x8c,0xd8,0xda,0xdf,0xdb,0xd7,
  0xde,0xdb,0xd6,0xdd,0xdb,0xd6,0xdd,0xdb,0xd6,0xdd,0xdb,0xd6,0xdd,0xdb,0xd6,0xdd,
  0xdb,0xd6,0xdd,0xdd,0xdb,0xe1,0xc5,0xa8,0xb7,0xa6,0xd,0x48,0xe5,0x12,0x65,0xff,
  0x15,0x78,0xff,0x17,0x81,0xff,0x18,0x84,0xff,0x17,0x83,0xfc,0xe,0x76,0xd9,0x53,
  0x8e,0xd9,0xdb,0xe0,0xde,0xdc,0xe2,0xc8,0xb0,0xbf,0x7a,0xb,0x40,0x9a,0xc,0x4f,
  0xc3,0x10,0x63,0xe3,0x13,0x72,0xfb,0x14,0x7e,0xff,0x16,0x85,0xff,0x17,0x89,0xff,
  0x12,0x84,0xeb,0x37,0x8a,0xdb,0xda,0xdf,0xa0,0x55,0x81,0xb0,0x8,0x68,0xe2,0x14,
  0x8a,0xfb,0x17,0x9c,0xff,0x18,0xa5,0xff,0xf,0x9f,0xe6,0x91,0xc5,0xb3,0x70,0x8d,
  0xe6,0xb,0x69,0xff,0x15,0x88,0xe3,0xa6,0xc6,0xda,0xdb,0xdf,0xdb,0xd6,0xdd,0xdd,
  0xdb,0xe1,0xc7,0xac,0xba,0xaa,0x4e,0x73,0xcd,0x99,0xb1,0xdc,0xda,0xe0,0xdb,0xd6,
  0xdd,0xdb,0xd6,0xdd,0xdb,0xd6,0xdd,0xdb,0xd6,0xdd,0xdb,0xda,0xe0,0xcf,0xb3,0xc2,
  0xea,0x11,0x6e,0xf1,0x5b,0xa1,0xb5,0x44,0x73,0xf6,0x1c,0x78,0xde,0xc4,0xd4,0xda,
  0xd8,0xde,0xdb,0xd6,0xdd,0xdb,0xd6,0xdd,0xdb,0xd6,0xdd,0xdb,0xd6,0xdd,0xdb,0xd6,
  0xdd,0xdb,0xd6,0xdd,0xdc,0xdb,0xe1,0xce,0xa9,0xb2,0xdf,0x11,0x2c,0xe1,0x2d,0x47,
  0xf2,0x19,0x3b,0xd9,0x75,0x87,0xe3,0x10,0x2b,0xea,0x92,0xa4,0xd8,0xdd,0xe3,0xaa,
  0x35,0x4f,0xe8,0xc,0x3b,0xff,0x10,0x4e,0xf6,0x47,0x77,0xdb,0xd5,0xdc,0xda,0xd6,
  0xdd,0xdb,0xd6,0xdd,0xdb,0xd6,0xdd,0xdb,0xd6,0xdd,0xdb,0xd6,0xdd,0xdb,0xd6,0xdd,
  0xdb,0xd6,0xdd,0xdb,0xd6,0xdd,0xdb,0xd6,0xdd,0xdb,0xd6,0xdd,0xdb,0xd6,0xdd,0xdb,
  0xd6,0xdd,0xdb,0xd6,0xdd,0xdb,0xd6,0xdd,0xdb,0xd6,0xdd,0xdb,0xd6,0xdd,0xdb,0xd6,
  0xdd,0xdb,0xd6,0xdd,0xdb,0xd6,0xdd,0xdb,0xd6,0xdd,0xdb,0xd6,0xdd,0xdb,0xd6,0xdd,
  0xdb,0xd6,0xdd,0xdb,0xd6,0xdd,0xdb,0xd6,0xdd,0xdb,0xd6,0xdd,0xdb,0xd6,0xdd,0xdb,
  0xd6,0xdd,0xdb,0xd6,0xdd,0xdb,0xd6,0xdd,0xdb,0xd6,0xdd,0xdb,0xd6,0xdd,0xdb,0xd6,
  0xdd,0xdb,0xd6,0xdd,0xdb,0xd6,0xdd,0xdb,0xd6,0xdd,0xdb,0xd6,0xdd,0xdb,0xd6,0xdd,
  0xdb,0xd6,0xdd,0xdb,0xd6,0xdd,0xdb,0xd6,0xdd,0xdb,0xd8,0xde,0xd9,0xd6,0xdc,0xe9,
  0x5d,0x89,0xff,0xe,0x63,0xff,0x17,0x71,0xf9,0xe,0x5f,0xd6,0x6f,0x92,0xda,0xde,
  0xe2,0xdb,0xd6,0xdd,0xdb,0xd6,0xdd,0xdb,0xd6,0xdd,0xdb,0xd6,0xdd,0xdb,0xd6,0xdd,
  0xdb,0xd6,0xdd,0xdb,0xd7,0xde,0xd5,0xcc,0xd5,0xb2,0x28,0x60,0xe2,0xf,0x64,0xfd,
  0x15,0x76,0xff,0x16,0x80,0xff,0x17,0x85,0xff,0x17,0x86,0xff,0x14,0x80,0xe2,0x24,
  0x79,0xd8,0xcb,0xd5,0xd8,0xd2,0xda,0xa9,0x74,0x91,0x80,0x8,0x42,0xa9,0xe,0x58,
  0xcb,0x11,0x69,0xe6,0x13,0x76,0xfa,0x15,0x80,0xff,0x16,0x87,0xff,0x17,0x8b,0xff,
  0x15,0x87,0xee,0x20,0x81,0xdc,0xc9,0xd5,0xb8,0x94,0xac,0xa0,0x8,0x62,0xdb,0x13,
  0x8a,0xf9,0x16,0x9e,0xff,0x16,0xa7,0xfa,0x20,0xa4,0xe1,0xc8,0xdb,0xb0,0x5a,0x80,
  0xec,0xc,0x6f,0xff,0x18,0x8c,0xe1,0xaf,0xca,0xda,0xda,0xdf,0xdc,0xd8,0xdf,0xd6,
  0xcf,0xd6,0x96,0x2a,0x55,0xce,0x1,0x51,0xed,0x2a,0x78,0xdb,0xcd,0xd7,0xda,0xd7,
  0xde,0xdb,0xd6,0xdd,0xdb,0xd6,0xdd,0xdb,0xd6,0xdd,0xdb,0xd7,0xdd,0xd4,0xd0,0xd6,
  0xd6,0x2c,0x76,0xf9,0x2f,0x8e,0xb4,0x36,0x6c,0xf1,0x1d,0x7a,0xdc,0xc4,0xd3,0xda,
  0xd8,0xde,0xdb,0xd6,0xdd,0xdb,0xd6,0xdd,0xdb,0xd6,0xdd,0xdb,0xd6,0xdd,0xdb,0xd6,
  0xdd,0xdb,0xd6,0xdd,0xdc,0xe1,0xe8,0xc5,0x6f,0x7d,0xd6,0x5,0x24,0xe8,0xf,0x34,
  0xd9,0x17,0x38,0xd0,0x25,0x3f,0xfa,0xd,0x33,0xe3,0x7f,0x90,0xd1,0xcb,0xd2,0xb7,
  0x1f,0x42,0xfe,0x11,0x4c,0xff,0x10,0x54,0xe6,0x99,0xb2,0xd9,0xdd,0xe1,0xdb,0xd6,
  0xdd,0xdb,0xd6,0xdd,0xdb,0xd6,0xdd,0xdb,0xd6,0xdd,0xdb,0xd6,0xdd,0xdb,0xd6,0xdd,
  0xdb,0xd6,0xdd,0xdb,0xd6,0xdd,0xdb,0xd6,0xdd,0xdb,0xd6,0xdd,0xdb,0xd6,0xdd,0xdb,
  0xd6,0xdd,0xdb,0xd6,0xdd,0xdb,0xd6,0xdd,0xdb,0xd6,0xdd,0xdb,0xd6,0xdd,0xdb,0xd6,
  0xdd,0xdb,0xd6,0xdd,0xdb,0xd6,0xdd,0xdb,0xd6,0xdd,0xdb,0xd6,0xdd,0xdb,0xd6,0xdd,
  0xdb,0xd6,0xdd,0xdb,0xd6,0xdd,0xdb,0xd6,0xdd,0xdb,0xd6,0xdd,0xdb,0xd6,0xdd,0xdb,
  0xd6,0xdd,0xdb,0xd6,0xdd,0xdb,0xd6,0xdd,0xdb,0xd6,0xdd,0xdb,0xd6,0xdd,0xdb,0xd6,
  0xdd,0xdb,0xd6,0xdd,0xdb,0xd6,0xdd,0xdb,0xd6,0xdd,0xdb,0xd6,0xdd,0xdb,0xd6,0xdd,
  0xdb,0xd6,0xdd,0xdb,0xd6,0xdd,0xdb,0xd6,0xdd,0xdb,0xd6,0xdd,0xdb,0xd8,0xdf,0xd9,
  0xd4,0xdb,0xea,0x55,0x86,0xff,0xf,0x68,0xff,0x17,0x74,0xf8,0x11,0x63,0xd4,0x7c,
  0x9c,0xda,0xdd,0xe2,0xdb,0xd6,0xdd,0xdb,0xd6,0xdd,0xdb,0xd6,0xdd,0xdb,0xd6,0xdd,
  0xdb,0xd6,0xdd,0xdb,0xd6,0xdd,0xdc,0xde,0xe2,0xb6,0x64,0x88,0xcc,0x8,0x5a,0xf6,
  0x14,0x74,0xff,0x16,0x80,0xff,0x17,0x87,0xff,0x18,0x89,0xff,0x17,0x86,0xf1,0x14,
  0x7a,0xad,0x49,0x7a,0x82,0x27,0x55,0x75,0x8,0x3f,0x7c,0xb,0x43,0xa2,0xe,0x57,
  0xce,0x12,0x6d,0xea,0x14,0x7b,0xfc,0x15,0x84,0xff,0x16,0x8b,0xff,0x16,0x8e,0xff,
  0x14,0x8a,0xf2,0xc,0x7b,0xd9,0xa3,0xc0,0xcf,0xc9,0xd1,0x9a,0x1c,0x69,0xd3,0x11,
  0x87,0xf8,0x16,0xa1,0xff,0x14,0xac,0xeb,0x40,0xa9,0xbb,0x9d,0xaf,0xa7,0x36,0x6a,
  0xf2,0xf,0x78,0xff,0x22,0x93,0xdf,0xc3,0xd4,0xdc,0xdd,0xe2,0xdc,0xda,0xe0,0xa2,
  0x5d,0x7b,0xa1,0x6,0x42,0xfa,0x12,0x72,0xfe,0x29,0x8a,0xdd,0xcb,0xd7,0xda,0xd7,
  0xdd,0xdb,0xd6,0xdd,0xdb,0xd6,0xdd,0xdb,0xd6,0xdd,0xdb,0xd6,0xdd,0xd9,0xdc,0xdf,
  0xca,0x54,0x8a,0xfa,0x15,0x83,0xb7,0x1d,0x63,0xeb,0x1f,0x7c,0xd9,0xc4,0xd2,0xdb,
  0xd8,0xde,0xdb,0xd6,0xdd,0xdb,0xd6,0xdd,0xdb,0xd6,0xdd,0xdb,0xd6,0xdd,0xdb,0xd6,
  0xdd,0xdb,0xda,0xe0,0xd4,0xb6,0xc1,0xd3,0x2d,0x4c,0xf6,0xe,0x39,0xff,0x13,0x44,
  0xef,0x13,0x44,0xe3,0x11,0x3d,0xfa,0xe,0x36,0xf9,0x3a,0x57,0xce,0xbe,0xc7,0xca,
  0x19,0x44,0xff,0xc,0x54,0xf5,0x4b,0x80,0xdb,0xd3,0xdb,0xda,0xd7,0xdd,0xdb,0xd6,
  0xdd,0xdb,0xd6,0xdd,0xdb,0xd6,0xdd,0xdb,0xd6,0xdd,0xdb,0xd6,0xdd,0xdb,0xd6,0xdd,
  0xdb,0xd6,0xdd,0xdb,0xd6,0xdd,0xdb,0xd6,0xdd,0xdb,0xd6,0xdd,0xdb,0xd6,0xdd,0xdb,
  0xd6,0xdd,0xdb,0xd6,0xdd,0xdb,0xd6,0xdd,0xdb,0xd6,0xdd,0xdb,0xd6,0xdd,0xdb,0xd6,
  0xdd,0xdb,0xd6,0xdd,0xdb,0xd6,0xdd,0xdb,0xd6,0xdd,0xdb,0xd6,0xdd,0xdb,0xd6,0xdd,
  0xdb,0xd6,0xdd,0xdb,0xd6,0xdd,0xdb,0xd6,0xdd,0xdb,0xd6,0xdd,0xdb,0xd6,0xdd,0xdb,
  0xd6,0xdd,0xdb,0xd6,0xdd,0xdb,0xd6,0xdd,0xdb,0xd6,0xdd,0xdb,0xd6,0xdd,0xdb,0xd6,
  0xdd,0xdb,0xd6,0xdd,0xdb,0xd6,0xdd,0xdb,0xd6,0xdd,0xdb,0xd6,0xdd,0xdb,0xd6,0xdd,
  0xdb,0xd6,0xdd,0xdb,0xd6,0xdd,0xdb,0xd6,0xdd,0xdb,0xd6,0xdd,0xdb,0xd6,0xdd,0xdb,
  0xd9,0xdf,0xd9,0xd2,0xd9,0xeb,0x4d,0x83,0xff,0x10,0x6d,0xff,0x16,0x77,0xf3,0x12,
  0x65,0xd4,0x8c,0xa8,0xda,0xdc,0xe1,0xdb,0xd6,0xdd,0xdb,0xd6,0xdd,0xdb,0xd6,0xdd,
  0xdb,0xd6,0xdd,0xdb,0xd6,0xdd,0xdd,0xdc,0xe1,0xc5,0xa0,0xb3,0xb8,0xc,0x56,0xeb,
  0x13,0x71,0xfe,0x15,0x7f,0xff,0x17,0x88,0xff,0x18,0x8c,0xff,0x17,0x8b,0xfd,0x15,
  0x83,0xad,0x9,0x58,0x71,0x6,0x3c,0x77,0xb,0x41,0x75,0xb,0x40,0x72,0xa,0x3e,
  0xa1,0xe,0x57,0xde,0x13,0x78,0xeb,0x14,0x7f,0xf5,0x14,0x86,0xf6,0x1c,0x8d,0xfc,
  0x2b,0x96,0xf0,0x40,0x97,0xda,0xb9,0xcd,0xdb,0xde,0xe1,0xa2,0x4b,0x83,0xc6,0xb,
  0x81,0xf9,0x17,0xa7,0xe5,0x14,0x97,0x91,0x11,0x54,0x78,0x6,0x3e,0x9a,0xa,0x4c,
  0xf9,0x16,0x84,0xf3,0x15,0x88,0x9f,0x3e,0x6e,0xcd,0xba,0xc8,0xb8,0x90,0xa4,0x8e,
  0x5,0x3e,0xd4,0x10,0x5e,0xfe,0xe,0x72,0xee,0x75,0xae,0xd9,0xdb,0xdf,0xdb,0xd6,
  0xdd,0xdb,0xd6,0xdd,0xdb,0xd6,0xdd,0xdb,0xd6,0xdd,0xdb,0xd6,0xdd,0xdc,0xdd,0xe2,
  0xc9,0x89,0xa9,0xf6,0xe,0x80,0xca,0xe,0x69,0xef,0x22,0x83,0xdd,0xcb,0xd8,0xda,
  0xde,0xe1,0xdb,0xd6,0xdd,0xdb,0xd6,0xdd,0xdb,0xd6,0xdd,0xdb,0xd6,0xdd,0xdb,0xd6,
  0xdd,0xdc,0xde,0xe4,0xbe,0x61,0x75,0xc6,0x1,0x26,0xf1,0x11,0x3c,0xff,0x13,0x46,
  0xff,0x16,0x4e,0xff,0x16,0x52,0xfc,0x1b,0x4e,0xe6,0xa8,0xb7,0xc5,0xa3,0xb0,0xe3,
  0xa,0x47,0xfa,0x43,0x7f,0xdd,0xc9,0xd4,0xda,0xd9,0xdf,0xdb,0xd6,0xdd,0xdb,0xd6,
  0xdd,0xdb,0xd6,0xdd,0xdb,0xd6,0xdd,0xdb,0xd6,0xdd,0xdb,0xd6,0xdd,0xdb,0xd6,0xdd,
  0xdb,0xd6,0xdd,0xdb,0xd6,0xdd,0xdb,0xd6,0xdd,0xdb,0xd6,0xdd,0xdb,0xd6,0xdd,0xdb,
  0xd6,0xdd,0xdb,0xd6,0xdd,0xdb,0xd6,0xdd,0xdb,0xd6,0xdd,0xdb,0xd6,0xdd,0xdb,0xd6,
  0xdd,0xdb,0xd6,0xdd,0xdb,0xd6,0xdd,0xdb,0xd6,0xdd,0xdb,0xd6,0xdd,0xdb,0xd6,0xdd,
  0xdb,0xd6,0xdd,0xdb,0xd6,0xdd,0xdb,0xd6,0xdd,0xdb,0xd6,0xdd,0xdb,0xd6,0xdd,0xdb,
  0xd6,0xdd,0xdb,0xd6,0xdd,0xdb,0xd6,0xdd,0xdb,0xd6,0xdd,0xdb,0xd6,0xdd,0xdb,0xd6,
  0xdd,0xdb,0xd6,0xdd,0xdb,0xd6,0xdd,0xdb,0xd6,0xdd,0xdb,0xd6,0xdd,0xdb,0xd6,0xdd,
  0xdb,0xd6,0xdd,0xdb,0xd6,0xdd,0xdb,0xd6,0xdd,0xdb,0xd6,0xdd,0xdb,0xd6,0xdd,0xdb,
  0xd6,0xdd,0xdb,0xd9,0xdf,0xd9,0xd0,0xd7,0xec,0x45,0x81,0xff,0x10,0x73,0xff,0x16,
  0x7a,0xee,0x13,0x67,0xd3,0x99,0xb2,0xda,0xde,0xe2,0xdb,0xd6,0xdd,0xdb,0xd6,0xdd,
  0xdb,0xd6,0xdd,0xdb,0xd6,0xdd,0xdb,0xd7,0xde,0xd4,0xcd,0xd5,0xad,0x29,0x64,0xdb,
  0xf,0x6a,0xf9,0x15,0x7e,0xff,0x16,0x88,0xff,0x17,0x8e,0xff,0x17,0x8f,0xff,0x16,
  0x8c,0xc5,0x11,0x69,0x75,0xa,0x3f,0x73,0xa,0x3e,0x75,0xa,0x40,0xa3,0xe,0x59,
  0xd5,0x12,0x75,0xd1,0x12,0x74,0xc4,0x11,0x6f,0xb6,0xa,0x66,0xb0,0x3a,0x7b,0xdc,
  0xcd,0xd9,0xdb,0xd5,0xdd,0xdb,0xd9,0xdf,0xde,0xdd,0xe2,0xb6,0x88,0xa8,0xb7,0xa,
  0x7b,0xf8,0x17,0xaa,0xa9,0xf,0x67,0x79,0x9,0x3f,0x7c,0xa,0x43,0xa3,0xe,0x54,
  0xfe,0x17,0x8a,0xeb,0x15,0x86,0x7d,0x3,0x3f,0x85,0x1c,0x50,0x8b,0x1e,0x4e,0xc1,
  0xd,0x59,0xfb,0xd,0x72,0xf6,0x49,0x96,0xdb,0xd6,0xdc,0xda,0xd7,0xdd,0xdb,0xd6,
  0xdd,0xdb,0xd6,0xdd,0xdb,0xd6,0xdd,0xdb,0xd6,0xdd,0xdb,0xd6,0xdd,0xdc,0xdc,0xe1,
  0xc7,0xa5,0xb8,0xd2,0x10,0x71,0xd8,0x12,0x76,0xee,0x19,0x83,0xf3,0x59,0xa8,0xdf,
  0x9e,0xc2,0xda,0xd9,0xde,0xdb,0xd6,0xdd,0xdb,0xd6,0xdd,0xdb,0xd6,0xdd,0xdb,0xd6,
  0xdd,0xdd,0xde,0xe4,0xb3,0x5d,0x6f,0xb0,0x2,0x24,0xe9,0x10,0x3c,0xff,0x14,0x4a,
  0xff,0x16,0x52,0xff,0x17,0x55,0xff,0x16,0x54,0xe0,0xa3,0xb6,0xba,0x4b,0x6b,0xf8,
  0x14,0x5d,0xe1,0xb6,0xc8,0xd9,0xdc,0xe1,0xdb,0xd6,0xdd,0xdb,0xd6,0xdd,0xdb,0xd6,
  0xdd,0xdb,0xd6,0xdd,0xdb,0xd6,0xdd,0xdb,0xd6,0xdd,0xdb,0xd6,0xdd,0xdb,0xd6,0xdd,
  0xdb,0xd6,0xdd,0xdb,0xd6,0xdd,0xdb,0xd6,0xdd,0xdb,0xd6,0xdd,0xdb,0xd6,0xdd,0xdb,
  0xd6,0xdd,0xdb,0xd6,0xdd,0xdb,0xd6,0xdd,0xdb,0xd6,0xdd,0xdb,0xd6,0xdd,0xdb,0xd6,
  0xdd,0xdb,0xd6,0xdd,0xdb,0xd6,0xdd,0xdb,0xd6,0xdd,0xdb,0xd6,0xdd,0xdb,0xd6,0xdd,
  0xdb,0xd6,0xdd,0xdb,0xd6,0xdd,0xdb,0xd6,0xdd,0xdb,0xd6,0xdd,0xdb,0xd6,0xdd,0xdb,
  0xd6,0xdd,0xdb,0xd6,0xdd,0xdb,0xd6,0xdd,0xdb,0xd6,0xdd,0xdb,0xd6,0xdd,0xdb,0xd6,
  0xdd,0xdb,0xd6,0xdd,0xdb,0xd6,0xdd,0xdb,0xd6,0xdd,0xdb,0xd6,0xdd,0xdb,0xd6,0xdd,
  0xdb,0xd6,0xdd,0xdb,0xd6,0xdd,0xdb,0xd6,0xdd,0xdb,0xd6,0xdd,0xdc,0xd9,0xe0,0xdc,
  0xd8,0xdf,0xdb,0xd6,0xdd,0xdb,0xd9,0xdf,0xd9,0xcc,0xd5,0xed,0x3e,0x80,0xff,0x11,
  0x78,0xff,0x15,0x7d,0xea,0x19,0x6d,0xd1,0xa0,0xb7,0xdc,0xdf,0xe3,0xdb,0xd6,0xdd,
  0xdb,0xd6,0xdd,0xdb,0xd6,0xdd,0xdd,0xda,0xe0,0xde,0xe0,0xe4,0xae,0x57,0x81,0xc7,
  0x9,0x61,0xf1,0x14,0x7b,0xff,0x16,0x88,0xff,0x17,0x91,0xff,0x18,0x92,0xcc,0x12,
  0x70,0x7f,0xb,0x45,0x70,0xa,0x3d,0x8b,0xc,0x4b,0xca,0x11,0x6e,0xe7,0x14,0x7f,
  0xde,0x13,0x7c,0xd5,0x12,0x78,0xca,0x12,0x74,0xbc,0xb,0x6b,0xca,0x8a,0xb0,0xdb,
  0xdd,0xe1,0xdb,0xd7,0xdd,0xdb,0xd6,0xdd,0xdc,0xd9,0xdf,0xcb,0xbd,0xca,0xaf,0x1a,
  0x7f,0xf1,0x15,0xa9,0x95,0xd,0x58,0x7d,0xa,0x42,0x7c,0xa,0x43,0xa5,0xe,0x57,
  0xfe,0x17,0x8f,0xd9,0x13,0x7d,0x7d,0xb,0x43,0x7a,0x8,0x3e,0xa9,0xc,0x52,0xef,
  0x11,0x72,0xff,0x20,0x86,0xe1,0xb3,0xcc,0xd9,0xdb,0xdf,0xdc,0xd8,0xdf,0xdb,0xdb,
  0xe2,0xdb,0xd6,0xdd,0xdb,0xd6,0xdd,0xdb,0xd6,0xdd,0xdb,0xd6,0xdd,0xde,0xde,0xe3,
  0xb4,0x8b,0xa3,0x8d,0x5,0x4b,0xc9,0x12,0x71,0xee,0x14,0x85,0xff,0x7,0x89,0xee,
  0x55,0xa5,0xd9,0xdd,0xe0,0xdb,0xd6,0xdd,0xdb,0xd6,0xdd,0xdb,0xd6,0xdd,0xdb,0xd6,
  0xdd,0xdc,0xda,0xe1,0xca,0xaa,0xb5,0x9d,0x10,0x2c,0xc1,0xb,0x31,0xf8,0x13,0x49,
  0xff,0x17,0x57,0xff,0x18,0x5a,0xff,0x11,0x52,0xcf,0x51,0x71,0xd1,0x16,0x51,0xf4,
  0x58,0x91,0xd9,0xdd,0xe1,0xda,0xd6,0xdd,0xdb,0xd6,0xdd,0xdb,0xd6,0xdd,0xdb,0xd6,
  0xdd,0xdb,0xd6,0xdd,0xdb,0xd6,0xdd,0xdb,0xd6,0xdd,0xdb,0xd6,0xdd,0xdb,0xd6,0xdd,
  0xdb,0xd6,0xdd,0xdb,0xd6,0xdd,0xdb,0xd6,0xdd,0xdb,0xd6,0xdd,0xdb,0xd6,0xdd,0xdb,
  0xd6,0xdd,0xdb,0xd6,0xdd,0xdb,0xd6,0xdd,0xdb,0xd6,0xdd,0xdb,0xd6,0xdd,0xdb,0xd6,
  0xdd,0xdb,0xd6,0xdd,0xdb,0xd6,0xdd,0xdb,0xd6,0xdd,0xdb,0xd6,0xdd,0xdb,0xd6,0xdd,
  0xdb,0xd6,0xdd,0xdb,0xd6,0xdd,0xdb,0xd6,0xdd,0xdb,0xd6,0xdd,0xdb,0xd6,0xdd,0xdb,
  0xd6,0xdd,0xdb,0xd6,0xdd,0xdb,0xd6,0xdd,0xdb,0xd6,0xdd,0xdb,0xd6,0xdd,0xdb,0xd6,
  0xdd,0xdb,0xd6,0xdd,0xdb,0xd6,0xdd,0xdb,0xd6,0xdd,0xdb,0xd6,0xdd,0xdb,0xd6,0xdd,
  0xdb,0xd6,0xdd,0xdb,0xd6,0xdd,0xdb,0xd6,0xdd,0xdb,0xd7,0xde,0xcf,0xbb,0xc7,0xd6,
  0xc5,0xd0,0xdf,0xdf,0xe4,0xdf,0xde,0xe4,0xdc,0xde,0xe3,0xd9,0xc8,0xd3,0xee,0x38,
  0x80,0xff,0x11,0x7c,0xff,0x13,0x7f,0xe7,0x21,0x74,0xd0,0xa9,0xbd,0xdc,0xde,0xe2,
  0xdb,0xd6,0xdd,0xdf,0xdf,0xe4,0xd0,0xbf,0xcb,0x99,0x52,0x77,0x7c,0xf,0x45,0xb5,
  0xf,0x5e,0xea,0x14,0x7a,0xfc,0x16,0x87,0xdc,0x13,0x7b,0x99,0xe,0x56,0x6d,0xa,
  0x3c,0x80,0xb,0x46,0xb9,0x10,0x64,0xe8,0x14,0x7f,0xed,0x14,0x83,0xe5,0x14,0x80,
  0xde,0x13,0x7e,0xd7,0x12,0x7c,0xcf,0xb,0x76,0xd2,0x46,0x95,0xdb,0xd6,0xdd,0xdb,
  0xd7,0xdd,0xdb,0xd6,0xdd,0xdb,0xd6,0xdd,0xdb,0xd6,0xdd,0xd9,0xd9,0xdd,0xac,0x44,
  0x8c,0xde,0xf,0x9e,0x92,0xd,0x58,0x80,0xb,0x44,0x7c,0xa,0x42,0x81,0xb,0x45,
  0x97,0xd,0x53,0x86,0xc,0x49,0x79,0xb,0x40,0x94,0xc,0x4c,0xdd,0x11,0x6f,0xff,
  0x13,0x82,0xe7,0x94,0xbf,0xd9,0xdd,0xe0,0xdb,0xd8,0xdf,0xd7,0xc0,0xc8,0xd9,0xa7,
  0xb0,0xdb,0xd8,0xdf,0xdb,0xd6,0xdd,0xdb,0xd6,0xdd,0xdb,0xd6,0xdd,0xdf,0xde,0xe3,
  0xb3,0x8b,0xa3,0x8b,0x5,0x4d,0xc7,0x12,0x74,0xeb,0x15,0x89,0xfe,0xe,0x90,0xec,
  0x5e,0xac,0xd9,0xdd,0xdf,0xdb,0xd6,0xdd,0xdb,0xd6,0xdd,0xdb,0xd6,0xdd,0xdb,0xd6,
  0xdd,0xdb,0xd6,0xdd,0xdd,0xdd,0xe3,0xc0,0x93,0xa0,0xa5,0x12,0x33,0xf8,0x12,0x4c,
  0xff,0x12,0x58,0xff,0xd,0x4f,0xf6,0x24,0x57,0xb9,0x39,0x5e,0xf1,0xd,0x5c,0xe5,
  0xa1,0xbe,0xd9,0xdc,0xe0,0xdb,0xd6,0xdd,0xdb,0xd6,0xdd,0xdb,0xd6,0xdd,0xdb,0xd6,
  0xdd,0xdb,0xd6,0xdd,0xdb,0xd6,0xdd,0xdb,0xd6,0xdd,0xdb,0xd6,0xdd,0xdb,0xd6,0xdd,
  0xdb,0xd6,0xdd,0xdb,0xd6,0xdd,0xdb,0xd6,0xdd,0xdb,0xd6,0xdd,0xdb,0xd6,0xdd,0xdb,
  0xd6,0xdd,0xdb,0xd6,0xdd,0xdb,0xd6,0xdd,0xdb,0xd6,0xdd,0xdb,0xd6,0xdd,0xdb,0xd6,
  0xdd,0xdb,0xd6,0xdd,0xdb,0xd6,0xdd,0xdb,0xd6,0xdd,0xdb,0xd6,0xdd,0xdb,0xd6,0xdd,
  0xdb,0xd6,0xdd,0xdb,0xd6,0xdd,0xdb,0xd6,0xdd,0xdb,0xd6,0xdd,0xdb,0xd6,0xdd,0xdb,
  0xd6,0xdd,0xdb,0xd6,0xdd,0xdb,0xd6,0xdd,0xdb,0xd6,0xdd,0xdb,0xd6,0xdd,0xdb,0xd6,
  0xdd,0xdb,0xd6,0xdd,0xdb,0xd6,0xdd,0xdb,0xd6,0xdd,0xdb,0xd6,0xdd,0xdb,0xd6,0xdd,
  0xdb,0xd6,0xdd,0xdb,0xd6,0xdd,0xdb,0xd8,0xdf,0xd2,0xc0,0xcb,0xba,0x1d,0x5b,0xa3,
  0x24,0x56,0xa1,0x5e,0x7c,0xb5,0x88,0x9e,0xca,0xb4,0xc2,0xdb,0xdb,0xe0,0xdb,0xc7,
  0xd3,0xf0,0x39,0x84,0xff,0x14,0x83,0xff,0x12,0x81,0xe2,0x27,0x78,0xd2,0xb7,0xc7,
  0xdc,0xde,0xe2,0xb3,0x85,0x9f,0x7f,0x1b,0x4d,0x72,0x2,0x3a,0x75,0x9,0x3f,0x95,
  0xd,0x50,0xaa,0xf,0x5b,0x90,0xc,0x4e,0x70,0xa,0x3d,0x7c,0xb,0x43,0xb3,0x10,
  0x61,0xe5,0x14,0x7d,0xf3,0x15,0x86,0xed,0x15,0x84,0xe8,0x14,0x83,0xe5,0x13,0x83,
  0xdf,0x13,0x81,0xdb,0x11,0x80,0xde,0x1a,0x89,0xdc,0xb4,0xce,0xda,0xdb,0xdf,0xdb,
  0xd6,0xdd,0xdb,0xd6,0xdd,0xdb,0xd6,0xdd,0xdb,0xd6,0xdd,0xdc,0xdd,0xe0,0xaa,0x59,
  0x95,0xce,0xc,0x97,0x8f,0xd,0x58,0xa1,0xe,0x57,0xa8,0xf,0x5b,0x92,0xd,0x4f,
  0x87,0xc,0x49,0x88,0xc,0x4a,0x95,0xe,0x53,0xca,0x11,0x6b,0xfb,0xb,0x7e,0xef,
  0x70,0xb1,0xd9,0xdd,0xe0,0xdb,0xd6,0xdd,0xdc,0xde,0xe5,0xcb,0x74,0x7f,0xe4,0x2b,
  0x3e,0xdb,0xd5,0xdc,0xda,0xd6,0xdd,0xdb,0xd6,0xdd,0xdb,0xd6,0xdd,0xde,0xde,0xe2,
  0xb4,0x8c,0xa5,0x99,0x6,0x58,0xd8,0x13,0x83,0xf9,0x16,0x98,0xff,0xf,0x9f,0xee,
  0x61,0xb4,0xd9,0xdd,0xdf,0xdb,0xd6,0xdd,0xdb,0xd6,0xdd,0xdb,0xd6,0xdd,0xdb,0xd6,
  0xdd,0xdb,0xd6,0xdd,0xdb,0xd6,0xdd,0xda,0xdb,0xe0,0xb4,0x39,0x57,0xf9,0xb,0x4f,
  0xf6,0x4e,0x81,0xeb,0x77,0x94,0xcd,0x9f,0xad,0xc4,0x1d,0x57,0xfa,0x40,0x89,0xdb,
  0xd6,0xdd,0xda,0xd6,0xdd,0xdb,0xd6,0xdd,0xdb,0xd6,0xdd,0xdb,0xd6,0xdd,0xdb,0xd6,
  0xdd,0xdb,0xd6,0xdd,0xdb,0xd6,0xdd,0xdb,0xd6,0xdd,0xdb,0xd6,0xdd,0xdb,0xd6,0xdd,
  0xdb,0xd6,0xdd,0xdb,0xd6,0xdd,0xdb,0xd6,0xdd,0xdb,0xd6,0xdd,0xdb,0xd6,0xdd,0xdb,
  0xd6,0xdd,0xdb,0xd6,0xdd,0xdb,0xd6,0xdd,0xdb,0xd6,0xdd,0xdb,0xd6,0xdd,0xdb,0xd6,
  0xdd,0xdb,0xd6,0xdd,0xdb,0xd6,0xdd,0xdb,0xd6,0xdd,0xdb,0xd6,0xdd,0xdb,0xd6,0xdd,
  0xdb,0xd6,0xdd,0xdb,0xd6,0xdd,0xdb,0xd6,0xdd,0xdb,0xd6,0xdd,0xdb,0xd6,0xdd,0xdb,
  0xd6,0xdd,0xdb,0xd6,0xdd,0xdb,0xd6,0xdd,0xdb,0xd6,0xdd,0xdb,0xd6,0xdd,0xdb,0xd6,
  0xdd,0xdb,0xd6,0xdd,0xdb,0xd6,0xdd,0xdb,0xd6,0xdd,0xdb,0xd6,0xdd,0xdb,0xd6,0xdd,
  0xdb,0xd6,0xdd,0xdb,0xd6,0xdd,0xdb,0xd9,0xdf,0xd6,0xbb,0xca,0x9f,0x14,0x4b,0x80,
  0x6,0x38,0x7c,0x2,0x36,0x8d,0x4,0x40,0x8e,0xd,0x48,0x9b,0x4e,0x73,0xcc,0xbf,
  0xc9,0xd1,0x7a,0xa5,0xed,0x14,0x73,0xff,0x15,0x88,0xff,0x12,0x84,0xdd,0x30,0x7e,
  0x9d,0x52,0x78,0x72,0x5,0x3b,0x75,0x8,0x3e,0x77,0xb,0x41,0x77,0xb,0x41,0x73,
  0xb,0x3f,0x6e,0xa,0x3c,0x82,0xb,0x46,0xb0,0xf,0x60,0xe1,0x13,0x7b,0xf2,0x15,
  0x85,0xef,0x15,0x85,0xec,0x15,0x85,0xeb,0x15,0x86,0xe8,0x14,0x86,0xe4,0x14,0x85,
  0xe5,0x14,0x87,0xea,0xc,0x8a,0xde,0x76,0xb5,0xda,0xde,0xe0,0xdb,0xd6,0xdd,0xdb,
  0xd6,0xdd,0xdb,0xd6,0xdd,0xdb,0xd6,0xdd,0xdb,0xd6,0xdd,0xdc,0xdd,0xe0,0xaa,0x58,
  0x96,0xc8,0xc,0x96,0x88,0xc,0x54,0xa7,0xe,0x5d,0xd8,0x13,0x77,0xf0,0x15,0x84,
  0xf6,0x16,0x8c,0xf7,0x17,0x93,0xfc,0x18,0x99,0xfb,0x14,0x90,0xf0,0x5b,0xa8,0xdb,
  0xd1,0xda,0xda,0xd8,0xde,0xdb,0xd6,0xdd,0xdd,0xdd,0xe3,0xc5,0x94,0x9e,0xc5,0x14,
  0x29,0xe0,0xc3,0xcc,0xda,0xd8,0xdf,0xdb,0xd6,0xdd,0xdb,0xd6,0xdd,0xdc,0xd9,0xdf,
  0xca,0xb9,0xc6,0x97,0x17,0x62,0xd4,0x12,0x84,0xfa,0x16,0x9e,0xff,0x10,0xa4,0xe6,
  0x8a,0xc3,0xd9,0xdd,0xdf,0xdb,0xd6,0xdd,0xdb,0xd6,0xdd,0xdb,0xd6,0xdd,0xdb,0xd6,
  0xdd,0xdb,0xd6,0xdd,0xdb,0xd6,0xdd,0xd9,0xd8,0xde,0xb6,0x3b,0x5d,0xf1,0x31,0x69,
  0xdc,0xd2,0xdb,0xdb,0xe8,0xea,0xbb,0x84,0x9b,0xe6,0x3,0x59,0xec,0x8d,0xb8,0xd9,
  0xde,0xe1,0xdb,0xd6,0xdd,0xdb,0xd6,0xdd,0xdb,0xd6,0xdd,0xdb,0xd6,0xdd,0xdb,0xd6,
  0xdd,0xdb,0xd6,0xdd,0xdb,0xd6,0xdd,0xdb,0xd6,0xdd,0xdb,0xd6,0xdd,0xdb,0xd6,0xdd,
  0xdb,0xd6,0xdd,0xdb,0xd6,0xdd,0xdb,0xd6,0xdd,0xdb,0xd6,0xdd,0xdb,0xd6,0xdd,0xdb,
  0xd6,0xdd,0xdb,0xd6,0xdd,0xdb,0xd6,0xdd,0xdb,0xd6,0xdd,0xdb,0xd6,0xdd,0xdb,0xd6,
  0xdd,0xdb,0xd6,0xdd,0xdb,0xd6,0xdd,0xdb,0xd6,0xdd,0xdb,0xd6,0xdd,0xdb,0xd6,0xdd,
  0xdb,0xd6,0xdd,0xdb,0xd6,0xdd,0xdb,0xd6,0xdd,0xdb,0xd6,0xdd,0xdb,0xd6,0xdd,0xdb,
  0xd6,0xdd,0xdb,0xd6,0xdd,0xdb,0xd6,0xdd,0xdb,0xd6,0xdd,0xdb,0xd6,0xdd,0xdb,0xd6,
  0xdd,0xdb,0xd6,0xdd,0xdb,0xd6,0xdd,0xdb,0xd6,0xdd,0xdb,0xd6,0xdd,0xdb,0xd6,0xdd,
  0xdb,0xd6,0xdd,0xdb,0xd6,0xdd,0xdb,0xd7,0xde,0xd6,0xcd,0xd6,0x89,0x23,0x4e,0x86,
  0x8,0x3e,0xa7,0xe,0x52,0xad,0xe,0x57,0x9c,0xc,0x4f,0xa2,0x8,0x53,0xd8,0x19,
  0x79,0xd8,0xf,0x76,0xc4,0x2d,0x77,0xf0,0x2d,0x86,0xff,0x14,0x8c,0xff,0x14,0x8a,
  0xc1,0xa,0x61,0x78,0xa,0x41,0x74,0xa,0x3f,0x73,0xb,0x3f,0x78,0xb,0x41,0x8c,
  0xc,0x4c,0xb4,0xf,0x62,0xde,0x13,0x79,0xec,0x14,0x82,0xeb,0x14,0x83,0xea,0x14,
  0x84,0xeb,0x15,0x86,0xea,0x15,0x87,0xe8,0x15,0x87,0xe9,0x15,0x88,0xee,0x15,0x8e,
  0xf1,0xf,0x90,0xe2,0x3f,0xa0,0xda,0xd2,0xdb,0xda,0xd7,0xdd,0xdb,0xd6,0xdd,0xdb,
  0xd6,0xdd,0xdb,0xd6,0xdd,0xdb,0xd6,0xdd,0xdb,0xd6,0xdd,0xdc,0xdd,0xe0,0xa9,0x58,
  0x97,0xcb,0xc,0x9e,0x95,0xf,0x63,0xa8,0xe,0x5f,0xd5,0x13,0x79,0xf4,0x15,0x89,
  0xff,0x17,0x95,0xff,0x18,0x9d,0xff,0x18,0x9f,0xfc,0x19,0x99,0xdc,0xbb,0xd1,0xda,
  0xdb,0xde,0xdb,0xd6,0xdd,0xdb,0xd6,0xdd,0xdc,0xda,0xe0,0xcf,0xb6,0xbf,0xa8,0xc,
  0x23,0xd2,0x9a,0xa6,0xdc,0xdd,0xe4,0xdb,0xd6,0xdd,0xdb,0xd6,0xdd,0xdb,0xd6,0xdd,
  0xdb,0xda,0xde,0x9e,0x43,0x7b,0xc7,0xc,0x7e,0xf9,0x15,0xa2,0xfd,0x20,0xab,0xde,
  0xbe,0xd4,0xda,0xd9,0xde,0xdb,0xd6,0xdd,0xdb,0xd6,0xdd,0xdb,0xd6,0xdd,0xdb,0xd6,
  0xdd,0xdb,0xd6,0xdd,0xdb,0xd8,0xde,0xd1,0xc6,0xce,0xbd,0x16,0x47,0xf0,0x68,0x94,
  0xda,0xe0,0xe4,0xd4,0xcf,0xd6,0xb8,0x2a,0x60,0xf9,0x28,0x80,0xdd,0xc9,0xd6,0xda,
  0xd7,0xde,0xdb,0xd6,0xdd,0xdb,0xd6,0xdd,0xdb,0xd6,0xdd,0xdb,0xd6,0xdd,0xdb,0xd6,
  0xdd,0xdb,0xd6,0xdd,0xdb,0xd6,0xdd,0xdb,0xd6,0xdd,0xdb,0xd6,0xdd,0xdb,0xd6,0xdd,
  0xdb,0xd6,0xdd,0xdb,0xd6,0xdd,0xdb,0xd6,0xdd,0xdb,0xd6,0xdd,0xdb,0xd6,0xdd,0xdb,
  0xd6,0xdd,0xdb,0xd6,0xdd,0xdb,0xd6,0xdd,0xdb,0xd6,0xdd,0xdb,0xd6,0xdd,0xdb,0xd6,
  0xdd,0xdb,0xd6,0xdd,0xdb,0xd6,0xdd,0xdb,0xd6,0xdd,0xdb,0xd6,0xdd,0xdb,0xd6,0xdd,
  0xdb,0xd6,0xdd,0xdb,0xd6,0xdd,0xdb,0xd6,0xdd,0xdb,0xd6,0xdd,0xdb,0xd6,0xdd,0xdb,
  0xd6,0xdd,0xdb,0xd6,0xdd,0xdb,0xd6,0xdd,0xdb,0xd6,0xdd,0xdb,0xd6,0xdd,0xdb,0xd6,
  0xdd,0xdb,0xd6,0xdd,0xdb,0xd6,0xdd,0xdb,0xd6,0xdd,0xdb,0xd6,0xdd,0xdb,0xd6,0xdd,
  0xdb,0xd6,0xdd,0xdb,0xd6,0xdd,0xdb,0xd7,0xde,0xd6,0xcd,0xd6,0x8a,0x24,0x50,0xa5,
  0xb,0x4f,0xb6,0xf,0x5c,0xaa,0xe,0x58,0xc5,0x11,0x6b,0xf9,0x15,0x8a,0xf9,0x14,
  0x8a,0xe2,0x10,0x7e,0xc4,0x2d,0x7e,0xd2,0x9e,0xb8,0xf0,0x23,0x84,0xff,0x16,0x93,
  0xff,0x17,0x8f,0xaf,0xf,0x5e,0x7e,0xb,0x45,0x9b,0xd,0x55,0xbd,0x10,0x67,0xd7,
  0x12,0x76,0xe1,0x13,0x7c,0xe2,0x13,0x7e,0xe4,0x13,0x81,0xe7,0x13,0x83,0xe8,0x14,
  0x85,0xe8,0x15,0x87,0xe9,0x14,0x88,0xee,0x15,0x8d,0xf4,0x16,0x93,0xf3,0x15,0x96,
  0xe8,0x14,0x93,0xdb,0xa6,0xc9,0xda,0xdc,0xdf,0xdb,0xd6,0xdd,0xdb,0xd6,0xdd,0xdb,
  0xd6,0xdd,0xdb,0xd6,0xdd,0xdb,0xd6,0xdd,0xdb,0xd6,0xdd,0xdd,0xdd,0xe0,0xa8,0x58,
  0x98,0xcd,0xe,0xa5,0xb0,0x39,0x8c,0xa5,0xd,0x5f,0xd6,0x13,0x7d,0xf4,0x15,0x8d,
  0xff,0x17,0x98,0xff,0x18,0x9f,0xff,0x12,0x9f,0xf4,0x45,0xa9,0xda,0xd5,0xdc,0xda,
  0xd6,0xdd,0xdb,0xd6,0xdd,0xdb,0xd6,0xdd,0xdc,0xda,0xe1,0xcc,0xae,0xb8,0x9c,0xa,
  0x24,0xc6,0x2c,0x49,0xdb,0xc8,0xd1,0xda,0xd8,0xde,0xdb,0xd6,0xdd,0xdb,0xd6,0xdd,
  0xde,0xde,0xe2,0xb1,0x7f,0xa1,0xb8,0x9,0x78,0xf9,0x10,0xa5,0xf6,0x4d,0xbb,0xdb,
  0xdf,0xe1,0xdb,0xd8,0xde,0xdb,0xd6,0xdd,0xdb,0xd6,0xdd,0xdb,0xd6,0xdd,0xdb,0xd6,
  0xdd,0xdb,0xd6,0xdd,0xdd,0xdd,0xe2,0xc4,0xa6,0xb4,0xce,0x8,0x47,0xea,0x97,0xb6,
  0xdc,0xe4,0xe7,0xc0,0x9a,0xac,0xd7,0x5,0x5c,0xf0,0x77,0xb1,0xd9,0xde,0xe1,0xdb,
  0xd6,0xdd,0xdb,0xd6,0xdd,0xdb,0xd6,0xdd,0xdb,0xd6,0xdd,0xdb,0xd6,0xdd,0xdb,0xd6,
  0xdd,0xdb,0xd6,0xdd,0xdb,0xd6,0xdd,0xdb,0xd6,0xdd,0xdb,0xd6,0xdd,0xdb,0xd6,0xdd,
  0xdb,0xd6,0xdd,0xdb,0xd6,0xdd,0xdb,0xd6,0xdd,0xdb,0xd6,0xdd,0xdb,0xd6,0xdd,0xdb,
  0xd6,0xdd,0xdb,0xd6,0xdd,0xdb,0xd6,0xdd,0xdb,0xd6,0xdd,0xdb,0xd6,0xdd,0xdb,0xd6,
  0xdd,0xdb,0xd6,0xdd,0xdb,0xd6,0xdd,0xdb,0xd6,0xdd,0xdb,0xd6,0xdd,0xdb,0xd6,0xdd,
  0xdb,0xd6,0xdd,0xdb,0xd6,0xdd,0xdb,0xd6,0xdd,0xdb,0xd6,0xdd,0xdb,0xd6,0xdd,0xdb,
  0xd6,0xdd,0xdb,0xd6,0xdd,0xdb,0xd6,0xdd,0xdb,0xd6,0xdd,0xdb,0xd6,0xdd,0xdb,0xd6,
  0xdd,0xdb,0xd6,0xdd,0xdb,0xd6,0xdd,0xdb,0xd6,0xdd,0xdb,0xd6,0xdd,0xdb,0xd6,0xdd,
  0xdb,0xd6,0xdd,0xdb,0xd6,0xdd,0xdc,0xd8,0xdf,0xd6,0xd0,0xd7,0x9b,0x26,0x5a,0xaf,
  0xb,0x56,0xaf,0xf,0x5a,0xd4,0x12,0x76,0xff,0x16,0x92,0xff,0x16,0x92,0xf8,0x15,
  0x8e,0xe8,0x14,0x86,0xca,0xf,0x75,0xce,0xac,0xc2,0xa7,0x45,0x75,0xea,0xf,0x7b,
  0xff,0x18,0x98,0xc0,0x11,0x6b,0xb5,0xf,0x63,0xc8,0x11,0x6e,0xcf,0x11,0x73,0xd4,
  0x12,0x77,0xda,0x13,0x7b,0xde,0x13,0x7e,0xe1,0x13,0x81,0xe4,0x13,0x84,0xe5,0x14,
  0x86,0xec,0x15,0x8c,0xf4,0x15,0x93,0xf6,0x16,0x97,0xf3,0x16,0x98,0xed,0xf,0x95,
  0xdf,0x4b,0xa8,0xda,0xd9,0xde,0xdb,0xd6,0xdd,0xdb,0xd6,0xdd,0xdb,0xd6,0xdd,0xdb,
  0xd6,0xdd,0xdb,0xd6,0xdd,0xdb,0xd6,0xdd,0xdb,0xd6,0xdd,0xdd,0xdd,0xe0,0xa7,0x58,
  0x99,0xc9,0xb,0xa6,0xc3,0x6b,0xaf,0x9a,0x15,0x5f,0xce,0x12,0x7b,0xee,0x15,0x8d,
  0xfe,0x17,0x9a,0xff,0x17,0xa0,0xff,0x14,0x9d,0xe2,0xa0,0xc9,0xda,0xdc,0xdf,0xdb,
  0xd6,0xdd,0xdb,0xd6,0xdd,0xdb,0xd6,0xdd,0xde,0xde,0xe4,0xbc,0x84,0x92,0xa9,0x3,
  0x26,0xe1,0xa,0x38,0xde,0x9f,0xb1,0xda,0xdb,0xe2,0xdb,0xd6,0xdd,0xdb,0xd6,0xdd,
  0xdc,0xd9,0xdf,0xc8,0xb7,0xc5,0xad,0x15,0x79,0xfa,0x13,0xad,0xd2,0x45,0x98,0xb8,
  0x6c,0x8a,0xd7,0xcf,0xd7,0xdd,0xdc,0xe2,0xdc,0xd7,0xde,0xde,0xdb,0xe1,0xdf,0xdd,
  0xe3,0xdf,0xde,0xe3,0xde,0xdd,0xe3,0xa6,0x61,0x7b,0xc5,0x12,0x4f,0xe4,0xc0,0xd1,
  0xd8,0xda,0xdf,0xb1,0x42,0x72,0xf5,0x15,0x7a,0xe1,0xba,0xd1,0xda,0xd9,0xde,0xdb,
  0xd6,0xdd,0xdc,0xdd,0xe4,0xdb,0xd8,0xdf,0xdb,0xd6,0xdd,0xdb,0xd6,0xdd,0xdb,0xd6,
  0xdd,0xdb,0xd6,0xdd,0xdb,0xd6,0xdd,0xdb,0xd6,0xdd,0xdb,0xd6,0xdd,0xdb,0xd6,0xdd,
  0xdb,0xd6,0xdd,0xdb,0xd6,0xdd,0xdb,0xd6,0xdd,0xdb,0xd6,0xdd,0xdb,0xd6,0xdd,0xdb,
  0xd6,0xdd,0xdb,0xd6,0xdd,0xdb,0xd6,0xdd,0xdb,0xd6,0xdd,0xdb,0xd6,0xdd,0xdb,0xd6,
  0xdd,0xdb,0xd6,0xdd,0xdb,0xd6,0xdd,0xdb,0xd6,0xdd,0xdb,0xd6,0xdd,0xdb,0xd6,0xdd,
  0xdb,0xd6,0xdd,0xdb,0xd6,0xdd,0xdb,0xd6,0xdd,0xdb,0xd6,0xdd,0xdb,0xd6,0xdd,0xdb,
  0xd6,0xdd,0xdb,0xd6,0xdd,0xdb,0xd6,0xdd,0xdb,0xd6,0xdd,0xdb,0xd6,0xdd,0xdb,0xd6,
  0xdd,0xdb,0xd6,0xdd,0xdb,0xd6,0xdd,0xdb,0xd6,0xdd,0xdb,0xd6,0xdd,0xdb,0xd6,0xdd,
  0xdb,0xd6,0xdd,0xdc,0xd7,0xde,0xd7,0xd0,0xd8,0xcd,0xb7,0xc4,0x9d,0x25,0x5c,0xa4,
  0xb,0x52,0xc5,0x11,0x6d,0xff,0x17,0x96,0xff,0x17,0x96,0xff,0x17,0x95,0xfa,0x16,
  0x93,0xf3,0x15,0x91,0xe1,0xc,0x83,0xd0,0x7b,0xad,0x8c,0x44,0x6a,0x96,0x7,0x4f,
  0xc0,0x11,0x6b,0xa9,0xe,0x5e,0xb7,0x10,0x67,0xc1,0x10,0x6d,0xca,0x11,0x73,0xd1,
  0x12,0x77,0xd7,0x12,0x7c,0xda,0x12,0x7f,0xdf,0x13,0x83,0xe8,0x14,0x8a,0xf1,0x15,
  0x91,0xf6,0x16,0x96,0xf5,0x16,0x98,0xf2,0x15,0x99,0xf0,0x16,0x9c,0xea,0x10,0x9a,
  0xdb,0x9b,0xc7,0xda,0xdd,0xdf,0xdb,0xd6,0xdd,0xdb,0xd6,0xdd,0xdb,0xd6,0xdd,0xdb,
  0xd6,0xdd,0xdb,0xd6,0xdd,0xdb,0xd6,0xdd,0xdb,0xd6,0xdd,0xdd,0xdd,0xe0,0xa6,0x58,
  0x9b,0xc5,0x7,0xa6,0xd4,0x90,0xcb,0x9c,0x35,0x72,0xc2,0xe,0x77,0xe5,0x14,0x8c,
  0xf9,0x16,0x98,0xff,0x10,0x9c,0xf1,0x4d,0xae,0xd9,0xd9,0xde,0xda,0xd6,0xdd,0xdb,
  0xd6,0xdd,0xdb,0xd6,0xdd,0xdb,0xd6,0xdd,0xdd,0xdc,0xe2,0xc6,0x9c,0xa9,0xc4,0x9,
  0x33,0xff,0xa,0x46,0xe9,0x85,0xa1,0xd9,0xdd,0xe2,0xdb,0xd6,0xdd,0xdb,0xd6,0xdd,
  0xdb,0xd6,0xdd,0xd9,0xd7,0xdc,0xaf,0x44,0x8e,0xea,0x17,0xa8,0x9f,0x23,0x62,0x78,
  0x0,0x32,0x8f,0x29,0x57,0xc5,0x9b,0xb1,0xd9,0xd3,0xdb,0xc6,0xac,0xbc,0xbc,0x98,
  0xad,0xbc,0x99,0xae,0x9e,0x4c,0x70,0x99,0x9,0x41,0xaf,0x16,0x50,0xd6,0xbe,0xcb,
  0xc6,0xb3,0xbf,0xc7,0xa,0x60,0xf5,0x5e,0xa9,0xd9,0xdc,0xdf,0xdb,0xd6,0xdd,0xda,
  0xd9,0xdf,0xcf,0x8c,0x96,0xdc,0xc1,0xc9,0xdb,0xd8,0xdf,0xdb,0xd6,0xdd,0xdb,0xd6,
  0xdd,0xdb,0xd6,0xdd,0xdb,0xd6,0xdd,0xdb,0xd6,0xdd,0xdb,0xd6,0xdd,0xdc,0xd9,0xdf,
  0xde,0xdc,0xe2,0xdd,0xdf,0xe3,0xdb,0xd9,0xdf,0xdb,0xd6,0xdd,0xdb,0xd6,0xdd,0xdb,
  0xd6,0xdd,0xdb,0xd6,0xdd,0xdb,0xd6,0xdd,0xdb,0xd6,0xdd,0xdb,0xd6,0xdd,0xdb,0xd6,
  0xdd,0xdb,0xd6,0xdd,0xdb,0xd6,0xdd,0xdb,0xd6,0xdd,0xdb,0xd6,0xdd,0xdb,0xd6,0xdd,
  0xdb,0xd6,0xdd,0xdb,0xd6,0xdd,0xdb,0xd6,0xdd,0xdb,0xd6,0xdd,0xdb,0xd6,0xdd,0xdb,
  0xd6,0xdd,0xdb,0xd6,0xdd,0xdb,0xd6,0xdd,0xdb,0xd6,0xdd,0xdb,0xd6,0xdd,0xdb,0xd6,
  0xdd,0xdb,0xd6,0xdd,0xdb,0xd6,0xdd,0xdb,0xd6,0xdd,0xdb,0xd6,0xdd,0xdb,0xd6,0xdd,
  0xdb,0xd6,0xdd,0xda,0xd9,0xdf,0xbd,0x58,0x81,0xac,0x13,0x50,0x87,0xf,0x46,0xbe,
  0x10,0x66,0xfe,0x16,0x91,0xff,0x17,0x97,0xff,0x16,0x98,0xff,0x17,0x99,0xff,0x17,
  0x9d,0xfe,0x17,0x9c,0xe8,0xc,0x8a,0xd0,0x72,0xaa,0x8e,0x43,0x6b,0x7d,0x6,0x44,
  0x93,0xd,0x53,0xa7,0xe,0x5f,0xb4,0xf,0x67,0xbd,0x10,0x6d,0xc6,0x11,0x72,0xcd,
  0x12,0x78,0xd6,0x12,0x7e,0xe3,0x14,0x87,0xed,0x15,0x8f,0xf2,0x16,0x94,0xf2,0x16,
  0x97,0xf2,0x16,0x98,0xf2,0x15,0x9c,0xf4,0x16,0xa0,0xf3,0x11,0xa1,0xe2,0x3d,0xaa,
  0xd9,0xd4,0xdb,0xdb,0xd6,0xdd,0xdb,0xd6,0xdd,0xdb,0xd6,0xdd,0xdb,0xd6,0xdd,0xdb,
  0xd6,0xdd,0xdb,0xd6,0xdd,0xdb,0xd6,0xdd,0xdb,0xd6,0xdd,0xdd,0xdd,0xe0,0xa6,0x58,
  0x9c,0xc1,0x6,0xa8,0xdb,0x9e,0xd6,0xa8,0x64,0x8e,0xb8,0x9,0x73,0xe4,0x14,0x91,
  0xf9,0x16,0x9d,0xfc,0x17,0xa1,0xe0,0xa9,0xce,0xda,0xdb,0xde,0xdb,0xd6,0xdd,0xdb,
  0xd6,0xdd,0xdb,0xd6,0xdd,0xdb,0xd6,0xdd,0xdb,0xd8,0xde,0xd4,0xc5,0xce,0xab,0x1e,
  0x40,0xdc,0xc,0x41,0xe5,0xa4,0xb9,0xda,0xdb,0xe1,0xdb,0xd6,0xdd,0xdb,0xd6,0xdd,
  0xdb,0xd6,0xdd,0xdd,0xdf,0xe1,0xaf,0x63,0x9b,0xcb,0xc,0x93,0x80,0xd,0x45,0x7a,
  0xa,0x3f,0x96,0x7,0x4d,0x88,0x16,0x4e,0x83,0x2b,0x59,0x73,0xb,0x41,0x6e,0x3,
  0x3b,0x71,0x4,0x3c,0x7a,0x5,0x40,0x93,0xc,0x4d,0xc2,0x9,0x59,0xdf,0x66,0x9a,
  0xaf,0x5d,0x85,0xec,0xb,0x79,0xe5,0xa8,0xcb,0xdb,0xdf,0xe2,0xde,0xe3,0xe9,0xc3,
  0x8a,0x94,0xde,0x4,0x1c,0xe6,0xa4,0xb0,0xd9,0xdb,0xe2,0xdb,0xd6,0xdd,0xdb,0xd6,
  0xdd,0xdc,0xd9,0xdf,0xde,0xdb,0xe1,0xde,0xdc,0xe1,0xdc,0xd9,0xdf,0xd1,0xc2,0xcd,
  0xbf,0x9e,0xae,0xb7,0x5c,0x81,0xd9,0xb4,0xc6,0xdb,0xd9,0xdf,0xdb,0xd6,0xdd,0xdb,
  0xd6,0xdd,0xdb,0xd6,0xdd,0xdb,0xd6,0xdd,0xdb,0xd6,0xdd,0xdb,0xd6,0xdd,0xdb,0xd6,
  0xdd,0xdb,0xd6,0xdd,0xdb,0xd6,0xdd,0xdb,0xd6,0xdd,0xdb,0xd6,0xdd,0xdb,0xd6,0xdd,
  0xdb,0xd6,0xdd,0xdb,0xd6,0xdd,0xdb,0xd6,0xdd,0xdb,0xd6,0xdd,0xdb,0xd6,0xdd,0xdb,
  0xd6,0xdd,0xdb,0xd6,0xdd,0xdb,0xd6,0xdd,0xdb,0xd6,0xdd,0xdb,0xd6,0xdd,0xdb,0xd6,
  0xdd,0xdb,0xd6,0xdd,0xdb,0xd6,0xdd,0xdb,0xd6,0xdd,0xdb,0xd6,0xdd,0xdb,0xd6,0xdd,
  0xdb,0xd6,0xdd,0xd9,0xd9,0xde,0xd2,0x4c,0x82,0xc0,0x2,0x50,0x9f,0xd,0x50,0xec,
  0x15,0x83,0xff,0x17,0x93,0xff,0x16,0x96,0xff,0x16,0x9a,0xff,0x18,0xa1,0xff,0x18,
  0xa5,0xff,0x17,0xa0,0xea,0xc,0x8f,0xd3,0x79,0xb0,0x97,0x57,0x7b,0x78,0x0,0x3f,
  0x91,0x9,0x52,0xa2,0xd,0x5d,0xb0,0xf,0x67,0xbf,0x11,0x70,0xce,0x12,0x7a,0xdd,
  0x14,0x85,0xe7,0x15,0x8c,0xeb,0x16,0x91,0xec,0x16,0x93,0xec,0x16,0x96,0xee,0x15,
  0x99,0xf3,0x16,0x9f,0xf8,0x17,0xa5,0xf7,0x16,0xa7,0xec,0x11,0xa2,0xda,0x91,0xc5,
  0xda,0xdd,0xdf,0xdb,0xd6,0xdd,0xdb,0xd6,0xdd,0xdb,0xd6,0xdd,0xdb,0xd6,0xdd,0xdb,
  0xd6,0xdd,0xdb,0xd6,0xdd,0xdb,0xd6,0xdd,0xdb,0xd6,0xdd,0xdd,0xdd,0xdf,0xa5,0x58,
  0x9d,0xbf,0x6,0xab,0xda,0x9d,0xd6,0xbb,0x9a,0xb0,0xad,0xa,0x72,0xe2,0x14,0x95,
  0xfa,0x10,0xa2,0xed,0x4d,0xb3,0xd9,0xd9,0xdd,0xdb,0xd6,0xdd,0xdb,0xd6,0xdd,0xdb,
  0xd6,0xdd,0xdb,0xd6,0xdd,0xdb,0xd6,0xdd,0xdb,0xd6,0xdd,0xdd,0xdd,0xe3,0xb8,0x85,
  0x95,0xa6,0xb,0x36,0xdb,0xb3,0xc2,0xdb,0xda,0xe0,0xdb,0xd6,0xdd,0xdb,0xd6,0xdd,
  0xdb,0xd6,0xdd,0xdd,0xde,0xe1,0xad,0x61,0x9b,0xc6,0xb,0x95,0xa4,0xe,0x5e,0xe7,
  0x14,0x80,0xc9,0x12,0x72,0x8c,0xb,0x52,0xa5,0xb,0x61,0xb0,0xf,0x6a,0xb7,0x10,
  0x6e,0xbb,0x11,0x70,0xb2,0x10,0x6a,0xa5,0xf,0x61,0x9c,0xd,0x59,0xad,0x14,0x61,
  0xb0,0xf,0x5f,0xef,0x48,0xa0,0xdd,0xdb,0xe2,0xd1,0xbe,0xc6,0xb3,0x65,0x76,0xc3,
  0x10,0x2b,0xf6,0x41,0x5d,0xdc,0xd1,0xd9,0xda,0xd7,0xde,0xdb,0xd6,0xdd,0xdc,0xd8,
  0xdf,0xd0,0xc1,0xcc,0xc6,0xac,0xbd,0xc4,0xa9,0xba,0x95,0x44,0x6a,0x85,0x17,0x48,
  0x8d,0x8,0x40,0xca,0x0,0x51,0xe9,0x84,0xb1,0xd9,0xdd,0xe1,0xdb,0xd6,0xdd,0xdb,
  0xd6,0xdd,0xdb,0xd6,0xdd,0xdb,0xd6,0xdd,0xdb,0xd6,0xdd,0xdb,0xd6,0xdd,0xdb,0xd6,
  0xdd,0xdb,0xd6,0xdd,0xdb,0xd6,0xdd,0xdb,0xd6,0xdd,0xdb,0xd6,0xdd,0xdb,0xd6,0xdd,
  0xdb,0xd6,0xdd,0xdb,0xd6,0xdd,0xdb,0xd6,0xdd,0xdb,0xd6,0xdd,0xdb,0xd6,0xdd,0xdb,
  0xd6,0xdd,0xdb,0xd6,0xdd,0xdb,0xd6,0xdd,0xdb,0xd6,0xdd,0xdb,0xd6,0xdd,0xdb,0xd6,
  0xdd,0xdb,0xd6,0xdd,0xdb,0xd6,0xdd,0xdb,0xd6,0xdd,0xdb,0xd6,0xdd,0xdb,0xd6,0xdd,
  0xdb,0xd6,0xdd,0xdb,0xd9,0xdf,0xdb,0xc2,0xd0,0xc9,0x4b,0x81,0xd9,0x12,0x71,0xf9,
  0x15,0x8a,0xfc,0x16,0x90,0xff,0x16,0x96,0xff,0x17,0xa0,0xff,0x19,0xa7,0xff,0x18,
  0xa7,0xff,0x17,0xa5,0xee,0xd,0x95,0xd4,0x77,0xb1,0xbd,0xa5,0xb5,0x9c,0x45,0x76,
  0xa6,0x2c,0x70,0xb5,0x18,0x70,0xc5,0xe,0x75,0xd3,0xc,0x7d,0xda,0xc,0x83,0xdd,
  0x11,0x89,0xdf,0x14,0x8c,0xe2,0x15,0x90,0xe5,0x15,0x94,0xeb,0x15,0x9a,0xf1,0x16,
  0xa1,0xf5,0x17,0xa6,0xf5,0x17,0xa8,0xf3,0x17,0xaa,0xde,0xe,0x9d,0xca,0x84,0xb8,
  0xdc,0xde,0xe0,0xdb,0xd6,0xdd,0xdb,0xd6,0xdd,0xdb,0xd6,0xdd,0xdb,0xd6,0xdd,0xdb,
  0xd6,0xdd,0xdb,0xd6,0xdd,0xdb,0xd6,0xdd,0xdb,0xd6,0xdd,0xdd,0xdd,0xdf,0xa4,0x59,
  0x9f,0xbc,0x6,0xae,0xd7,0x98,0xd4,0xd0,0xcb,0xd1,0xaa,0x1f,0x7b,0xe1,0x12,0x98,
  0xf5,0x18,0xa8,0xdf,0xa9,0xcf,0xda,0xdb,0xde,0xdb,0xd6,0xdd,0xdb,0xd6,0xdd,0xdb,
  0xd6,0xdd,0xdb,0xd6,0xdd,0xdb,0xd6,0xdd,0xdb,0xd6,0xdd,0xdc,0xd9,0xdf,0xcf,0xbf,
  0xc9,0x9e,0xe,0x3b,0xd5,0x91,0xaa,0xdb,0xdc,0xe2,0xdb,0xd6,0xdd,0xdb,0xd6,0xdd,
  0xdb,0xd6,0xdd,0xdd,0xde,0xe1,0xaa,0x61,0x9c,0xcc,0xc,0x9d,0xfe,0x17,0x94,0xf1,
  0x15,0x87,0xa3,0xe,0x61,0xb1,0x10,0x6c,0xbe,0x10,0x74,0xc9,0x11,0x7b,0xd3,0x13,
  0x81,0xde,0x14,0x88,0xe8,0x14,0x8d,0xec,0x15,0x8f,0xe1,0x14,0x87,0xc4,0x11,0x73,
  0xb1,0x9,0x61,0xbf,0x51,0x8b,0xd5,0xcf,0xd5,0xa4,0x39,0x51,0xc1,0x0,0x27,0xf5,
  0x17,0x43,0xe1,0xb6,0xc3,0xda,0xdb,0xe1,0xdb,0xd6,0xdd,0xdb,0xd6,0xdd,0xde,0xdc,
  0xe2,0x9a,0x55,0x7a,0x73,0x5,0x3d,0x81,0xd,0x47,0x80,0x4,0x3f,0x9e,0xc,0x4f,
  0xbf,0x10,0x5d,0xdb,0xc,0x63,0xe3,0x9a,0xbb,0xda,0xdc,0xe0,0xdb,0xd6,0xdd,0xdd,
  0xdb,0xe1,0xdd,0xdd,0xe2,0xdb,0xd6,0xdd,0xdb,0xd6,0xdd,0xdb,0xd6,0xdd,0xdb,0xd6,
  0xdd,0xdb,0xd6,0xdd,0xdb,0xd6,0xdd,0xdb,0xd6,0xdd,0xdb,0xd6,0xdd,0xdb,0xd6,0xdd,
  0xdb,0xd6,0xdd,0xdb,0xd6,0xdd,0xdb,0xd6,0xdd,0xdb,0xd6,0xdd,0xdb,0xd6,0xdd,0xdb,
  0xd6,0xdd,0xdb,0xd6,0xdd,0xdb,0xd6,0xdd,0xdb,0xd6,0xdd,0xdb,0xd6,0xdd,0xdb,0xd6,
  0xdd,0xdb,0xd6,0xdd,0xdb,0xd6,0xdd,0xdb,0xd6,0xdd,0xdb,0xd6,0xdd,0xdb,0xd6,0xdd,
  0xdb,0xd6,0xdd,0xdb,0xd6,0xdd,0xdb,0xdb,0xe0,0xd5,0xc6,0xd1,0xd6,0x1a,0x79,0xe9,
  0x11,0x81,0xf1,0x15,0x8c,0xfc,0x17,0x97,0xff,0x18,0xa2,0xff,0x18,0xa7,0xff,0x19,
  0xaa,0xff,0x18,0xaa,0xec,0xd,0x97,0xcc,0x6e,0xab,0xde,0xe3,0xe4,0xde,0xdb,0xe1,
  0xdc,0xd1,0xdb,0xd9,0xbd,0xd1,0xd5,0xa2,0xc3,0xd2,0x88,0xb6,0xcd,0x5e,0xa2,0xc8,
  0x26,0x8a,0xcc,0xd,0x84,0xd7,0xd,0x8c,0xe0,0x13,0x96,0xe7,0x15,0x9d,0xec,0x16,
  0xa2,0xf0,0x16,0xa7,0xf2,0x17,0xac,0xf1,0x17,0xae,0xe0,0xf,0xa2,0xc3,0x46,0xa1,
  0xda,0xd9,0xdd,0xdb,0xd6,0xdd,0xdb,0xd6,0xdd,0xdb,0xd6,0xdd,0xdb,0xd6,0xdd,0xdb,
  0xd6,0xdd,0xdb,0xd6,0xdd,0xdb,0xd6,0xdd,0xdb,0xd6,0xdd,0xda,0xd8,0xdc,0x95,0x42,
  0x92,0xbb,0x8,0xb2,0xd5,0x97,0xd4,0xd6,0xd8,0xd9,0xa4,0x2e,0x7f,0xe2,0xc,0x9d,
  0xeb,0x49,0xb9,0xd9,0xda,0xdd,0xda,0xd6,0xdd,0xdb,0xd6,0xdd,0xdb,0xd6,0xdd,0xdb,
  0xd6,0xdd,0xdb,0xd6,0xdd,0xdb,0xd6,0xdd,0xdb,0xd6,0xdd,0xdb,0xd7,0xdd,0xd7,0xcf,
  0xd7,0x9b,0x21,0x4b,0xcb,0x6b,0x8e,0xdc,0xde,0xe3,0xdb,0xd6,0xdd,0xdb,0xd6,0xdd,
  0xdb,0xd6,0xdd,0xdd,0xde,0xe0,0xa9,0x61,0x9c,0xcc,0xc,0xa2,0xff,0x16,0x96,0xb7,
  0x10,0x6a,0x9c,0xe,0x60,0xaa,0xf,0x69,0xb6,0x10,0x72,0xc2,0x11,0x7a,0xce,0x12,
  0x81,0xd9,0x14,0x88,0xe3,0x15,0x8e,0xec,0x15,0x92,0xf7,0x16,0x97,0xfc,0x17,0x99,
  0xe7,0x14,0x8b,0xc4,0xf,0x71,0xb4,0x3e,0x73,0xa9,0xc,0x30,0xfc,0x10,0x4c,0xfe,
  0x27,0x5d,0xdd,0xcb,0xd5,0xda,0xd7,0xde,0xdb,0xd6,0xdd,0xdb,0xd6,0xdd,0xd9,0xd2,
  0xda,0x85,0x2c,0x5c,0x74,0x6,0x40,0x96,0xc,0x54,0xac,0xf,0x5e,0xbb,0x10,0x62,
  0xde,0x13,0x70,0xf0,0xe,0x71,0xe1,0x9a,0xbb,0xdb,0xde,0xe2,0xde,0xde,0xe3,0xc6,
  0xab,0xba,0xc5,0x93,0xaa,0xdc,0xd8,0xdf,0xdb,0xd6,0xdd,0xdb,0xd6,0xdd,0xdb,0xd6,
  0xdd,0xdb,0xd6,0xdd,0xdb,0xd6,0xdd,0xdb,0xd6,0xdd,0xdb,0xd6,0xdd,0xdb,0xd6,0xdd,
  0xdb,0xd6,0xdd,0xdb,0xd6,0xdd,0xdb,0xd6,0xdd,0xdb,0xd6,0xdd,0xdb,0xd6,0xdd,0xdb,
  0xd6,0xdd,0xdb,0xd6,0xdd,0xdb,0xd6,0xdd,0xdb,0xd6,0xdd,0xdb,0xd6,0xdd,0xdb,0xd6,
  0xdd,0xdb,0xd6,0xdd,0xdb,0xd6,0xdd,0xdb,0xd6,0xdd,0xdb,0xd6,0xdd,0xdb,0xd6,0xdd,
  0xdb,0xd6,0xdd,0xdb,0xd6,0xdd,0xdb,0xd7,0xdd,0xd9,0xd3,0xdb,0xcc,0x69,0x9e,0xce,
  0x11,0x75,0xe1,0xe,0x81,0xf9,0x16,0x97,0xff,0x17,0x9e,0xff,0x17,0xa5,0xff,0x18,
  0xab,0xfd,0x18,0xa9,0xeb,0x10,0x9b,0xcb,0x49,0x9e,0xda,0xd9,0xde,0xdb,0xd6,0xdd,
  0xdb,0xd7,0xde,0xdb,0xd9,0xdf,0xdc,0xdc,0xe0,0xdc,0xde,0xe1,0xdb,0xdd,0xe0,0xd7,
  0xc9,0xd6,0xcf,0x94,0xbc,0xc9,0x51,0xa1,0xca,0x1d,0x90,0xd5,0x12,0x95,0xe0,0x15,
  0x9f,0xe9,0x16,0xa8,0xf2,0x17,0xb0,0xf2,0x17,0xb3,0xe6,0x14,0xac,0xc5,0x1d,0x99,
  0xd2,0xbe,0xd0,0xdb,0xd9,0xde,0xdb,0xd6,0xdd,0xdb,0xd6,0xdd,0xdb,0xd6,0xdd,0xdb,
  0xd6,0xdd,0xdb,0xd6,0xdd,0xdb,0xd6,0xdd,0xdb,0xd6,0xdd,0xd9,0xd6,0xdb,0x8d,0x37,
  0x8c,0xb9,0x9,0xb5,0xd5,0x99,0xd6,0xcc,0xc8,0xcd,0x9f,0x1c,0x7a,0xef,0xd,0xac,
  0xeb,0x63,0xc5,0xd9,0xdd,0xde,0xdb,0xd6,0xdd,0xdb,0xd6,0xdd,0xdb,0xd6,0xdd,0xdb,
  0xd6,0xdd,0xdb,0xd6,0xdd,0xdb,0xd6,0xdd,0xdb,0xd6,0xdd,0xdb,0xd6,0xdd,0xdc,0xdb,
  0xe1,0x9e,0x3f,0x64,0xbd,0x48,0x75,0xdd,0xdc,0xe1,0xdb,0xd6,0xdd,0xdb,0xd6,0xdd,
  0xdb,0xd6,0xdd,0xdd,0xde,0xe0,0xa7,0x61,0x9e,0xc8,0xc,0xa4,0xdf,0x18,0x85,0x99,
  0xe,0x5b,0x96,0xe,0x5d,0xa3,0xf,0x67,0xb0,0x10,0x70,0xbe,0x11,0x7a,0xcb,0x12,
  0x82,0xd8,0x14,0x8a,0xe3,0x15,0x90,0xed,0x15,0x95,0xf5,0x16,0x99,0xfc,0x17,0x9b,
  0xff,0x17,0x9f,0xf4,0x16,0x96,0xc4,0xd,0x6f,0xd4,0xd,0x4b,0xff,0xc,0x56,0xed,
  0x77,0x9b,0xda,0xdb,0xe0,0xdb,0xd6,0xdd,0xdb,0xd6,0xdd,0xdd,0xda,0xdf,0xca,0xb6,
  0xc5,0x75,0x10,0x48,0x7e,0xa,0x4a,0xa5,0xe,0x5f,0xc8,0x11,0x70,0xd6,0x12,0x75,
  0xe5,0x13,0x78,0xff,0x10,0x80,0xe8,0xa1,0xc5,0xd4,0xd6,0xda,0xae,0x70,0x8c,0xa4,
  0xf,0x4a,0xe5,0x18,0x6c,0xdf,0xc5,0xd5,0xda,0xd8,0xdd,0xdb,0xd6,0xdd,0xdb,0xd6,
  0xdd,0xdb,0xd6,0xdd,0xdb,0xd6,0xdd,0xdb,0xd6,0xdd,0xdb,0xd6,0xdd,0xdb,0xd6,0xdd,
  0xdb,0xd6,0xdd,0xdb,0xd6,0xdd,0xdb,0xd6,0xdd,0xdb,0xd6,0xdd,0xdb,0xd6,0xdd,0xdb,
  0xd6,0xdd,0xdb,0xd6,0xdd,0xdb,0xd6,0xdd,0xdb,0xd6,0xdd,0xdb,0xd6,0xdd,0xdb,0xd6,
  0xdd,0xdb,0xd6,0xdd,0xdb,0xd6,0xdd,0xdb,0xd6,0xdd,0xdb,0xd6,0xdd,0xdb,0xd6,0xdd,
  0xdb,0xd6,0xdd,0xdb,0xd6,0xdd,0xdb,0xd6,0xdd,0xdb,0xd7,0xde,0xdb,0xdc,0xe0,0xd1,
  0xa5,0xbf,0xcf,0x3a,0x8d,0xe1,0x11,0x88,0xea,0xd,0x8f,0xf5,0xf,0x99,0xf7,0x14,
  0xa2,0xf7,0x17,0xa5,0xf4,0x14,0xa6,0xd3,0x21,0x97,0xd4,0xc2,0xd1,0xdb,0xd8,0xde,
  0xdb,0xd6,0xdd,0xdb,0xd6,0xdd,0xdb,0xd6,0xdd,0xdb,0xd6,0xdd,0xdb,0xd6,0xdd,0xdb,
  0xd8,0xde,0xdc,0xde,0xe1,0xdc,0xdf,0xe2,0xc1,0x99,0xb7,0xa3,0xd,0x76,0xcc,0x13,
  0x95,0xe1,0x15,0xa7,0xee,0x17,0xb1,0xf0,0x18,0xb6,0xe9,0x17,0xb3,0xcd,0xd,0x9e,
  0xc8,0x8b,0xbc,0xdc,0xde,0xe0,0xdb,0xd6,0xdd,0xdb,0xd6,0xdd,0xdb,0xd6,0xdd,0xdb,
  0xd6,0xdd,0xdb,0xd6,0xdd,0xdb,0xd6,0xdd,0xdb,0xd6,0xdd,0xd9,0xd6,0xdb,0x8d,0x38,
  0x8f,0xb6,0x9,0xb8,0xd5,0x99,0xd7,0xcb,0xc5,0xcb,0xa5,0x19,0x7f,0xf1,0xe,0xb3,
  0xe6,0x72,0xc8,0xd9,0xdd,0xde,0xdb,0xd6,0xdd,0xdb,0xd6,0xdd,0xdb,0xd6,0xdd,0xdb,
  0xd6,0xdd,0xdb,0xd6,0xdd,0xdb,0xd6,0xdd,0xdb,0xd6,0xdd,0xdb,0xd6,0xdd,0xde,0xde,
  0xe4,0xa8,0x65,0x82,0xac,0x24,0x5c,0xdf,0xd7,0xdf,0xdc,0xd9,0xdf,0xdb,0xd6,0xdd,
  0xdb,0xd6,0xdd,0xdd,0xde,0xe0,0xa6,0x5f,0x9e,0xc2,0x19,0xac,0xcd,0xa5,0xc3,0x91,
  0x26,0x63,0x8e,0xa,0x58,0x9b,0xe,0x64,0xa8,0xf,0x6d,0xb5,0x11,0x77,0xc5,0x12,
  0x81,0xd5,0x14,0x8c,0xe3,0x15,0x93,0xed,0x16,0x99,0xf6,0x17,0x9d,0xfd,0x16,0x9f,
  0xff,0x17,0xa0,0xff,0x18,0xa2,0xf2,0x13,0x96,0xe1,0x2d,0x7c,0xec,0x86,0xa6,0xdb,
  0xd5,0xdc,0xdb,0xd7,0xdd,0xdb,0xd6,0xdd,0xdb,0xd6,0xdd,0xdd,0xdb,0xe0,0xc4,0xab,
  0xbc,0x72,0x9,0x45,0x8d,0xc,0x55,0xb5,0x10,0x6b,0xd4,0x12,0x7b,0xed,0x14,0x85,
  0xfb,0x15,0x8a,0xff,0x18,0x89,0xc6,0x74,0x9d,0x9f,0x36,0x65,0xcb,0x3,0x59,0xf6,
  0x12,0x74,0xef,0x6b,0xa7,0xdb,0xd4,0xdd,0xda,0xd6,0xdd,0xdb,0xd6,0xdd,0xdb,0xd6,
  0xdd,0xdb,0xd6,0xdd,0xdb,0xd6,0xdd,0xdb,0xd6,0xdd,0xdb,0xd6,0xdd,0xdb,0xd6,0xdd,
  0xdb,0xd6,0xdd,0xdb,0xd6,0xdd,0xdb,0xd6,0xdd,0xdb,0xd6,0xdd,0xdb,0xd6,0xdd,0xdb,
  0xd6,0xdd,0xdb,0xd6,0xdd,0xdb,0xd6,0xdd,0xdb,0xd6,0xdd,0xdb,0xd6,0xdd,0xdb,0xd6,
  0xdd,0xdb,0xd6,0xdd,0xdb,0xd6,0xdd,0xdb,0xd6,0xdd,0xdb,0xd6,0xdd,0xdb,0xd6,0xdd,
  0xdb,0xd6,0xdd,0xdb,0xd6,0xdd,0xdb,0xd6,0xdd,0xdb,0xd6,0xdd,0xdb,0xd6,0xdd,0xdc,
  0xdc,0xe0,0xd9,0xd1,0xda,0xd6,0xab,0xc6,0xd5,0x83,0xb6,0xd6,0x58,0xa6,0xd3,0x25,
  0x93,0xe6,0xd,0x9a,0xf6,0x16,0xab,0xe0,0xe,0x9c,0xc7,0x8f,0xb8,0xdc,0xde,0xe1,
  0xdb,0xd6,0xdd,0xdb,0xd6,0xdd,0xdb,0xd6,0xdd,0xdb,0xd6,0xdd,0xdb,0xd6,0xdd,0xdb,
  0xd6,0xdd,0xdb,0xd6,0xdd,0xdb,0xd8,0xde,0xd3,0xcd,0xd5,0x97,0x26,0x78,0xbd,0xf,
  0x8d,0xd9,0x15,0xa4,0xe8,0x16,0xb1,0xee,0x17,0xb8,0xea,0x17,0xb8,0xd7,0xe,0xaa,
  0xbf,0x4f,0xa9,0xdb,0xdb,0xde,0xdb,0xd6,0xdd,0xdb,0xd6,0xdd,0xdb,0xd6,0xdd,0xdb,
  0xd6,0xdd,0xdb,0xd6,0xdd,0xdb,0xd6,0xdd,0xdb,0xd6,0xdd,0xd9,0xd6,0xdb,0x8c,0x38,
  0x90,0xb4,0x9,0xbb,0xd5,0x9b,0xd9,0xc3,0xb5,0xc0,0xa8,0x12,0x83,0xf1,0xe,0xb8,
  0xe2,0x84,0xcd,0xda,0xde,0xde,0xdb,0xd6,0xdd,0xdb,0xd6,0xdd,0xdb,0xd6,0xdd,0xdb,
  0xd6,0xdd,0xdb,0xd6,0xdd,0xdb,0xd6,0xdd,0xdd,0xdb,0xe1,0xde,0xdd,0xe3,0xe0,0xe0,
  0xe5,0xb5,0x87,0x9e,0x94,0x7,0x49,0xb9,0x6e,0x96,0xd5,0xcb,0xd4,0xdc,0xd8,0xdf,
  0xdb,0xd6,0xdd,0xde,0xde,0xe0,0xa4,0x5f,0x9f,0xbf,0x19,0xb0,0xdf,0xce,0xe1,0xa3,
  0x59,0x84,0x83,0x3,0x4f,0x8d,0xd,0x5c,0x94,0xe,0x63,0xa9,0xf,0x71,0xbe,0x11,
  0x80,0xd2,0x13,0x8d,0xe3,0x15,0x98,0xf0,0x16,0x9e,0xf8,0x17,0xa1,0xfe,0x17,0xa3,
  0xff,0x18,0xa4,0xff,0x18,0xa3,0xff,0x12,0xa0,0xe4,0x4b,0xa4,0xd7,0xe0,0xe2,0xdb,
  0xd7,0xde,0xdb,0xd6,0xdd,0xdb,0xd6,0xdd,0xdb,0xd6,0xdd,0xdd,0xdb,0xe0,0xc4,0xac,
  0xbe,0x73,0xa,0x48,0x99,0xe,0x5f,0xc1,0x11,0x75,0xe0,0x14,0x85,0xf8,0x16,0x8f,
  0xff,0x17,0x96,0xdd,0x15,0x7f,0xac,0xc,0x58,0xea,0x7,0x71,0xfb,0x3b,0x97,0xe6,
  0xa5,0xc8,0xd9,0xdc,0xe0,0xdb,0xd7,0xdd,0xdb,0xd6,0xdd,0xdb,0xd6,0xdd,0xdb,0xd6,
  0xdd,0xdb,0xd6,0xdd,0xdb,0xd6,0xdd,0xdb,0xd6,0xdd,0xdb,0xd6,0xdd,0xdb,0xd6,0xdd,
  0xdb,0xd6,0xdd,0xdb,0xd6,0xdd,0xdb,0xd6,0xdd,0xdb,0xd6,0xdd,0xdb,0xd6,0xdd,0xdb,
  0xd6,0xdd,0xdb,0xd6,0xdd,0xdb,0xd6,0xdd,0xdb,0xd6,0xdd,0xdb,0xd6,0xdd,0xdb,0xd6,
  0xdd,0xdb,0xd6,0xdd,0xdb,0xd6,0xdd,0xdb,0xd6,0xdd,0xdb,0xd6,0xdd,0xdb,0xd6,0xdd,
  0xdb,0xd6,0xdd,0xdb,0xd6,0xdd,0xdb,0xd6,0xdd,0xdb,0xd6,0xdd,0xdb,0xd6,0xdd,0xdb,
  0xd6,0xdd,0xdb,0xd7,0xde,0xdb,0xdb,0xe0,0xdb,0xde,0xe1,0xdb,0xdf,0xe0,0xd4,0xc0,
  0xd0,0xcd,0x59,0xa6,0xdd,0x12,0x9c,0xd5,0xf,0x99,0xb1,0x2d,0x8c,0xd3,0xca,0xd4,
  0xdc,0xd8,0xde,0xdb,0xd6,0xdd,0xdb,0xd6,0xdd,0xdb,0xd6,0xdd,0xdb,0xd6,0xdd,0xdb,
  0xd6,0xdd,0xdb,0xd6,0xdd,0xdb,0xd6,0xdd,0xdd,0xdd,0xe0,0xa6,0x60,0x95,0xaa,0x9,
  0x80,0xd0,0x15,0xa1,0xe2,0x16,0xb0,0xea,0x17,0xb9,0xe9,0x17,0xbb,0xdd,0x14,0xb4,
  0xbe,0x21,0xa1,0xd3,0xc4,0xd3,0xdb,0xd8,0xdd,0xdb,0xd6,0xdd,0xdb,0xd6,0xdd,0xdb,
  0xd6,0xdd,0xdb,0xd6,0xdd,0xdb,0xd6,0xdd,0xdb,0xd6,0xdd,0xd9,0xd6,0xda,0x8b,0x38,
  0x92,0xb1,0x9,0xbe,0xd4,0x9c,0xdb,0xbd,0xa8,0xb9,0xab,0xd,0x88,0xf0,0x11,0xbd,
  0xde,0x92,0xcf,0xda,0xdd,0xde,0xdb,0xd6,0xdd,0xdb,0xd6,0xdd,0xdb,0xd6,0xdd,0xdb,
  0xd6,0xdd,0xdb,0xd6,0xdd,0xdc,0xda,0xe0,0xbd,0x86,0x9e,0xb5,0x7c,0x96,0xd2,0xc5,
  0xd0,0x89,0x2f,0x5e,0x8a,0x7,0x4d,0xa4,0x1,0x57,0xbe,0x56,0x8d,0xdb,0xd9,0xdf,
  0xdb,0xd6,0xdd,0xde,0xde,0xe0,0xa3,0x5f,0xa0,0xbc,0x19,0xb2,0xdd,0xca,0xdf,0xc8,
  0xb0,0xc0,0x83,0x11,0x54,0x7a,0x9,0x4f,0x87,0xd,0x5c,0xa2,0xf,0x6f,0xbb,0x11,
  0x81,0xd2,0x14,0x90,0xe5,0x15,0x9c,0xf3,0x16,0xa4,0xfd,0x17,0xa8,0xff,0x18,0xa8,
  0xff,0x18,0xa6,0xff,0x18,0xa5,0xff,0x14,0xa2,0xf6,0x33,0xa6,0xda,0xd0,0xd9,0xda,
  0xd6,0xdd,0xdb,0xd6,0xdd,0xdb,0xd6,0xdd,0xdb,0xd6,0xdd,0xdd,0xdb,0xe0,0xc4,0xae,
  0xbe,0x78,0xb,0x4d,0xa9,0xf,0x6c,0xd0,0x12,0x81,0xe7,0x14,0x8c,0xfc,0x16,0x97,
  0xff,0x18,0x9c,0xf9,0x14,0x95,0xf0,0x1f,0x8b,0xf0,0x78,0xb7,0xdc,0xd0,0xdb,0xd9,
  0xdd,0xe0,0xdb,0xd6,0xdd,0xdb,0xd6,0xdd,0xdb,0xd6,0xdd,0xdb,0xd6,0xdd,0xdb,0xd6,
  0xdd,0xdb,0xd6,0xdd,0xdb,0xd6,0xdd,0xdb,0xd6,0xdd,0xdb,0xd6,0xdd,0xdb,0xd6,0xdd,
  0xdb,0xd6,0xdd,0xdb,0xd6,0xdd,0xdb,0xd6,0xdd,0xdb,0xd6,0xdd,0xdb,0xd6,0xdd,0xdb,
  0xd6,0xdd,0xdb,0xd6,0xdd,0xdb,0xd6,0xdd,0xdb,0xd6,0xdd,0xdb,0xd6,0xdd,0xdb,0xd6,
  0xdd,0xdb,0xd6,0xdd,0xdb,0xd6,0xdd,0xdb,0xd6,0xdd,0xdb,0xd6,0xdd,0xdb,0xd6,0xdd,
  0xdb,0xd6,0xdd,0xdb,0xd6,0xdd,0xdb,0xd6,0xdd,0xdb,0xd6,0xdd,0xdb,0xd6,0xdd,0xdb,
  0xd6,0xdd,0xdb,0xd6,0xdd,0xdb,0xd6,0xdd,0xdb,0xd6,0xdd,0xdb,0xd6,0xdd,0xdc,0xda,
  0xdf,0xdb,0xdc,0xdf,0xc9,0x8f,0xba,0xbf,0x14,0x8e,0xc2,0xa,0x91,0xb8,0x63,0xa4,
  0xdb,0xda,0xde,0xdb,0xd6,0xdd,0xdb,0xd6,0xdd,0xdb,0xd6,0xdd,0xdb,0xd6,0xdd,0xdb,
  0xd6,0xdd,0xdb,0xd6,0xdd,0xdb,0xd6,0xdd,0xde,0xdc,0xe1,0xbe,0x9f,0xb9,0x99,0xc,
  0x78,0xc5,0x13,0x9c,0xda,0x15,0xaf,0xe5,0x17,0xba,0xe8,0x18,0xbe,0xe0,0x16,0xbb,
  0xc4,0xe,0xa5,0xc7,0x93,0xc1,0xdc,0xdd,0xdf,0xdb,0xd6,0xdd,0xdb,0xd6,0xdd,0xdb,
  0xd6,0xdd,0xdb,0xd6,0xdd,0xdb,0xd6,0xdd,0xdb,0xd6,0xdd,0xd9,0xd6,0xda,0x8a,0x38,
  0x93,0xaf,0x9,0xc2,0xd5,0x9e,0xdd,0xb5,0x97,0xb0,0xb1,0xb,0x90,0xed,0x14,0xc1,
  0xdc,0xa4,0xd4,0xda,0xdb,0xde,0xdb,0xd6,0xdd,0xdb,0xd6,0xdd,0xdb,0xd6,0xdd,0xdb,
  0xd6,0xdd,0xdb,0xd6,0xdd,0xdc,0xdc,0xe1,0xb6,0x5f,0x84,0x7a,0x0,0x32,0x82,0x25,
  0x52,0x7b,0x8,0x47,0xab,0x10,0x67,0xcb,0xf,0x7a,0xd0,0x2a,0x87,0xda,0xcd,0xd8,
  0xdb,0xd7,0xdd,0xde,0xde,0xe0,0xa1,0x5f,0xa1,0xb8,0x19,0xb5,0xda,0xc4,0xdc,0xde,
  0xdf,0xe2,0xba,0x8d,0xaa,0x77,0xc,0x4e,0x77,0x8,0x51,0x98,0xf,0x6b,0xb9,0x11,
  0x83,0xd4,0x14,0x96,0xe9,0x16,0xa2,0xf7,0x17,0xaa,0xff,0x18,0xae,0xff,0x18,0xae,
  0xff,0x18,0xa8,0xff,0x18,0xa5,0xff,0x15,0xa1,0xf8,0x28,0xa1,0xda,0xc7,0xd5,0xdb,
  0xd7,0xde,0xdb,0xd6,0xdd,0xdb,0xd6,0xdd,0xdb,0xd6,0xdd,0xde,0xdd,0xe1,0xb9,0x9c,
  0xb1,0x82,0x8,0x55,0xc1,0x11,0x7e,0xe2,0x14,0x8f,0xf3,0x16,0x96,0xfd,0x17,0x9a,
  0xff,0x12,0x9d,0xfe,0x17,0x97,0xe2,0xa0,0xc6,0xd9,0xe0,0xe1,0xdb,0xd8,0xde,0xdb,
  0xd6,0xdd,0xdb,0xd6,0xdd,0xdb,0xd6,0xdd,0xdb,0xd6,0xdd,0xdb,0xd6,0xdd,0xdb,0xd6,
  0xdd,0xdb,0xd6,0xdd,0xdb,0xd6,0xdd,0xdb,0xd6,0xdd,0xdb,0xd6,0xdd,0xdb,0xd6,0xdd,
  0xdb,0xd6,0xdd,0xdb,0xd6,0xdd,0xdb,0xd6,0xdd,0xdb,0xd6,0xdd,0xdb,0xd6,0xdd,0xdb,
  0xd6,0xdd,0xdb,0xd6,0xdd,0xdb,0xd6,0xdd,0xdb,0xd6,0xdd,0xdb,0xd6,0xdd,0xdb,0xd6,
  0xdd,0xdb,0xd6,0xdd,0xdb,0xd6,0xdd,0xdb,0xd6,0xdd,0xdb,0xd6,0xdd,0xdb,0xd6,0xdd,
  0xdb,0xd6,0xdd,0xdb,0xd6,0xdd,0xdb,0xd6,0xdd,0xdb,0xd6,0xdd,0xdb,0xd6,0xdd,0xdb,
  0xd6,0xdd,0xdb,0xd6,0xdd,0xdb,0xd6,0xdd,0xdb,0xd6,0xdd,0xdb,0xd6,0xdd,0xdb,0xd6,
  0xdd,0xdb,0xd6,0xdd,0xdc,0xe0,0xe1,0xbd,0x6a,0xa9,0xc1,0x8,0x93,0xb3,0xc,0x8d,
  0xc2,0x97,0xba,0xde,0xde,0xe1,0xdb,0xd6,0xdd,0xdb,0xd6,0xdd,0xdb,0xd6,0xdd,0xdb,
  0xd6,0xdd,0xdb,0xd6,0xdd,0xdb,0xd6,0xdd,0xdb,0xd7,0xdd,0xd5,0xcf,0xd7,0x95,0x2a,
  0x80,0xb6,0xf,0x94,0xd2,0x15,0xad,0xe0,0x16,0xba,0xe5,0x17,0xc0,0xe1,0x17,0xbf,
  0xcd,0xe,0xb1,0xbc,0x58,0xb0,0xdc,0xdc,0xde,0xdb,0xd6,0xdd,0xdb,0xd6,0xdd,0xdb,
  0xd6,0xdd,0xdc,0xd7,0xde,0xde,0xdb,0xe0,0xe0,0xde,0xe2,0xde,0xde,0xdf,0x8c,0x3c,
  0x98,0xa9,0x9,0xc0,0xcc,0x96,0xd7,0xa9,0x7f,0xa3,0xb6,0xa,0x97,0xeb,0x1c,0xc6,
  0xdb,0xb5,0xd7,0xda,0xd9,0xdd,0xdb,0xd6,0xdd,0xdb,0xd6,0xdd,0xdb,0xd6,0xdd,0xdb,
  0xd6,0xdd,0xdb,0xd6,0xdd,0xdb,0xd7,0xde,0xdb,0xd2,0xdb,0xa9,0x60,0x83,0x94,0x4,
  0x4f,0x8e,0xc,0x56,0xaf,0x10,0x6e,0xcd,0x11,0x81,0xe1,0x1e,0x90,0xdc,0xc2,0xd4,
  0xda,0xd8,0xde,0xde,0xde,0xe0,0xa0,0x5f,0xa2,0xb5,0x19,0xb8,0xda,0xc4,0xdc,0xdb,
  0xd8,0xdd,0xdf,0xde,0xe3,0xbc,0x94,0xae,0x78,0x18,0x57,0x7a,0xa,0x57,0x8c,0xe,
  0x66,0xb6,0x11,0x84,0xe5,0x16,0xa4,0xfc,0x18,0xb1,0xff,0x18,0xb2,0xff,0x18,0xaf,
  0xff,0x18,0xa9,0xfe,0x17,0xa2,0xff,0x10,0x9c,0xf6,0x40,0xa9,0xda,0xd6,0xdd,0xda,
  0xd6,0xdd,0xdb,0xd6,0xdd,0xdb,0xd6,0xdd,0xdb,0xd6,0xdd,0xe0,0xe0,0xe3,0x9f,0x68,
  0x8e,0xa0,0x6,0x6b,0xe7,0x14,0x9a,0xf6,0xf,0x9d,0xf9,0xf,0x99,0xf8,0x14,0x97,
  0xf3,0x40,0xa5,0xe2,0xa9,0xcb,0xda,0xd9,0xde,0xdb,0xd6,0xdd,0xdb,0xd6,0xdd,0xdb,
  0xd6,0xdd,0xdb,0xd6,0xdd,0xdb,0xd6,0xdd,0xdb,0xd6,0xdd,0xdb,0xd6,0xdd,0xdb,0xd6,
  0xdd,0xdb,0xd6,0xdd,0xdb,0xd6,0xdd,0xdb,0xd6,0xdd,0xdb,0xd6,0xdd,0xdb,0xd6,0xdd,
  0xdb,0xd6,0xdd,0xdb,0xd6,0xdd,0xdb,0xd6,0xdd,0xdb,0xd6,0xdd,0xdb,0xd6,0xdd,0xdb,
  0xd6,0xdd,0xdb,0xd6,0xdd,0xdb,0xd6,0xdd,0xdb,0xd6,0xdd,0xdb,0xd6,0xdd,0xdb,0xd6,
  0xdd,0xdb,0xd6,0xdd,0xdb,0xd6,0xdd,0xdb,0xd6,0xdd,0xdb,0xd6,0xdd,0xdb,0xd6,0xdd,
  0xdb,0xd6,0xdd,0xdb,0xd6,0xdd,0xdb,0xd6,0xdd,0xdb,0xd6,0xdd,0xdb,0xd6,0xdd,0xdb,
  0xd6,0xdd,0xdb,0xd6,0xdd,0xdb,0xd6,0xdd,0xdb,0xd6,0xdd,0xdb,0xd6,0xdd,0xdb,0xd6,
  0xdd,0xdb,0xd6,0xdd,0xdc,0xd8,0xde,0xd5,0xcc,0xd5,0xb7,0x39,0x9b,0xc2,0xa,0x9b,
  0xae,0x29,0x95,0xcf,0xc0,0xcf,0xdc,0xda,0xdf,0xdb,0xd6,0xdd,0xdb,0xd6,0xdd,0xdb,
  0xd6,0xdd,0xdb,0xd6,0xdd,0xdb,0xd6,0xdd,0xdb,0xd6,0xdd,0xde,0xde,0xe1,0xa3,0x5f,
  0x98,0xa4,0x9,0x87,0xc9,0x14,0xa9,0xda,0x16,0xb9,0xe2,0x17,0xc2,0xe1,0x17,0xc4,
  0xd4,0x13,0xbc,0xb7,0x27,0xa8,0xd5,0xc9,0xd6,0xdc,0xd9,0xde,0xdf,0xdc,0xe0,0xe1,
  0xdf,0xe2,0xd9,0xd4,0xdb,0xc2,0xb0,0xc6,0xa9,0x89,0xae,0x8c,0x5f,0x94,0x68,0x1b,
  0x74,0x61,0xa,0x6f,0x61,0x1a,0x6e,0x6c,0x18,0x6a,0xc1,0x12,0xa5,0xe5,0x1e,0xc8,
  0xd7,0xbb,0xd6,0xdc,0xdb,0xde,0xdb,0xd6,0xdd,0xdb,0xd6,0xdd,0xdb,0xd6,0xdd,0xdb,
  0xd6,0xdd,0xdb,0xd6,0xdd,0xdb,0xd6,0xdd,0xdc,0xd8,0xde,0xdc,0xdb,0xe0,0xca,0x84,
  0xad,0x84,0xe,0x53,0xa0,0xe,0x68,0xc6,0x10,0x82,0xdd,0x2a,0x98,0xdb,0xcb,0xd8,
  0xda,0xd7,0xdd,0xde,0xde,0xe0,0x9e,0x5f,0xa3,0xb2,0x19,0xbb,0xda,0xc4,0xdc,0xdb,
  0xd8,0xdd,0xdb,0xd6,0xdd,0xdf,0xde,0xe3,0xc4,0xab,0xbe,0x6a,0x11,0x52,0x77,0xb,
  0x5b,0xa6,0x10,0x7d,0xcd,0x14,0x97,0xf4,0x17,0xb0,0xff,0x17,0xb3,0xfc,0x16,0xab,
  0xf7,0x14,0xa1,0xf6,0xe,0x98,0xef,0x15,0x93,0xde,0xa0,0xc6,0xda,0xdb,0xdf,0xdb,
  0xd6,0xdd,0xdb,0xd6,0xdd,0xdb,0xd6,0xdd,0xdc,0xd8,0xde,0xd5,0xd0,0xd7,0x90,0x30,
  0x73,0xd3,0xb,0x91,0xfd,0x17,0xae,0xee,0x5c,0xb9,0xe1,0x8a,0xc0,0xdd,0xad,0xcc,
  0xda,0xd3,0xdb,0xda,0xdc,0xdf,0xdb,0xd6,0xdd,0xdb,0xd6,0xdd,0xdb,0xd6,0xdd,0xdb,
  0xd6,0xdd,0xdb,0xd6,0xdd,0xdb,0xd6,0xdd,0xdb,0xd6,0xdd,0xdb,0xd6,0xdd,0xdb,0xd6,
  0xdd,0xdb,0xd6,0xdd,0xdb,0xd6,0xdd,0xdb,0xd6,0xdd,0xdb,0xd6,0xdd,0xdb,0xd6,0xdd,
  0xdb,0xd6,0xdd,0xdb,0xd6,0xdd,0xdb,0xd6,0xdd,0xdb,0xd6,0xdd,0xdb,0xd6,0xdd,0xdb,
  0xd6,0xdd,0xdb,0xd6,0xdd,0xdb,0xd6,0xdd,0xdb,0xd6,0xdd,0xdb,0xd6,0xdd,0xdb,0xd6,
  0xdd,0xdb,0xd6,0xdd,0xdb,0xd6,0xdd,0xdb,0xd6,0xdd,0xdb,0xd6,0xdd,0xdb,0xd6,0xdd,
  0xdb,0xd6,0xdd,0xdb,0xd6,0xdd,0xdb,0xd6,0xdd,0xdb,0xd6,0xdd,0xdb,0xd6,0xdd,0xdb,
  0xd6,0xdd,0xdb,0xd6,0xdd,0xdb,0xd6,0xdd,0xdb,0xd6,0xdd,0xdb,0xd6,0xdd,0xdb,0xd6,
  0xdd,0xdb,0xd6,0xdd,0xdb,0xd6,0xdd,0xdd,0xdc,0xe0,0xcb,0xac,0xc7,0xb3,0x13,0x94,
  0xba,0x9,0x9c,0xae,0x52,0xa1,0xdc,0xdc,0xdf,0xdb,0xd6,0xdd,0xdb,0xd6,0xdd,0xdb,
  0xd6,0xdd,0xdb,0xd6,0xdd,0xdb,0xd6,0xdd,0xdb,0xd6,0xdd,0xde,0xdc,0xe1,0xbc,0x9e,
  0xba,0x94,0xc,0x7e,0xbe,0x13,0xa4,0xd3,0x15,0xb8,0xdd,0x17,0xc3,0xdf,0x18,0xc7,
  0xd8,0x17,0xc3,0xbb,0xf,0xac,0xca,0x9f,0xc8,0xda,0xd9,0xdd,0xbb,0xa6,0xbf,0x94,
  0x6a,0x9b,0x6e,0x30,0x78,0x57,0xd,0x63,0x51,0x3,0x5d,0x50,0x2,0x5d,0x54,0x9,
  0x60,0x55,0xb,0x60,0x51,0x8,0x5f,0x68,0xa,0x66,0xc8,0x15,0xb1,0xd0,0x11,0xbc,
  0x80,0x45,0x88,0xd7,0xd1,0xd9,0xdc,0xd7,0xde,0xdb,0xd6,0xdd,0xdb,0xd6,0xdd,0xdb,
  0xd6,0xdd,0xdb,0xd6,0xdd,0xdb,0xd6,0xdd,0xdb,0xd6,0xdd,0xdb,0xd7,0xde,0xdd,0xe0,
  0xe3,0x9c,0x5c,0x84,0x8a,0x4,0x59,0xc1,0xb,0x83,0xdb,0x54,0xac,0xdb,0xdb,0xdf,
  0xdb,0xd6,0xdd,0xde,0xde,0xe0,0x9d,0x5f,0xa3,0xaf,0x19,0xbe,0xda,0xc4,0xdd,0xdb,
  0xd8,0xdd,0xdb,0xd6,0xdd,0xdd,0xda,0xe0,0xc8,0xb6,0xc6,0x69,0xf,0x55,0x82,0xc,
  0x67,0xae,0x11,0x89,0xce,0x14,0x9f,0xe5,0x16,0xa8,0xec,0x1e,0xa7,0xe3,0x1c,0x98,
  0xdf,0x1f,0x92,0xdc,0x47,0x9e,0xd6,0xa2,0xc2,0xd9,0xdb,0xdf,0xdb,0xd6,0xdd,0xdb,
  0xd6,0xdd,0xdb,0xd6,0xdd,0xdb,0xd6,0xdd,0xdf,0xdf,0xe2,0xa6,0x79,0x9c,0xae,0x4,
  0x7e,0xf3,0x31,0xb8,0xe3,0xa5,0xd1,0xd9,0xdd,0xdf,0xda,0xde,0xe0,0xdb,0xdb,0xdf,
  0xdb,0xd7,0xdd,0xdb,0xd6,0xdd,0xdb,0xd6,0xdd,0xdb,0xd6,0xdd,0xdb,0xd6,0xdd,0xdb,
  0xd6,0xdd,0xdb,0xd6,0xdd,0xdb,0xd6,0xdd,0xdb,0xd6,0xdd,0xdb,0xd6,0xdd,0xdb,0xd6,
  0xdd,0xdb,0xd6,0xdd,0xdb,0xd6,0xdd,0xdb,0xd6,0xdd,0xdb,0xd6,0xdd,0xdb,0xd6,0xdd,
  0xdb,0xd6,0xdd,0xdb,0xd6,0xdd,0xdb,0xd6,0xdd,0xdb,0xd6,0xdd,0xdb,0xd6,0xdd,0xdb,
  0xd6,0xdd,0xdb,0xd6,0xdd,0xdb,0xd6,0xdd,0xdb,0xd6,0xdd,0xdb,0xd6,0xdd,0xdb,0xd6,
  0xdd,0xdb,0xd6,0xdd,0xdb,0xd6,0xdd,0xdb,0xd6,0xdd,0xdb,0xd6,0xdd,0xdb,0xd6,0xdd,
  0xdb,0xd6,0xdd,0xdb,0xd6,0xdd,0xdb,0xd6,0xdd,0xdb,0xd6,0xdd,0xdb,0xd6,0xdd,0xdb,
  0xd6,0xdd,0xdb,0xd6,0xdd,0xdb,0xd6,0xdd,0xdb,0xd6,0xdd,0xdb,0xd6,0xdd,0xdb,0xd6,
  0xdd,0xdb,0xd6,0xdd,0xdb,0xd6,0xdd,0xdb,0xd6,0xdd,0xdc,0xdd,0xdf,0xbe,0x7a,0xb4,
  0xb8,0xc,0x9d,0xaf,0xe,0x9a,0xb9,0x85,0xb5,0xdd,0xdd,0xe0,0xdb,0xd6,0xdd,0xdb,
  0xd6,0xdd,0xdb,0xd6,0xdd,0xdb,0xd6,0xdd,0xdb,0xd6,0xdd,0xdb,0xd7,0xde,0xd4,0xce,
  0xd6,0x90,0x28,0x83,0xb0,0xf,0x9b,0xca,0x15,0xb5,0xd8,0x16,0xc3,0xdd,0x18,0xca,
  0xd8,0x17,0xc8,0xc6,0x11,0xba,0xa2,0x3e,0xa2,0x6e,0x36,0x79,0x54,0x8,0x60,0x50,
  0x2,0x5c,0x53,0x6,0x5f,0x56,0xa,0x62,0x56,0xb,0x62,0x56,0xb,0x62,0x56,0xb,
  0x62,0x56,0xb,0x62,0x53,0xa,0x60,0x6e,0xc,0x6c,0xcd,0x16,0xba,0xc9,0x15,0xbc,
  0x52,0x3,0x5e,0xb4,0x9c,0xba,0xde,0xdc,0xe0,0xdb,0xd6,0xdd,0xdb,0xd6,0xdd,0xdb,
  0xd6,0xdd,0xdb,0xd6,0xdd,0xdb,0xd6,0xdd,0xdb,0xd6,0xdd,0xdb,0xd6,0xdd,0xdc,0xd9,
  0xdf,0xd1,0xc7,0xd1,0x89,0x2c,0x6b,0x9f,0x3,0x6e,0xd5,0x80,0xbc,0xdc,0xdf,0xe1,
  0xdf,0xdd,0xe1,0xe2,0xe6,0xe3,0x9b,0x60,0xa4,0xa8,0x19,0xbd,0xd7,0xc5,0xdb,0xda,
  0xd9,0xdb,0xdb,0xd8,0xdc,0xe4,0xe6,0xe6,0xaf,0x8b,0xa8,0x63,0x3,0x50,0x8a,0xe,
  0x73,0xb3,0x12,0x93,0xd1,0xe,0xa5,0xda,0x64,0xbd,0xd9,0xc4,0xd4,0xd9,0xbe,0xd1,
  0xd8,0xc2,0xd2,0xd9,0xd9,0xdd,0xdb,0xdc,0xe0,0xdb,0xd6,0xdd,0xdb,0xd6,0xdd,0xdb,
  0xd6,0xdd,0xdb,0xd6,0xdd,0xdf,0xdd,0xe2,0xbc,0xa6,0xb9,0x90,0xe,0x71,0xe6,0x21,
  0xb2,0xe1,0xb5,0xd8,0xd9,0xdf,0xdf,0xdb,0xd6,0xdd,0xdb,0xd6,0xdd,0xdb,0xd6,0xdd,
  0xdb,0xd6,0xdd,0xdb,0xd6,0xdd,0xdb,0xd6,0xdd,0xdb,0xd6,0xdd,0xdb,0xd6,0xdd,0xdb,
  0xd6,0xdd,0xdb,0xd6,0xdd,0xdb,0xd6,0xdd,0xdb,0xd6,0xdd,0xdb,0xd6,0xdd,0xdb,0xd6,
  0xdd,0xdb,0xd6,0xdd,0xdb,0xd6,0xdd,0xdb,0xd6,0xdd,0xdb,0xd6,0xdd,0xdb,0xd6,0xdd,
  0xdb,0xd6,0xdd,0xdb,0xd6,0xdd,0xdb,0xd6,0xdd,0xdb,0xd6,0xdd,0xdb,0xd6,0xdd,0xdb,
  0xd6,0xdd,0xdb,0xd6,0xdd,0xdb,0xd6,0xdd,0xdb,0xd6,0xdd,0xdb,0xd6,0xdd,0xdb,0xd6,
  0xdd,0xdb,0xd6,0xdd,0xdb,0xd6,0xdd,0xdb,0xd6,0xdd,0xdb,0xd6,0xdd,0xdb,0xd6,0xdd,
  0xdb,0xd6,0xdd,0xdb,0xd6,0xdd,0xdb,0xd6,0xdd,0xdb,0xd6,0xdd,0xdb,0xd6,0xdd,0xdb,
  0xd6,0xdd,0xdb,0xd6,0xdd,0xdb,0xd6,0xdd,0xdb,0xd6,0xdd,0xdb,0xd6,0xdd,0xdb,0xd6,
  0xdd,0xdb,0xd6,0xdd,0xdb,0xd6,0xdd,0xdb,0xd6,0xdd,0xdb,0xd7,0xde,0xd8,0xd5,0xda,
  0xae,0x3e,0xa0,0xb8,0x9,0xa5,0xa5,0x1e,0x9a,0xce,0xbc,0xcf,0xdd,0xda,0xdf,0xdb,
  0xd6,0xdd,0xdb,0xd6,0xdd,0xdb,0xd6,0xdd,0xdb,0xd6,0xdd,0xdb,0xd6,0xdd,0xde,0xde,
  0xe1,0x9e,0x5c,0x99,0x9d,0x9,0x8e,0xc1,0x14,0xb1,0xd2,0x16,0xc2,0xda,0x17,0xcb,
  0xd8,0x17,0xcd,0xcd,0x16,0xc6,0x9c,0xd,0x9c,0x53,0x5,0x5f,0x55,0xa,0x61,0x56,
  0xb,0x62,0x56,0xb,0x62,0x56,0xb,0x62,0x56,0xb,0x62,0x56,0xb,0x62,0x56,0xb,
  0x62,0x55,0xb,0x62,0x53,0xa,0x5f,0x74,0xd,0x72,0xd1,0x17,0xc4,0xb8,0x14,0xb2,
  0x4d,0x4,0x5b,0xb2,0x98,0xb7,0xdf,0xdd,0xe1,0xdb,0xd6,0xdd,0xdb,0xd6,0xdd,0xdb,
  0xd6,0xdd,0xdb,0xd6,0xdd,0xdb,0xd6,0xdd,0xdb,0xd6,0xdd,0xdb,0xd6,0xdd,0xdb,0xd6,
  0xdd,0xdf,0xdd,0xe2,0xbe,0xa4,0xb9,0x75,0x4,0x57,0xc6,0x8e,0xb8,0xdb,0xdd,0xdf,
  0xb4,0x96,0xb9,0x94,0x5d,0x9e,0x77,0x1f,0x86,0x7b,0xf,0x8d,0x8f,0x35,0x9e,0x8b,
  0x38,0x99,0x8a,0x3e,0x98,0xa3,0x71,0xad,0x80,0x40,0x7f,0x65,0x6,0x5a,0x92,0xf,
  0x7d,0xbb,0x13,0x9e,0xd2,0x10,0xac,0xd9,0x9e,0xce,0xdb,0xdf,0xdf,0xdb,0xd9,0xde,
  0xdb,0xd9,0xde,0xdb,0xd6,0xdd,0xdb,0xd6,0xdd,0xdb,0xd6,0xdd,0xdb,0xd6,0xdd,0xdb,
  0xd6,0xdd,0xdc,0xd8,0xde,0xd4,0xce,0xd6,0x8c,0x36,0x7c,0xca,0x5,0x9f,0xe5,0x87,
  0xd1,0xda,0xdf,0xde,0xdb,0xd6,0xdd,0xdb,0xd6,0xdd,0xdb,0xd6,0xdd,0xdb,0xd6,0xdd,
  0xdb,0xd6,0xdd,0xdb,0xd6,0xdd,0xdb,0xd6,0xdd,0xdb,0xd6,0xdd,0xdb,0xd6,0xdd,0xdb,
  0xd6,0xdd,0xdb,0xd6,0xdd,0xdb,0xd6,0xdd,0xdb,0xd6,0xdd,0xdb,0xd6,0xdd,0xdb,0xd6,
  0xdd,0xdb,0xd6,0xdd,0xdb,0xd6,0xdd,0xdb,0xd6,0xdd,0xdb,0xd6,0xdd,0xdb,0xd6,0xdd,
  0xdb,0xd6,0xdd,0xdb,0xd6,0xdd,0xdb,0xd6,0xdd,0xdb,0xd6,0xdd,0xdb,0xd6,0xdd,0xdb,
  0xd6,0xdd,0xdb,0xd6,0xdd,0xdb,0xd6,0xdd,0xdb,0xd6,0xdd,0xdb,0xd6,0xdd,0xdb,0xd6,
  0xdd,0xdb,0xd6,0xdd,0xdb,0xd6,0xdd,0xdb,0xd6,0xdd,0xdb,0xd6,0xdd,0xdb,0xd6,0xdd,
  0xdb,0xd6,0xdd,0xdb,0xd6,0xdd,0xdb,0xd6,0xdd,0xdb,0xd6,0xdd,0xdb,0xd6,0xdd,0xdb,
  0xd6,0xdd,0xdb,0xd6,0xdd,0xdb,0xd6,0xdd,0xdb,0xd6,0xdd,0xdb,0xd6,0xdd,0xdb,0xd6,
  0xdd,0xdb,0xd6,0xdd,0xdb,0xd6,0xdd,0xdb,0xd6,0xdd,0xdb,0xd6,0xdd,0xdc,0xda,0xdf,
  0xcf,0xb9,0xce,0xad,0x1f,0xa1,0xb2,0x9,0xa7,0xa6,0x44,0xa3,0xda,0xd7,0xdc,0xdb,
  0xd7,0xdd,0xdb,0xd6,0xdd,0xdb,0xd6,0xdd,0xdb,0xd6,0xdd,0xdb,0xd6,0xdd,0xde,0xdb,
  0xe0,0xbc,0xa0,0xbc,0x8f,0xd,0x85,0xb7,0x13,0xab,0xcb,0x16,0xc0,0xd5,0x17,0xcc,
  0xd7,0x18,0xd0,0xcf,0x17,0xcc,0xb4,0x14,0xb5,0x64,0xc,0x6e,0x54,0xa,0x60,0x56,
  0xb,0x62,0x56,0xb,0x62,0x56,0xb,0x62,0x56,0xb,0x62,0x56,0xb,0x62,0x56,0xb,
  0x62,0x55,0xb,0x62,0x53,0xa,0x5f,0x7a,0xe,0x7a,0xd3,0x17,0xcc,0xad,0x12,0xae,
  0x55,0x11,0x62,0xc8,0xb9,0xcb,0xdd,0xd9,0xdf,0xdb,0xd6,0xdd,0xdb,0xd6,0xdd,0xdb,
  0xd6,0xdd,0xdb,0xd6,0xdd,0xdb,0xd6,0xdd,0xdb,0xd6,0xdd,0xdb,0xd6,0xdd,0xdb,0xd6,
  0xdd,0xdb,0xd7,0xdd,0xd5,0xcd,0xd6,0x7c,0x1f,0x67,0xa2,0x4d,0x95,0x86,0x45,0x93,
  0x75,0x8,0x87,0x84,0x8,0x9b,0x8f,0xf,0xa7,0x94,0x11,0xac,0x97,0xd,0xb1,0x98,
  0xe,0xb2,0x98,0xd,0xb2,0x93,0xa,0xac,0x8b,0xd,0xa1,0x84,0x10,0x97,0x80,0xf,
  0x86,0x9d,0xf,0x93,0xc9,0x20,0xae,0xde,0xc6,0xda,0xdc,0xda,0xde,0xdb,0xd6,0xdd,
  0xdb,0xd6,0xdd,0xdb,0xd6,0xdd,0xdb,0xd6,0xdd,0xdb,0xd6,0xdd,0xdb,0xd6,0xdd,0xdb,
  0xd6,0xdd,0xdf,0xdf,0xe2,0x9b,0x68,0x95,0xa7,0x0,0x8a,0xe6,0x56,0xcc,0xdb,0xd7,
  0xdd,0xda,0xd7,0xdd,0xdb,0xd6,0xdd,0xdb,0xd6,0xdd,0xdb,0xd6,0xdd,0xdb,0xd6,0xdd,
  0xdb,0xd6,0xdd,0xdb,0xd6,0xdd,0xdb,0xd6,0xdd,0xdb,0xd6,0xdd,0xdb,0xd6,0xdd,0xdb,
  0xd6,0xdd,0xdb,0xd6,0xdd,0xdb,0xd6,0xdd,0xdb,0xd6,0xdd,0xdb,0xd6,0xdd,0xdb,0xd6,
  0xdd,0xdb,0xd6,0xdd,0xdb,0xd6,0xdd,0xdb,0xd6,0xdd,0xdb,0xd6,0xdd,0xdb,0xd6,0xdd,
  0xdb,0xd6,0xdd,0xdb,0xd6,0xdd,0xdb,0xd6,0xdd,0xdb,0xd6,0xdd,0xdb,0xd6,0xdd,0xdb,
  0xd6,0xdd,0xdb,0xd6,0xdd,0xdb,0xd6,0xdd,0xdb,0xd6,0xdd,0xdb,0xd6,0xdd,0xdb,0xd6,
  0xdd,0xdb,0xd6,0xdd,0xdb,0xd6,0xdd,0xdb,0xd6,0xdd,0xdb,0xd6,0xdd,0xdb,0xd6,0xdd,
  0xdb,0xd6,0xdd,0xdb,0xd6,0xdd,0xdb,0xd6,0xdd,0xdb,0xd6,0xdd,0xdb,0xd6,0xdd,0xdb,
  0xd6,0xdd,0xdb,0xd6,0xdd,0xdb,0xd6,0xdd,0xdb,0xd6,0xdd,0xdb,0xd6,0xdd,0xdb,0xd6,
  0xdd,0xdb,0xd6,0xdd,0xdb,0xd6,0xdd,0xdb,0xd6,0xdd,0xdb,0xd6,0xdd,0xdb,0xd6,0xdd,
  0xdd,0xde,0xe0,0xba,0x81,0xb8,0xad,0xc,0xa6,0xa8,0xd,0xa6,0xb8,0x80,0xb9,0xdd,
  0xdd,0xdf,0xdb,0xd6,0xdd,0xdb,0xd6,0xdd,0xdb,0xd6,0xdd,0xdb,0xd6,0xdd,0xdf,0xde,
  0xe1,0xcf,0xc5,0xd1,0x86,0x1e,0x82,0xaa,0x10,0xa4,0xc3,0x15,0xbd,0xd0,0x16,0xcc,
  0xd4,0x17,0xd3,0xd0,0x17,0xd1,0xbf,0x15,0xc4,0x7b,0xe,0x85,0x52,0xa,0x5e,0x56,
  0xb,0x62,0x56,0xb,0x62,0x56,0xb,0x62,0x56,0xb,0x62,0x56,0xb,0x62,0x56,0xb,
  0x62,0x55,0xa,0x62,0x53,0xa,0x5e,0x80,0xf,0x82,0xd5,0x18,0xd4,0x96,0x9,0x9d,
  0x81,0x55,0x8a,0xde,0xdb,0xe0,0xdb,0xd6,0xdd,0xdb,0xd6,0xdd,0xdb,0xd6,0xdd,0xdb,
  0xd6,0xdd,0xdb,0xd6,0xdd,0xdb,0xd6,0xdd,0xdb,0xd6,0xdd,0xdb,0xd6,0xdd,0xdb,0xd6,
  0xdd,0xdb,0xd6,0xdd,0xdc,0xd9,0xde,0x84,0x3f,0x7a,0x68,0x4,0x70,0x7f,0xa,0x95,
  0x8f,0x11,0xa7,0x92,0x12,0xab,0x94,0x12,0xad,0x96,0x11,0xb1,0x98,0x12,0xb4,0x9b,
  0x13,0xb7,0x9e,0x13,0xba,0xa1,0x14,0xbe,0xa4,0x14,0xc1,0xa7,0x13,0xc3,0xa0,0x13,
  0xbc,0x90,0x10,0xa8,0x87,0x18,0x94,0xac,0x81,0xb3,0xd3,0xce,0xd5,0xdf,0xdd,0xe0,
  0xdb,0xd6,0xdd,0xdb,0xd6,0xdd,0xdb,0xd6,0xdd,0xdb,0xd6,0xdd,0xdb,0xd6,0xdd,0xdf,
  0xdd,0xe1,0xb7,0x9f,0xb7,0x8c,0xe,0x7e,0xd9,0x23,0xc0,0xdc,0xc0,0xda,0xda,0xda,
  0xdd,0xdb,0xd6,0xdd,0xdb,0xd6,0xdd,0xdb,0xd6,0xdd,0xdb,0xd6,0xdd,0xdb,0xd6,0xdd,
  0xdb,0xd6,0xdd,0xdb,0xd6,0xdd,0xdb,0xd6,0xdd,0xdb,0xd6,0xdd,0xdb,0xd6,0xdd,0xdb,
  0xd6,0xdd,0xdb,0xd6,0xdd,0xdb,0xd6,0xdd,0xdb,0xd6,0xdd,0xdb,0xd6,0xdd,0xdb,0xd6,
  0xdd,0xdb,0xd6,0xdd,0xdb,0xd6,0xdd,0xdb,0xd6,0xdd,0xdb,0xd6,0xdd,0xdb,0xd6,0xdd,
  0xdb,0xd6,0xdd,0xdb,0xd6,0xdd,0xdb,0xd6,0xdd,0xdb,0xd6,0xdd,0xdb,0xd6,0xdd,0xdb,
  0xd6,0xdd,0xdb,0xd6,0xdd,0xdb,0xd6,0xdd,0xdb,0xd6,0xdd,0xdb,0xd6,0xdd,0xdb,0xd6,
  0xdd,0xdb,0xd6,0xdd,0xdb,0xd6,0xdd,0xdb,0xd6,0xdd,0xdb,0xd6,0xdd,0xdb,0xd6,0xdd,
  0xdb,0xd6,0xdd,0xdb,0xd6,0xdd,0xdb,0xd6,0xdd,0xdb,0xd6,0xdd,0xdb,0xd6,0xdd,0xdb,
  0xd6,0xdd,0xdb,0xd6,0xdd,0xdb,0xd6,0xdd,0xdb,0xd6,0xdd,0xdb,0xd6,0xdd,0xdb,0xd6,
  0xdd,0xdb,0xd6,0xdd,0xdb,0xd6,0xdd,0xdb,0xd6,0xdd,0xdb,0xd6,0xdd,0xdb,0xd6,0xdd,
  0xdb,0xd6,0xdd,0xdb,0xda,0xdd,0xaf,0x52,0xae,0xad,0x9,0xae,0x9d,0x16,0xa1,0xc9,
  0xb2,0xcb,0xde,0xdc,0xdf,0xdb,0xd6,0xdd,0xdc,0xd8,0xde,0xdf,0xdd,0xe1,0xbc,0xa6,
  0xc0,0x70,0x36,0x7b,0x66,0xb,0x6a,0x9d,0x11,0x9a,0xba,0x15,0xb9,0xca,0x16,0xcb,
  0xd1,0x17,0xd4,0xcf,0x17,0xd5,0xc4,0x16,0xce,0x95,0x11,0xa1,0x55,0xa,0x61,0x55,
  0xa,0x61,0x56,0xb,0x62,0x56,0xb,0x62,0x56,0xb,0x62,0x56,0xb,0x62,0x56,0xb,
  0x62,0x55,0xa,0x61,0x53,0xa,0x5e,0x86,0xf,0x8b,0xd4,0x16,0xda,0x94,0x16,0x9e,
  0xbd,0xaf,0xc1,0xde,0xdb,0xdf,0xdb,0xd6,0xdd,0xdb,0xd6,0xdd,0xdb,0xd6,0xdd,0xdb,
  0xd6,0xdd,0xdb,0xd6,0xdd,0xdb,0xd6,0xdd,0xdb,0xd6,0xdd,0xdb,0xd6,0xdd,0xdb,0xd6,
  0xdd,0xdb,0xd6,0xdd,0xdf,0xdd,0xe1,0x93,0x60,0x95,0x73,0x6,0x86,0x8b,0x11,0xa3,
  0x8c,0x10,0xa4,0x8e,0x11,0xa8,0x91,0x12,0xab,0x93,0x11,0xaf,0x96,0x12,0xb3,0x99,
  0x12,0xb7,0x9c,0x13,0xba,0x9f,0x14,0xbd,0xa2,0x13,0xc0,0xa4,0x14,0xc2,0xa7,0x14,
  0xc5,0xaa,0x15,0xc8,0xa6,0x13,0xc2,0x94,0xa,0xac,0x8a,0x2f,0x9a,0xb8,0x9c,0xbd,
  0xdf,0xde,0xe0,0xdc,0xd7,0xde,0xdb,0xd6,0xdd,0xdb,0xd6,0xdd,0xdc,0xd8,0xde,0xd3,
  0xcd,0xd5,0x85,0x2f,0x80,0xc1,0x9,0xb1,0xe0,0x96,0xd9,0xda,0xdd,0xdd,0xdb,0xd6,
  0xdd,0xdb,0xd6,0xdd,0xdb,0xd6,0xdd,0xdb,0xd6,0xdd,0xdb,0xd6,0xdd,0xdb,0xd6,0xdd,
  0xdb,0xd6,0xdd,0xdb,0xd6,0xdd,0xdb,0xd6,0xdd,0xdb,0xd6,0xdd,0xdb,0xd6,0xdd,0xdb,
  0xd6,0xdd,0xdb,0xd6,0xdd,0xdb,0xd6,0xdd,0xdb,0xd6,0xdd,0xdb,0xd6,0xdd,0xdb,0xd6,
  0xdd,0xdb,0xd6,0xdd,0xdb,0xd6,0xdd,0xdb,0xd6,0xdd,0xdb,0xd6,0xdd,0xdb,0xd6,0xdd,
  0xdb,0xd6,0xdd,0xdb,0xd6,0xdd,0xdb,0xd6,0xdd,0xdb,0xd6,0xdd,0xdb,0xd6,0xdd,0xdb,
  0xd6,0xdd,0xdb,0xd6,0xdd,0xdb,0xd6,0xdd,0xdb,0xd6,0xdd,0xdb,0xd6,0xdd,0xdb,0xd6,
  0xdd,0xdb,0xd6,0xdd,0xdb,0xd6,0xdd,0xdb,0xd6,0xdd,0xdb,0xd6,0xdd,0xdb,0xd6,0xdd,
  0xdb,0xd6,0xdd,0xdb,0xd6,0xdd,0xdb,0xd6,0xdd,0xdb,0xd6,0xdd,0xdb,0xd6,0xdd,0xdb,
  0xd6,0xdd,0xdb,0xd6,0xdd,0xdb,0xd6,0xdd,0xdb,0xd6,0xdd,0xdb,0xd6,0xdd,0xdb,0xd6,
  0xdd,0xdb,0xd6,0xdd,0xdb,0xd6,0xdd,0xdb,0xd6,0xdd,0xdb,0xd6,0xdd,0xdb,0xd6,0xdd,
  0xdb,0xd6,0xdd,0xdc,0xda,0xde,0xce,0xbd,0xd0,0xa5,0x25,0xa9,0xaa,0xa,0xb3,0xa1,
  0x3d,0xaa,0xd5,0xcf,0xd7,0xdf,0xdc,0xe0,0xda,0xd5,0xdc,0x97,0x6e,0x9e,0x56,0xb,
  0x62,0x51,0x4,0x5d,0x59,0xb,0x62,0x8b,0xf,0x8c,0xb0,0x14,0xb4,0xc3,0x16,0xc9,
  0xcd,0x17,0xd5,0xce,0x18,0xd9,0xc6,0x17,0xd4,0xaa,0x13,0xba,0x60,0xc,0x6e,0x54,
  0xa,0x60,0x56,0xb,0x62,0x56,0xb,0x62,0x56,0xb,0x62,0x56,0xb,0x62,0x56,0xb,
  0x62,0x55,0xa,0x61,0x54,0xa,0x5f,0x8c,0x10,0x95,0xce,0x10,0xdb,0xc3,0x75,0xcb,
  0xdc,0xde,0xdd,0xdb,0xd6,0xdd,0xdb,0xd6,0xdd,0xdb,0xd6,0xdd,0xdb,0xd6,0xdd,0xdb,
  0xd6,0xdd,0xdb,0xd6,0xdd,0xdb,0xd6,0xdd,0xdb,0xd6,0xdd,0xdb,0xd6,0xdd,0xdb,0xd6,
  0xdd,0xdb,0xd6,0xdd,0xdf,0xde,0xe1,0x98,0x68,0xa1,0x79,0x7,0x8e,0x88,0x11,0xa0,
  0x88,0x11,0xa2,0x8b,0x10,0xa5,0x8d,0x11,0xa9,0x90,0x12,0xae,0x93,0x11,0xb2,0x97,
  0x12,0xb6,0x9a,0x13,0xba,0x9e,0x14,0xbe,0xa1,0x13,0xc1,0xa3,0x14,0xc3,0xa6,0x14,
  0xc6,0xa8,0x15,0xc7,0xab,0x15,0xc9,0xae,0x15,0xcc,0xa8,0xf,0xc5,0x8d,0x10,0xa3,
  0xa0,0x70,0xa8,0xda,0xd7,0xdc,0xdd,0xd9,0xde,0xdb,0xd6,0xdd,0xdf,0xde,0xe1,0x93,
  0x5f,0x94,0xa0,0x2,0x9b,0xdd,0x5b,0xd7,0xda,0xd8,0xdd,0xdb,0xd6,0xdd,0xdb,0xd6,
  0xdd,0xdb,0xd6,0xdd,0xdb,0xd6,0xdd,0xdb,0xd6,0xdd,0xdb,0xd6,0xdd,0xdb,0xd6,0xdd,
  0xdb,0xd6,0xdd,0xdb,0xd6,0xdd,0xdb,0xd6,0xdd,0xdb,0xd6,0xdd,0xdb,0xd6,0xdd,0xdb,
  0xd6,0xdd,0xdb,0xd6,0xdd,0xdb,0xd6,0xdd,0xdb,0xd6,0xdd,0xdb,0xd6,0xdd,0xdb,0xd6,
  0xdd,0xdb,0xd6,0xdd,0xdb,0xd6,0xdd,0xdb,0xd6,0xdd,0xdb,0xd6,0xdd,0xdb,0xd6,0xdd,
  0xdb,0xd6,0xdd,0xdb,0xd6,0xdd,0xdb,0xd6,0xdd,0xdb,0xd6,0xdd,0xdb,0xd6,0xdd,0xdb,
  0xd6,0xdd,0xdb,0xd6,0xdd,0xdb,0xd6,0xdd,0xdb,0xd6,0xdd,0xdb,0xd6,0xdd,0xdb,0xd6,
  0xdd,0xdb,0xd6,0xdd,0xdb,0xd6,0xdd,0xdb,0xd6,0xdd,0xdb,0xd6,0xdd,0xdb,0xd6,0xdd,
  0xdb,0xd6,0xdd,0xdb,0xd6,0xdd,0xdb,0xd6,0xdd,0xdb,0xd6,0xdd,0xdb,0xd6,0xdd,0xdb,
  0xd6,0xdd,0xdb,0xd6,0xdd,0xdb,0xd6,0xdd,0xdb,0xd6,0xdd,0xdb,0xd6,0xdd,0xdb,0xd6,
  0xdd,0xdb,0xd6,0xdd,0xdb,0xd6,0xdd,0xdb,0xd6,0xdd,0xdb,0xd6,0xdd,0xdb,0xd6,0xdd,
  0xdb,0xd6,0xdd,0xdb,0xd6,0xdd,0xde,0xdf,0xe0,0xc0,0x96,0xc4,0xa1,0xd,0xad,0x9f,
  0x8,0xb0,0xb1,0x74,0xbb,0xcf,0xc6,0xd1,0x7b,0x44,0x84,0x50,0x2,0x5c,0x55,0x9,
  0x61,0x55,0xa,0x61,0x54,0xa,0x60,0x76,0xe,0x7d,0xa5,0x13,0xad,0xbb,0x15,0xc6,
  0xc8,0x16,0xd5,0xcb,0x18,0xdc,0xc7,0x17,0xda,0xb7,0x15,0xcd,0x69,0xd,0x78,0x53,
  0xa,0x5f,0x56,0xb,0x62,0x56,0xb,0x62,0x56,0xb,0x62,0x56,0xb,0x62,0x56,0xb,
  0x62,0x55,0xa,0x61,0x55,0xa,0x60,0x91,0xf,0xa0,0xcc,0x12,0xe0,0xd6,0x9f,0xdd,
  0xdb,0xdc,0xdd,0xdb,0xd6,0xdd,0xdb,0xd6,0xdd,0xdb,0xd6,0xdd,0xdb,0xd6,0xdd,0xdb,
  0xd6,0xdd,0xdb,0xd6,0xdd,0xdb,0xd6,0xdd,0xdb,0xd6,0xdd,0xdb,0xd6,0xdd,0xdb,0xd6,
  0xdd,0xdb,0xd6,0xdd,0xdf,0xde,0xe1,0xa9,0x84,0xaf,0x78,0x7,0x8d,0x85,0x11,0x9d,
  0x86,0x11,0x9f,0x88,0x10,0xa3,0x8a,0x11,0xa7,0x8d,0x11,0xab,0x91,0x11,0xb1,0x95,
  0x12,0xb5,0x98,0x13,0xba,0x9d,0x13,0xbe,0xa0,0x13,0xc2,0xa3,0x14,0xc5,0xa5,0x15,
  0xc7,0xa8,0x15,0xc9,0xaa,0x15,0xca,0xac,0x15,0xcb,0xae,0x15,0xcd,0xb0,0x14,0xcd,
  0x94,0xa,0xad,0x98,0x53,0xa4,0xd4,0xcd,0xd6,0xe1,0xe0,0xe2,0xb2,0x9a,0xb5,0x86,
  0xc,0x8a,0xd0,0x28,0xd1,0xdc,0xc5,0xde,0xdb,0xd9,0xdd,0xdb,0xd6,0xdd,0xdb,0xd6,
  0xdd,0xdb,0xd6,0xdd,0xdb,0xd6,0xdd,0xdb,0xd6,0xdd,0xdb,0xd6,0xdd,0xdb,0xd6,0xdd,
  0xdb,0xd6,0xdd,0xdb,0xd6,0xdd,0xdb,0xd6,0xdd,0xdb,0xd6,0xdd,0xdb,0xd6,0xdd,0xdb,
  0xd6,0xdd,0xdb,0xd6,0xdd,0xdb,0xd6,0xdd,0xdb,0xd6,0xdd,0xdb,0xd6,0xdd,0xdb,0xd6,
  0xdd,0xdb,0xd6,0xdd,0xdb,0xd6,0xdd,0xdb,0xd6,0xdd,0xdb,0xd6,0xdd,0xdb,0xd6,0xdd,
  0xdb,0xd6,0xdd,0xdb,0xd6,0xdd,0xdb,0xd6,0xdd,0xdb,0xd6,0xdd,0xdb,0xd6,0xdd,0xdb,
  0xd6,0xdd,0xdb,0xd6,0xdd,0xdb,0xd6,0xdd,0xdb,0xd6,0xdd,0xdb,0xd6,0xdd,0xdb,0xd6,
  0xdd,0xdb,0xd6,0xdd,0xdb,0xd6,0xdd,0xdb,0xd6,0xdd,0xdb,0xd6,0xdd,0xdb,0xd6,0xdd,
  0xdb,0xd6,0xdd,0xdb,0xd6,0xdd,0xdb,0xd6,0xdd,0xdb,0xd6,0xdd,0xdb,0xd6,0xdd,0xdb,
  0xd6,0xdd,0xdb,0xd6,0xdd,0xdb,0xd6,0xdd,0xdb,0xd6,0xdd,0xdb,0xd6,0xdd,0xdb,0xd6,
  0xdd,0xdb,0xd6,0xdd,0xdb,0xd6,0xdd,0xdb,0xd6,0xdd,0xdb,0xd6,0xdd,0xdb,0xd6,0xdd,
  0xdb,0xd6,0xdd,0xdb,0xd6,0xdd,0xdb,0xd6,0xdd,0xdb,0xd9,0xdc,0xad,0x5f,0xb6,0xa7,
  0xc,0xbc,0x8f,0x19,0xa2,0x63,0x1f,0x6e,0x51,0x3,0x5d,0x56,0xb,0x62,0x56,0xb,
  0x62,0x55,0xb,0x62,0x54,0xa,0x60,0x64,0xc,0x6e,0x96,0x11,0xa2,0xb2,0x15,0xc1,
  0xc2,0x16,0xd4,0xca,0x17,0xe0,0xc9,0x18,0xe2,0x8e,0x11,0xa1,0x56,0xa,0x62,0x55,
  0xb,0x61,0x56,0xb,0x62,0x56,0xb,0x62,0x56,0xb,0x62,0x56,0xb,0x62,0x56,0xb,
  0x62,0x55,0x9,0x61,0x53,0x7,0x5f,0x9a,0x1b,0xad,0xcc,0x23,0xe4,0xd7,0xba,0xdd,
  0xdb,0xd9,0xdc,0xdb,0xd6,0xdd,0xdb,0xd6,0xdd,0xdb,0xd6,0xdd,0xdb,0xd6,0xdd,0xdb,
  0xd6,0xdd,0xdb,0xd6,0xdd,0xdb,0xd6,0xdd,0xdb,0xd6,0xdd,0xdb,0xd6,0xdd,0xdb,0xd6,
  0xdd,0xdb,0xd6,0xdd,0xdd,0xd9,0xdf,0xc5,0xb5,0xc8,0x76,0x13,0x88,0x83,0xf,0x9b,
  0x83,0x10,0x9c,0x84,0x11,0x9f,0x86,0x10,0xa3,0x89,0x10,0xa8,0x8d,0x11,0xae,0x91,
  0x12,0xb4,0x96,0x12,0xba,0x9b,0x13,0xbf,0x9f,0x13,0xc3,0xa2,0x14,0xc7,0xa5,0x15,
  0xc9,0xa8,0x15,0xcb,0xaa,0x15,0xcd,0xac,0x15,0xce,0xad,0x14,0xce,0xaf,0x15,0xcf,
  0xb2,0x16,0xd0,0x9c,0x9,0xb6,0x95,0x4e,0xa1,0xcb,0xc3,0xce,0x7a,0x24,0x83,0xb8,
  0xd,0xc3,0xdb,0x9c,0xdf,0xdb,0xdc,0xdc,0xdb,0xd6,0xdd,0xdb,0xd6,0xdd,0xdb,0xd6,
  0xdd,0xdb,0xd6,0xdd,0xdb,0xd6,0xdd,0xdb,0xd6,0xdd,0xdb,0xd6,0xdd,0xdb,0xd6,0xdd,
  0xdb,0xd6,0xdd,0xdb,0xd6,0xdd,0xdb,0xd6,0xdd,0xdb,0xd6,0xdd,0xdb,0xd6,0xdd,0xdb,
  0xd6,0xdd,0xdb,0xd6,0xdd,0xdb,0xd6,0xdd,0xdb,0xd6,0xdd,0xdb,0xd6,0xdd,0xdb,0xd6,
  0xdd,0xdb,0xd6,0xdd,0xdb,0xd6,0xdd,0xdb,0xd6,0xdd,0xdb,0xd6,0xdd,0xdb,0xd6,0xdd,
  0xdb,0xd6,0xdd,0xdb,0xd6,0xdd,0xdb,0xd6,0xdd,0xdb,0xd6,0xdd,0xdb,0xd6,0xdd,0xdb,
  0xd6,0xdd,0xdb,0xd6,0xdd,0xdb,0xd6,0xdd,0xdb,0xd6,0xdd,0xdb,0xd6,0xdd,0xdb,0xd6,
  0xdd,0xdb,0xd6,0xdd,0xdb,0xd6,0xdd,0xdb,0xd6,0xdd,0xdb,0xd6,0xdd,0xdb,0xd6,0xdd,
  0xdb,0xd6,0xdd,0xdb,0xd6,0xdd,0xdb,0xd6,0xdd,0xdb,0xd6,0xdd,0xdb,0xd6,0xdd,0xdb,
  0xd6,0xdd,0xdb,0xd6,0xdd,0xdb,0xd6,0xdd,0xdb,0xd6,0xdd,0xdb,0xd6,0xdd,0xdb,0xd6,
  0xdd,0xdb,0xd6,0xdd,0xdb,0xd6,0xdd,0xdb,0xd6,0xdd,0xdb,0xd6,0xdd,0xdb,0xd6,0xdd,
  0xdb,0xd6,0xdd,0xdb,0xd6,0xdd,0xdb,0xd6,0xdd,0xdc,0xd9,0xde,0xd7,0xce,0xda,0x89,
  0x24,0x99,0x59,0x7,0x67,0x53,0x7,0x5f,0x56,0xb,0x62,0x56,0xb,0x62,0x56,0xb,
  0x62,0x56,0xb,0x62,0x55,0xa,0x61,0x58,0xb,0x64,0x85,0x10,0x94,0xab,0x14,0xbf,
  0xbe,0x16,0xd6,0xb7,0x15,0xcf,0x82,0x10,0x94,0x53,0xa,0x5f,0x55,0xb,0x61,0x56,
  0xb,0x62,0x56,0xb,0x62,0x56,0xb,0x62,0x56,0xb,0x62,0x56,0xb,0x62,0x54,0x9,
  0x60,0x51,0x3,0x5d,0x92,0x67,0x99,0xd5,0xc1,0xda,0xd9,0xbc,0xde,0xdb,0xd7,0xdd,
  0xdb,0xd6,0xdd,0xdb,0xd6,0xdd,0xdb,0xd6,0xdd,0xdb,0xd6,0xdd,0xdb,0xd6,0xdd,0xdb,
  0xd6,0xdd,0xdb,0xd6,0xdd,0xdb,0xd6,0xdd,0xdb,0xd6,0xdd,0xdb,0xd6,0xdd,0xdb,0xd6,
  0xdd,0xdb,0xd6,0xdd,0xdb,0xd6,0xdd,0xd7,0xd1,0xd8,0x78,0x2c,0x85,0x7e,0xb,0x94,
  0x81,0x10,0x9a,0x81,0x10,0x9c,0x82,0x10,0x9f,0x85,0x10,0xa4,0x89,0x11,0xab,0x8e,
  0x11,0xb1,0x93,0x12,0xb7,0x99,0x13,0xbf,0x9e,0x14,0xc4,0xa2,0x14,0xc8,0xa5,0x15,
  0xcb,0xa8,0x15,0xce,0xaa,0x14,0xcf,0xac,0x15,0xd0,0xad,0x15,0xd0,0xaf,0x16,0xd0,
  0xb0,0x16,0xcf,0xb3,0x16,0xd1,0x98,0x11,0xb0,0x74,0x27,0x82,0x9b,0x8,0xae,0xd4,
  0x5f,0xe1,0xdb,0xda,0xdc,0xdb,0xd6,0xdd,0xdb,0xd6,0xdd,0xdb,0xd6,0xdd,0xdb,0xd6,
  0xdd,0xdb,0xd6,0xdd,0xdb,0xd6,0xdd,0xdb,0xd6,0xdd,0xdb,0xd6,0xdd,0xdb,0xd6,0xdd,
  0xdb,0xd6,0xdd,0xdb,0xd6,0xdd,0xdb,0xd6,0xdd,0xdb,0xd6,0xdd,0xdb,0xd6,0xdd,0xdb,
  0xd6,0xdd,0xdb,0xd6,0xdd,0xdb,0xd6,0xdd,0xdb,0xd6,0xdd,0xdb,0xd6,0xdd,0xdb,0xd6,
  0xdd,0xdb,0xd6,0xdd,0xdb,0xd6,0xdd,0xdb,0xd6,0xdd,0xdb,0xd6,0xdd,0xdb,0xd6,0xdd,
  0xdb,0xd6,0xdd,0xdb,0xd6,0xdd,0xdb,0xd6,0xdd,0xdb,0xd6,0xdd,0xdb,0xd6,0xdd,0xdb,
  0xd6,0xdd,0xdb,0xd6,0xdd,0xdb,0xd6,0xdd,0xdb,0xd6,0xdd,0xdb,0xd6,0xdd,0xdb,0xd6,
  0xdd,0xdb,0xd6,0xdd,0xdb,0xd6,0xdd,0xdb,0xd6,0xdd,0xdb,0xd6,0xdd,0xdb,0xd6,0xdd,
  0xdb,0xd6,0xdd,0xdb,0xd6,0xdd,0xdb,0xd6,0xdd,0xdb,0xd6,0xdd,0xdb,0xd6,0xdd,0xdb,
  0xd6,0xdd,0xdb,0xd6,0xdd,0xdb,0xd6,0xdd,0xdb,0xd6,0xdd,0xdb,0xd6,0xdd,0xdb,0xd6,
  0xdd,0xdb,0xd6,0xdd,0xdb,0xd6,0xdd,0xdb,0xd6,0xdd,0xdb,0xd6,0xdd,0xdb,0xd6,0xdd,
  0xdb,0xd6,0xdd,0xdb,0xd6,0xdd,0xdb,0xd6,0xdd,0xdf,0xdd,0xe1,0xa9,0x8a,0xae,0x57,
  0x10,0x62,0x54,0x9,0x60,0x56,0xb,0x62,0x56,0xb,0x62,0x56,0xb,0x62,0x56,0xb,
  0x62,0x56,0xb,0x62,0x55,0xa,0x61,0x55,0xa,0x60,0x6c,0xd,0x7a,0x87,0x10,0x9a,
  0x78,0xf,0x88,0x5b,0xb,0x68,0x52,0xa,0x5d,0x56,0xb,0x62,0x56,0xb,0x62,0x56,
  0xb,0x62,0x56,0xb,0x62,0x56,0xb,0x62,0x56,0xb,0x62,0x52,0x6,0x5e,0x58,0xe,
  0x63,0xa4,0x83,0xab,0xdd,0xda,0xdf,0xdc,0xda,0xde,0xdb,0xd9,0xdd,0xdb,0xd6,0xdd,
  0xdb,0xd6,0xdd,0xdb,0xd6,0xdd,0xdb,0xd6,0xdd,0xdb,0xd6,0xdd,0xdb,0xd6,0xdd,0xdb,
  0xd6,0xdd,0xdb,0xd6,0xdd,0xdb,0xd6,0xdd,0xdb,0xd6,0xdd,0xdb,0xd6,0xdd,0xdb,0xd6,
  0xdd,0xdb,0xd6,0xdd,0xdb,0xd6,0xdd,0xdc,0xdc,0xdd,0xa8,0x51,0xb7,0x83,0x7,0x99,
  0x7e,0xd,0x95,0x80,0x10,0x9a,0x80,0xf,0x9c,0x81,0x10,0xa0,0x7f,0x10,0x9e,0x72,
  0xe,0x91,0x80,0x10,0xa3,0x91,0x12,0xb9,0x9f,0x14,0xc9,0xa6,0x15,0xd1,0xa6,0x15,
  0xcf,0xa8,0x14,0xd0,0xaa,0x15,0xd1,0xac,0x16,0xd2,0xad,0x16,0xd1,0xaf,0x16,0xd1,
  0xb0,0x16,0xd1,0xb1,0x16,0xd0,0xb2,0x15,0xd0,0x84,0xa,0x99,0xa3,0x37,0xb4,0xdd,
  0xcb,0xe1,0xdb,0xd8,0xdc,0xdb,0xd6,0xdd,0xdb,0xd6,0xdd,0xdb,0xd6,0xdd,0xdb,0xd6,
  0xdd,0xdb,0xd6,0xdd,0xdb,0xd6,0xdd,0xdb,0xd6,0xdd,0xdb,0xd6,0xdd,0xdb,0xd6,0xdd,
  0xdb,0xd6,0xdd,0xdb,0xd6,0xdd,0xdb,0xd6,0xdd,0xdb,0xd6,0xdd,0xdb,0xd6,0xdd,0xdb,
  0xd6,0xdd,0xdb,0xd6,0xdd,0xdb,0xd6,0xdd,0xdb,0xd6,0xdd,0xdb,0xd6,0xdd,0xdb,0xd6,
  0xdd,0xdb,0xd6,0xdd,0xdb,0xd6,0xdd,0xdb,0xd6,0xdd,0xdb,0xd6,0xdd,0xdb,0xd6,0xdd,
  0xdb,0xd6,0xdd,0xdb,0xd6,0xdd,0xdb,0xd6,0xdd,0xdb,0xd6,0xdd,0xdb,0xd6,0xdd,0xdb,
  0xd6,0xdd,0xdb,0xd6,0xdd,0xdb,0xd6,0xdd,0xdb,0xd6,0xdd,0xdb,0xd6,0xdd,0xdb,0xd6,
  0xdd,0xdb,0xd6,0xdd,0xdb,0xd6,0xdd,0xdb,0xd6,0xdd,0xdb,0xd6,0xdd,0xdb,0xd6,0xdd,
  0xdb,0xd6,0xdd,0xdb,0xd6,0xdd,0xdb,0xd6,0xdd,0xdb,0xd6,0xdd,0xdb,0xd6,0xdd,0xdb,
  0xd6,0xdd,0xdb,0xd6,0xdd,0xdb,0xd6,0xdd,0xdb,0xd6,0xdd,0xdb,0xd6,0xdd,0xdb,0xd6,
  0xdd,0xdb,0xd6,0xdd,0xdb,0xd6,0xdd,0xdb,0xd6,0xdd,0xdb,0xd6,0xdd,0xdb,0xd6,0xdd,
  0xdb,0xd6,0xdd,0xdb,0xd6,0xdd,0xdf,0xdd,0xe1,0xb5,0x9d,0xba,0x56,0xb,0x62,0x54,
  0x8,0x60,0x56,0xb,0x62,0x56,0xb,0x62,0x56,0xb,0x62,0x56,0xb,0x62,0x56,0xb,
  0x62,0x56,0xb,0x62,0x56,0xb,0x62,0x56,0xb,0x62,0x55,0xb,0x61,0x53,0xb,0x5f,
  0x52,0xb,0x5e,0x55,0xb,0x61,0x56,0xb,0x62,0x56,0xb,0x62,0x56,0xb,0x62,0x56,
  0xb,0x62,0x56,0xb,0x62,0x56,0xb,0x62,0x50,0x2,0x5d,0x67,0x26,0x72,0xbb,0xa5,
  0xbf,0xe0,0xde,0xe2,0xdb,0xd7,0xdd,0xdb,0xd6,0xdd,0xdb,0xd6,0xdd,0xdb,0xd6,0xdd,
  0xdb,0xd6,0xdd,0xdb,0xd6,0xdd,0xdb,0xd6,0xdd,0xdb,0xd6,0xdd,0xdb,0xd6,0xdd,0xdb,
  0xd6,0xdd,0xdb,0xd6,0xdd,0xdb,0xd6,0xdd,0xdb,0xd6,0xdd,0xdb,0xd6,0xdd,0xdb,0xd6,
  0xdd,0xdb,0xd6,0xdd,0xdb,0xd6,0xdd,0xdc,0xd8,0xde,0xd1,0xc2,0xd4,0xba,0x9a,0xbf,
  0x7f,0x1e,0x91,0x7e,0xa,0x97,0x7f,0x10,0x9a,0x80,0x10,0x9d,0x6e,0xe,0x8a,0x5d,
  0xc,0x79,0x78,0xf,0x9c,0x8d,0x12,0xb9,0xa0,0x15,0xd0,0xae,0x16,0xe0,0xb4,0x17,
  0xe5,0xac,0x15,0xd7,0xaa,0x15,0xd3,0xac,0x16,0xd3,0xad,0x16,0xd3,0xae,0x16,0xd2,
  0xaf,0x16,0xd1,0xb0,0x16,0xd0,0xb2,0x16,0xd1,0xa3,0xd,0xbe,0x91,0x54,0x9c,0xdd,
  0xdc,0xdf,0xdb,0xd6,0xdd,0xdb,0xd6,0xdd,0xdb,0xd6,0xdd,0xdb,0xd6,0xdd,0xdb,0xd6,
  0xdd,0xdb,0xd6,0xdd,0xdb,0xd6,0xdd,0xdb,0xd6,0xdd,0xdb,0xd6,0xdd,0xdb,0xd6,0xdd,
  0xdb,0xd6,0xdd,0xdb,0xd6,0xdd,0xdb,0xd6,0xdd,0xdb,0xd6,0xdd,0xdb,0xd6,0xdd,0xdb,
  0xd6,0xdd,0xdb,0xd6,0xdd,0xdb,0xd6,0xdd,0xdb,0xd6,0xdd,0xdb,0xd6,0xdd,0xdb,0xd6,
  0xdd,0xdb,0xd6,0xdd,0xdb,0xd6,0xdd,0xdb,0xd6,0xdd,0xdb,0xd6,0xdd,0xdb,0xd6,0xdd,
  0xdb,0xd6,0xdd,0xdb,0xd6,0xdd,0xdb,0xd6,0xdd,0xdb,0xd6,0xdd,0xdb,0xd6,0xdd,0xdb,
  0xd6,0xdd,0xdb,0xd6,0xdd,0xdb,0xd6,0xdd,0xdb,0xd6,0xdd,0xdb,0xd6,0xdd,0xdb,0xd6,
  0xdd,0xdb,0xd6,0xdd,0xdb,0xd6,0xdd,0xdb,0xd6,0xdd,0xdb,0xd6,0xdd,0xdb,0xd6,0xdd,
  0xdb,0xd6,0xdd,0xdb,0xd6,0xdd,0xdb,0xd6,0xdd,0xdb,0xd6,0xdd,0xdb,0xd6,0xdd,0xdb,
  0xd6,0xdd,0xdb,0xd6,0xdd,0xdb,0xd6,0xdd,0xdb,0xd6,0xdd,0xdb,0xd6,0xdd,0xdb,0xd6,
  0xdd,0xdb,0xd6,0xdd,0xdb,0xd6,0xdd,0xdb,0xd6,0xdd,0xdb,0xd6,0xdd,0xdb,0xd6,0xdd,
  0xdb,0xd6,0xdd,0xdf,0xdc,0xe1,0xc0,0xae,0xc5,0x5b,0x13,0x66,0x53,0x7,0x5f,0x56,
  0xb,0x62,0x56,0xb,0x62,0x56,0xb,0x62,0x56,0xb,0x62,0x56,0xb,0x62,0x56,0xb,
  0x62,0x56,0xb,0x62,0x56,0xb,0x62,0x56,0xb,0x62,0x56,0xb,0x62,0x56,0xb,0x62,
  0x56,0xb,0x62,0x56,0xb,0x62,0x56,0xb,0x62,0x56,0xb,0x62,0x56,0xb,0x62,0x56,
  0xb,0x62,0x53,0x7,0x5f,0x52,0x5,0x5e,0x81,0x4c,0x89,0xcf,0xc4,0xd2,0xe0,0xdd,
  0xe1,0xdb,0xd6,0xdd,0xdb,0xd6,0xdd,0xdb,0xd6,0xdd,0xdb,0xd6,0xdd,0xdb,0xd6,0xdd,
  0xdb,0xd6,0xdd,0xdb,0xd6,0xdd,0xdb,0xd6,0xdd,0xdb,0xd6,0xdd,0xdb,0xd6,0xdd,0xdb,
  0xd6,0xdd,0xdb,0xd6,0xdd,0xdb,0xd6,0xdd,0xdb,0xd6,0xdd,0xdb,0xd6,0xdd,0xdb,0xd6,
  0xdd,0xdb,0xd6,0xdd,0xdb,0xd6,0xdd,0xdb,0xd6,0xdd,0xdc,0xd9,0xde,0xe0,0xdf,0xe1,
  0xc1,0xab,0xc5,0x82,0x22,0x95,0x7d,0x8,0x96,0x7f,0x10,0x9b,0x78,0xf,0x96,0x5a,
  0xb,0x75,0x6e,0xe,0x94,0x8c,0x12,0xbb,0xa1,0x15,0xd6,0xb0,0x17,0xe7,0xba,0x18,
  0xf1,0xbc,0x17,0xef,0xad,0x16,0xd8,0xab,0x15,0xd4,0xac,0x16,0xd3,0xad,0x16,0xd2,
  0xae,0x15,0xd1,0xaf,0x15,0xd0,0xb0,0x16,0xd0,0xab,0x13,0xc8,0x83,0x22,0x94,0xd2,
  0xc7,0xd5,0xdb,0xd7,0xdd,0xdb,0xd6,0xdd,0xdb,0xd6,0xdd,0xdb,0xd6,0xdd,0xdb,0xd6,
  0xdd,0xdb,0xd6,0xdd,0xdb,0xd6,0xdd,0xdb,0xd6,0xdd,0xdb,0xd6,0xdd,0xdb,0xd6,0xdd,
  0xdb,0xd6,0xdd,0xdb,0xd6,0xdd,0xdb,0xd6,0xdd,0xdb,0xd6,0xdd,0xdb,0xd6,0xdd,0xdb,
  0xd6,0xdd,0xdb,0xd6,0xdd,0xdb,0xd6,0xdd,0xdb,0xd6,0xdd,0xdb,0xd6,0xdd,0xdb,0xd6,
  0xdd,0xdb,0xd6,0xdd,0xdb,0xd6,0xdd,0xdb,0xd6,0xdd,0xdb,0xd6,0xdd,0xdb,0xd6,0xdd,
  0xdb,0xd6,0xdd,0xdb,0xd6,0xdd,0xdb,0xd6,0xdd,0xdb,0xd6,0xdd,0xdb,0xd6,0xdd,0xdb,
  0xd6,0xdd,0xdb,0xd6,0xdd,0xdb,0xd6,0xdd,0xdb,0xd6,0xdd,0xdb,0xd6,0xdd,0xdb,0xd6,
  0xdd,0xdb,0xd6,0xdd,0xdb,0xd6,0xdd,0xdb,0xd6,0xdd,0xdb,0xd6,0xdd,0xdb,0xd6,0xdd,
  0xdb,0xd6,0xdd,0xdb,0xd6,0xdd,0xdb,0xd6,0xdd,0xdb,0xd6,0xdd,0xdb,0xd6,0xdd,0xdb,
  0xd6,0xdd,0xdb,0xd6,0xdd,0xdb,0xd6,0xdd,0xdb,0xd6,0xdd,0xdb,0xd6,0xdd,0xdb,0xd6,
  0xdd,0xdb,0xd6,0xdd,0xdb,0xd6,0xdd,0xdb,0xd6,0xdd,0xdb,0xd6,0xdd,0xdc,0xd8,0xde,
  0xe0,0xdf,0xe3,0xd8,0xd4,0xdb,0x74,0x39,0x7e,0x51,0x3,0x5d,0x56,0xb,0x62,0x56,
  0xb,0x62,0x56,0xb,0x62,0x56,0xb,0x62,0x56,0xb,0x62,0x56,0xb,0x62,0x56,0xb,
  0x62,0x56,0xb,0x62,0x56,0xb,0x62,0x56,0xb,0x62,0x56,0xb,0x62,0x56,0xb,0x62,
  0x56,0xb,0x62,0x56,0xb,0x62,0x56,0xb,0x62,0x56,0xb,0x62,0x55,0xb,0x61,0x50,
  0x3,0x5c,0x65,0x22,0x70,0xad,0x8f,0xb2,0xdd,0xda,0xdf,0xdd,0xd9,0xdf,0xdb,0xd6,
  0xdd,0xdb,0xd6,0xdd,0xdb,0xd6,0xdd,0xdb,0xd6,0xdd,0xdb,0xd6,0xdd,0xdb,0xd6,0xdd,
  0xdb,0xd6,0xdd,0xdb,0xd6,0xdd,0xdb,0xd6,0xdd,0xdb,0xd6,0xdd,0xdb,0xd6,0xdd,0xdb,
  0xd6,0xdd,0xdb,0xd6,0xdd,0xdb,0xd6,0xdd,0xdb,0xd6,0xdd,0xdb,0xd6,0xdd,0xdb,0xd6,
  0xdd,0xdb,0xd6,0xdd,0xdb,0xd6,0xdd,0xdb,0xd6,0xdd,0xdb,0xd6,0xdd,0xdb,0xd6,0xdd,
  0xde,0xdc,0xe0,0xcd,0xbc,0xd1,0x96,0x47,0xa4,0x7c,0x7,0x95,0x81,0xd,0x9e,0x71,
  0xe,0x8f,0x5f,0xc,0x82,0x81,0x11,0xb2,0xa3,0x15,0xde,0xb4,0x17,0xf2,0xbb,0x18,
  0xf7,0xbf,0x18,0xf6,0xb0,0x16,0xde,0xa8,0x14,0xd1,0xaa,0x15,0xd1,0xab,0x15,0xd0,
  0xac,0x15,0xcf,0xad,0x14,0xce,0xaf,0x15,0xce,0xaf,0x13,0xcc,0x85,0x1c,0x96,0xcc,
  0xc1,0xcf,0xdc,0xd8,0xde,0xdb,0xd6,0xdd,0xdb,0xd6,0xdd,0xdb,0xd6,0xdd,0xdb,0xd6,
  0xdd,0xdb,0xd6,0xdd,0xdb,0xd6,0xdd,0xdb,0xd6,0xdd,0xdb,0xd6,0xdd,0xdb,0xd6,0xdd,
  0xdb,0xd6,0xdd,0xdb,0xd6,0xdd,0xdb,0xd6,0xdd,0xdb,0xd6,0xdd,0xdb,0xd6,0xdd,0xdb,
  0xd6,0xdd,0xdb,0xd6,0xdd,0xdb,0xd6,0xdd,0xdb,0xd6,0xdd,0xdb,0xd6,0xdd,0xdb,0xd6,
  0xdd,0xdb,0xd6,0xdd,0xdb,0xd6,0xdd,0xdb,0xd6,0xdd,0xdb,0xd6,0xdd,0xdb,0xd6,0xdd,
  0xdb,0xd6,0xdd,0xdb,0xd6,0xdd,0xdb,0xd6,0xdd,0xdb,0xd6,0xdd,0xdb,0xd6,0xdd,0xdb,
  0xd6,0xdd,0xdb,0xd6,0xdd,0xdb,0xd6,0xdd,0xdb,0xd6,0xdd,0xdb,0xd6,0xdd,0xdb,0xd6,
  0xdd,0xdb,0xd6,0xdd,0xdb,0xd6,0xdd,0xdb,0xd6,0xdd,0xdb,0xd6,0xdd,0xdb,0xd6,0xdd,
  0xdb,0xd6,0xdd,0xdb,0xd6,0xdd,0xdb,0xd6,0xdd,0xdb,0xd6,0xdd,0xdb,0xd6,0xdd,0xdb,
  0xd6,0xdd,0xdb,0xd6,0xdd,0xdb,0xd6,0xdd,0xdb,0xd6,0xdd,0xdb,0xd6,0xdd,0xdb,0xd6,
  0xdd,0xdb,0xd6,0xdd,0xdb,0xd6,0xdd,0xdb,0xd6,0xdd,0xdc,0xd8,0xde,0xd3,0xca,0xd5,
  0x9e,0x6f,0x9d,0x8a,0x52,0x8e,0x50,0x5,0x5d,0x56,0xb,0x62,0x56,0xb,0x62,0x56,
  0xb,0x62,0x56,0xb,0x62,0x56,0xb,0x62,0x56,0xb,0x62,0x56,0xb,0x62,0x56,0xb,
  0x62,0x56,0xb,0x62,0x56,0xb,0x62,0x56,0xb,0x62,0x56,0xb,0x62,0x56,0xb,0x62,
  0x56,0xb,0x62,0x56,0xb,0x62,0x56,0xb,0x61,0x52,0xa,0x5c,0x58,0x7,0x67,0x8b,
  0x57,0x96,0xd1,0xc7,0xd3,0xe0,0xde,0xe2,0xdb,0xd7,0xdd,0xdb,0xd6,0xdd,0xdb,0xd6,
  0xdd,0xdb,0xd6,0xdd,0xdb,0xd6,0xdd,0xdb,0xd6,0xdd,0xdb,0xd6,0xdd,0xdb,0xd6,0xdd,
  0xdb,0xd6,0xdd,0xdb,0xd6,0xdd,0xdb,0xd6,0xdd,0xdb,0xd6,0xdd,0xdb,0xd6,0xdd,0xdb,
  0xd6,0xdd,0xdb,0xd6,0xdd,0xdb,0xd6,0xdd,0xdb,0xd6,0xdd,0xdb,0xd6,0xdd,0xdb,0xd6,
  0xdd,0xdb,0xd6,0xdd,0xdb,0xd6,0xdd,0xdb,0xd6,0xdd,0xdb,0xd6,0xdd,0xdb,0xd6,0xdd,
  0xdb,0xd6,0xdd,0xdd,0xdb,0xdf,0xd9,0xd5,0xda,0xab,0x7a,0xb4,0x84,0x1d,0x99,0x83,
  0x8,0x9d,0x60,0xa,0x7e,0x6f,0xf,0x9e,0xa3,0x16,0xe4,0xb8,0x18,0xfd,0xb6,0x17,
  0xf4,0xae,0x16,0xe1,0xa6,0x14,0xcf,0xa5,0x14,0xcc,0xa7,0x15,0xcd,0xa8,0x15,0xcd,
  0xaa,0x15,0xcc,0xab,0x15,0xcc,0xad,0x15,0xcc,0xa8,0xf,0xc5,0x8c,0x32,0x9c,0xd8,
  0xd3,0xd9,0xdb,0xd6,0xdd,0xdb,0xd6,0xdd,0xdb,0xd6,0xdd,0xdb,0xd6,0xdd,0xdb,0xd6,
  0xdd,0xdb,0xd6,0xdd,0xdb,0xd6,0xdd,0xdb,0xd6,0xdd,0xdb,0xd6,0xdd,0xdb,0xd6,0xdd,
  0xdb,0xd6,0xdd,0xdb,0xd6,0xdd,0xdb,0xd6,0xdd,0xdb,0xd6,0xdd,0xdb,0xd6,0xdd,0xdb,
  0xd6,0xdd,0xdb,0xd6,0xdd,0xdb,0xd6,0xdd,0xdb,0xd6,0xdd,0xdb,0xd6,0xdd,0xdb,0xd6,
  0xdd,0xdb,0xd6,0xdd,0xdb,0xd6,0xdd,0xdb,0xd6,0xdd,0xdb,0xd6,0xdd,0xdb,0xd6,0xdd,
  0xdb,0xd6,0xdd,0xdb,0xd6,0xdd,0xdb,0xd6,0xdd,0xdb,0xd6,0xdd,0xdb,0xd6,0xdd,0xdb,
  0xd6,0xdd,0xdb,0xd6,0xdd,0xdb,0xd6,0xdd,0xdb,0xd6,0xdd,0xdb,0xd6,0xdd,0xdb,0xd6,
  0xdd,0xdb,0xd6,0xdd,0xdb,0xd6,0xdd,0xdb,0xd6,0xdd,0xdb,0xd6,0xdd,0xdb,0xd6,0xdd,
  0xdb,0xd6,0xdd,0xdb,0xd6,0xdd,0xdb,0xd6,0xdd,0xdb,0xd6,0xdd,0xdb,0xd6,0xdd,0xdb,
  0xd6,0xdd,0xdb,0xd6,0xdd,0xdb,0xd6,0xdd,0xdb,0xd6,0xdd,0xdb,0xd6,0xdd,0xdb,0xd6,
  0xdd,0xdb,0xd6,0xdd,0xdb,0xd6,0xdd,0xdb,0xd6,0xdd,0xdf,0xde,0xe1,0xa6,0x7b,0xa5,
  0x8a,0x0,0x82,0xa1,0xb,0x9a,0x6a,0xc,0x6f,0x52,0xa,0x5f,0x56,0xb,0x62,0x56,
  0xb,0x62,0x56,0xb,0x62,0x56,0xb,0x62,0x56,0xb,0x62,0x56,0xb,0x62,0x56,0xb,
  0x62,0x56,0xb,0x62,0x56,0xb,0x62,0x56,0xb,0x62,0x56,0xb,0x62,0x56,0xb,0x62,
  0x55,0x9,0x61,0x52,0x6,0x5e,0x56,0xa,0x63,0x78,0xf,0x98,0xa1,0x14,0xdf,0xd3,
  0xb1,0xe4,0xde,0xde,0xde,0xdb,0xd6,0xdd,0xdb,0xd6,0xdd,0xdb,0xd6,0xdd,0xdb,0xd6,
  0xdd,0xdb,0xd6,0xdd,0xdb,0xd6,0xdd,0xdb,0xd6,0xdd,0xdb,0xd6,0xdd,0xdb,0xd6,0xdd,
  0xdb,0xd6,0xdd,0xdb,0xd6,0xdd,0xdb,0xd6,0xdd,0xdb,0xd6,0xdd,0xdb,0xd6,0xdd,0xdb,
  0xd6,0xdd,0xdb,0xd6,0xdd,0xdb,0xd6,0xdd,0xdb,0xd6,0xdd,0xdb,0xd6,0xdd,0xdb,0xd6,
  0xdd,0xdb,0xd6,0xdd,0xdb,0xd6,0xdd,0xdb,0xd6,0xdd,0xdb,0xd6,0xdd,0xdb,0xd6,0xdd,
  0xdb,0xd6,0xdd,0xdb,0xd6,0xdd,0xdc,0xd7,0xde,0xde,0xde,0xe0,0xd0,0xc1,0xd3,0xa7,
  0x65,0xb2,0x6f,0x1c,0x89,0x74,0xf,0xac,0xaa,0x14,0xf6,0xa5,0x13,0xdf,0x97,0x13,
  0xbf,0x97,0x13,0xbc,0x9c,0x13,0xc0,0x9f,0x14,0xc3,0xa2,0x14,0xc5,0xa5,0x14,0xc6,
  0xa7,0x14,0xc7,0xaa,0x15,0xc9,0xaa,0x11,0xc8,0x8a,0xa,0xa0,0xaf,0x8b,0xb6,0xde,
  0xdc,0xe0,0xdb,0xd6,0xdd,0xdb,0xd6,0xdd,0xdb,0xd6,0xdd,0xdb,0xd6,0xdd,0xdb,0xd6,
  0xdd,0xdb,0xd6,0xdd,0xdb,0xd6,0xdd,0xdb,0xd6,0xdd,0xdb,0xd6,0xdd,0xdb,0xd6,0xdd,
  0xdb,0xd6,0xdd,0xdb,0xd6,0xdd,0xdb,0xd6,0xdd,0xdb,0xd6,0xdd,0xdb,0xd6,0xdd,0xdb,
  0xd6,0xdd,0xdb,0xd6,0xdd,0xdb,0xd6,0xdd,0xdb,0xd6,0xdd,0xdb,0xd6,0xdd,0xdb,0xd6,
  0xdd,0xdb,0xd6,0xdd,0xdb,0xd6,0xdd,0xdb,0xd6,0xdd,0xdb,0xd6,0xdd,0xdb,0xd6,0xdd,
  0xdb,0xd6,0xdd,0xdb,0xd6,0xdd,0xdb,0xd6,0xdd,0xdb,0xd6,0xdd,0xdb,0xd6,0xdd,0xdb,
  0xd6,0xdd,0xdb,0xd6,0xdd,0xdb,0xd6,0xdd,0xdb,0xd6,0xdd,0xdb,0xd6,0xdd,0xdb,0xd6,
  0xdd,0xdb,0xd6,0xdd,0xdb,0xd6,0xdd,0xdb,0xd6,0xdd,0xdb,0xd6,0xdd,0xdb,0xd6,0xdd,
  0xdb,0xd6,0xdd,0xdb,0xd6,0xdd,0xdb,0xd6,0xdd,0xdb,0xd6,0xdd,0xdb,0xd6,0xdd,0xdb,
  0xd6,0xdd,0xdb,0xd6,0xdd,0xdb,0xd6,0xdd,0xdb,0xd6,0xdd,0xdb,0xd6,0xdd,0xdb,0xd6,
  0xdd,0xdb,0xd6,0xdd,0xdb,0xd6,0xdd,0xdb,0xd6,0xdd,0xde,0xde,0xe0,0xb2,0x7a,0xb0,
  0xbe,0x8,0xb4,0xdb,0x18,0xd2,0xb4,0x14,0xb1,0x6e,0xd,0x75,0x52,0xa,0x5e,0x55,
  0xb,0x61,0x56,0xb,0x62,0x56,0xb,0x62,0x56,0xb,0x62,0x56,0xb,0x62,0x56,0xb,
  0x62,0x56,0xb,0x62,0x56,0xb,0x62,0x56,0xb,0x62,0x54,0x8,0x60,0x50,0x2,0x5c,
  0x5c,0x15,0x67,0x74,0x35,0x82,0x88,0xf,0xbc,0xb5,0x17,0xff,0xb3,0x17,0xff,0xce,
  0xad,0xe0,0xdc,0xdb,0xdc,0xdb,0xd6,0xdd,0xdb,0xd6,0xdd,0xdb,0xd6,0xdd,0xdb,0xd6,
  0xdd,0xdb,0xd6,0xdd,0xdb,0xd6,0xdd,0xdb,0xd6,0xdd,0xdb,0xd6,0xdd,0xdb,0xd6,0xdd,
  0xdb,0xd6,0xdd,0xdb,0xd6,0xdd,0xdb,0xd6,0xdd,0xdb,0xd6,0xdd,0xdb,0xd6,0xdd,0xdb,
  0xd6,0xdd,0xdb,0xd6,0xdd,0xdb,0xd6,0xdd,0xdb,0xd6,0xdd,0xdb,0xd6,0xdd,0xdb,0xd6,
  0xdd,0xdb,0xd6,0xdd,0xdb,0xd6,0xdd,0xdb,0xd6,0xdd,0xdb,0xd6,0xdd,0xdb,0xd6,0xdd,
  0xdb,0xd6,0xdd,0xdb,0xd6,0xdd,0xdb,0xd6,0xdd,0xdb,0xd6,0xdd,0xdd,0xd9,0xde,0xe2,
  0xe3,0xe2,0xa5,0x8c,0xb3,0x75,0x8,0xb6,0xa9,0x28,0xeb,0x90,0x1d,0xa9,0x8c,0xa,
  0xa7,0x90,0x9,0xaf,0x95,0xb,0xb4,0x9b,0xf,0xb9,0x9e,0x13,0xbd,0x9f,0xe,0xbe,
  0xa0,0xc,0xbe,0x98,0xa,0xb3,0x8e,0x20,0xa1,0xac,0x82,0xb3,0xdc,0xda,0xde,0xdb,
  0xd6,0xdd,0xdb,0xd6,0xdd,0xdb,0xd6,0xdd,0xdb,0xd6,0xdd,0xdb,0xd6,0xdd,0xdb,0xd6,
  0xdd,0xdb,0xd6,0xdd,0xdb,0xd6,0xdd,0xdb,0xd6,0xdd,0xdb,0xd6,0xdd,0xdb,0xd6,0xdd,
  0xdb,0xd6,0xdd,0xdb,0xd6,0xdd,0xdb,0xd6,0xdd,0xdb,0xd6,0xdd,0xdb,0xd6,0xdd,0xdb,
  0xd6,0xdd,0xdb,0xd6,0xdd,0xdb,0xd6,0xdd,0xdb,0xd6,0xdd,0xdb,0xd6,0xdd,0xdb,0xd6,
  0xdd,0xdb,0xd6,0xdd,0xdb,0xd6,0xdd,0xdb,0xd6,0xdd,0xdb,0xd6,0xdd,0xdb,0xd6,0xdd,
  0xdb,0xd6,0xdd,0xdb,0xd6,0xdd,0xdb,0xd6,0xdd,0xdb,0xd6,0xdd,0xdb,0xd6,0xdd,0xdb,
  0xd6,0xdd,0xdb,0xd6,0xdd,0xdb,0xd6,0xdd,0xdb,0xd6,0xdd,0xdb,0xd6,0xdd,0xdb,0xd6,
  0xdd,0xdb,0xd6,0xdd,0xdb,0xd6,0xdd,0xdb,0xd6,0xdd,0xdb,0xd6,0xdd,0xdb,0xd6,0xdd,
  0xdb,0xd6,0xdd,0xdb,0xd6,0xdd,0xdb,0xd6,0xdd,0xdb,0xd6,0xdd,0xdb,0xd6,0xdd,0xdb,
  0xd6,0xdd,0xdb,0xd6,0xdd,0xdb,0xd6,0xdd,0xdb,0xd6,0xdd,0xdb,0xd6,0xdd,0xdb,0xd6,
  0xdd,0xdb,0xd6,0xdd,0xdb,0xd6,0xdd,0xdb,0xd6,0xdd,0xdb,0xd8,0xdd,0xd6,0xcb,0xd8,
  0xc5,0x4b,0xc0,0xd7,0xf,0xd2,0xd9,0x17,0xd9,0xb7,0x14,0xbc,0x73,0xd,0x7d,0x53,
  0xa,0x5f,0x55,0xa,0x62,0x56,0xb,0x62,0x56,0xb,0x62,0x56,0xb,0x62,0x56,0xb,
  0x62,0x54,0x7,0x60,0x50,0x2,0x5d,0x52,0x5,0x5e,0x66,0x24,0x71,0x96,0x6d,0x9d,
  0xc8,0xb9,0xcb,0xda,0xd6,0xdc,0x9f,0x53,0xc7,0xa3,0x10,0xf0,0xad,0x13,0xfe,0xc5,
  0x9b,0xdd,0xdd,0xdc,0xdc,0xdb,0xd6,0xdd,0xdb,0xd6,0xdd,0xdb,0xd6,0xdd,0xdb,0xd6,
  0xdd,0xdb,0xd6,0xdd,0xdb,0xd6,0xdd,0xdb,0xd6,0xdd,0xdb,0xd6,0xdd,0xdb,0xd6,0xdd,
  0xdb,0xd6,0xdd,0xdb,0xd6,0xdd,0xdb,0xd6,0xdd,0xdb,0xd6,0xdd,0xdb,0xd6,0xdd,0xdb,
  0xd6,0xdd,0xdb,0xd6,0xdd,0xdb,0xd6,0xdd,0xdb,0xd6,0xdd,0xdb,0xd6,0xdd,0xdb,0xd6,
  0xdd,0xdb,0xd6,0xdd,0xdb,0xd6,0xdd,0xdb,0xd6,0xdd,0xdb,0xd6,0xdd,0xdb,0xd6,0xdd,
  0xdb,0xd6,0xdd,0xdb,0xd6,0xdd,0xdb,0xd6,0xdd,0xdb,0xd6,0xdd,0xdb,0xd6,0xdd,0xe1,
  0xdf,0xe1,0x94,0x74,0xaa,0x74,0x7,0xbc,0xca,0xa1,0xe2,0xd0,0xc2,0xd1,0xbb,0x91,
  0xc3,0xad,0x6e,0xb9,0xa1,0x4f,0xb0,0x99,0x2d,0xad,0x91,0xb,0xa9,0xa2,0x44,0xb3,
  0xa4,0x59,0xb2,0xb0,0x89,0xb8,0xcf,0xc3,0xd2,0xdf,0xdd,0xe0,0xdb,0xd6,0xdd,0xdb,
  0xd6,0xdd,0xdb,0xd6,0xdd,0xdb,0xd6,0xdd,0xdb,0xd6,0xdd,0xdb,0xd6,0xdd,0xdb,0xd6,
  0xdd,0xdb,0xd6,0xdd,0xdb,0xd6,0xdd,0xdb,0xd6,0xdd,0xdb,0xd6,0xdd,0xdb,0xd6,0xdd,
  0xdb,0xd6,0xdd,0xdb,0xd6,0xdd,0xdb,0xd6,0xdd,0xdb,0xd6,0xdd,0xdb,0xd6,0xdd,0xdb,
  0xd6,0xdd,0xdb,0xd6,0xdd,0xdb,0xd6,0xdd,0xdb,0xd6,0xdd,0xdb,0xd6,0xdd,0xdb,0xd6,
  0xdd,0xdb,0xd6,0xdd,0xdb,0xd6,0xdd,0xdb,0xd6,0xdd,0xdb,0xd6,0xdd,0xdb,0xd6,0xdd,
  0xdb,0xd6,0xdd,0xdb,0xd6,0xdd,0xdb,0xd6,0xdd,0xdb,0xd6,0xdd,0xdb,0xd6,0xdd,0xdb,
  0xd6,0xdd,0xdb,0xd6,0xdd,0xdb,0xd6,0xdd,0xdb,0xd6,0xdd,0xdb,0xd6,0xdd,0xdb,0xd6,
  0xdd,0xdb,0xd6,0xdd,0xdb,0xd6,0xdd,0xdb,0xd6,0xdd,0xdb,0xd6,0xdd,0xdb,0xd6,0xdd,
  0xdb,0xd6,0xdd,0xdb,0xd6,0xdd,0xdb,0xd6,0xdd,0xdb,0xd6,0xdd,0xdb,0xd6,0xdd,0xdb,
  0xd6,0xdd,0xdb,0xd6,0xdd,0xdb,0xd6,0xdd,0xdb,0xd6,0xdd,0xdb,0xd6,0xdd,0xdb,0xd6,
  0xdd,0xdb,0xd6,0xdd,0xdb,0xd6,0xdd,0xdb,0xd6,0xdd,0xdb,0xd6,0xdd,0xdc,0xda,0xde,
  0xd6,0xd0,0xd8,0xc4,0x5a,0xc5,0xd0,0x10,0xd4,0xd6,0x17,0xdf,0xb8,0x15,0xc6,0x78,
  0xe,0x86,0x51,0x5,0x5e,0x51,0x4,0x5d,0x51,0x3,0x5d,0x50,0x3,0x5d,0x55,0x9,
  0x61,0x68,0x27,0x73,0x8c,0x5d,0x94,0xb4,0x9b,0xb9,0xd4,0xcb,0xd6,0xe1,0xdf,0xe2,
  0xde,0xda,0xdf,0xdc,0xd8,0xde,0xd6,0xd2,0xd8,0x98,0x36,0xd2,0xa1,0xb,0xfc,0xae,
  0x63,0xdf,0xdd,0xdd,0xdb,0xdb,0xd6,0xdd,0xdb,0xd6,0xdd,0xdb,0xd6,0xdd,0xdb,0xd6,
  0xdd,0xdb,0xd6,0xdd,0xdb,0xd6,0xdd,0xdb,0xd6,0xdd,0xdb,0xd6,0xdd,0xdb,0xd6,0xdd,
  0xdb,0xd6,0xdd,0xdb,0xd6,0xdd,0xdb,0xd6,0xdd,0xdb,0xd6,0xdd,0xdb,0xd6,0xdd,0xdb,
  0xd6,0xdd,0xdb,0xd6,0xdd,0xdb,0xd6,0xdd,0xdb,0xd6,0xdd,0xdb,0xd6,0xdd,0xdb,0xd6,
  0xdd,0xdb,0xd6,0xdd,0xdb,0xd6,0xdd,0xdb,0xd6,0xdd,0xdb,0xd6,0xdd,0xdb,0xd6,0xdd,
  0xdb,0xd6,0xdd,0xdb,0xd6,0xdd,0xdb,0xd6,0xdd,0xdb,0xd6,0xdd,0xdb,0xd6,0xdd,0xdd,
  0xda,0xdd,0x76,0x43,0x9c,0x87,0x1e,0xd4,0xd7,0xc8,0xe0,0xdd,0xdb,0xdd,0xde,0xdd,
  0xe0,0xde,0xdf,0xe0,0xde,0xdf,0xdf,0xca,0xb5,0xce,0xb3,0x74,0xbd,0xdb,0xd7,0xdd,
  0xdd,0xdd,0xde,0xdf,0xde,0xe1,0xdc,0xd9,0xde,0xdb,0xd6,0xdd,0xdb,0xd6,0xdd,0xdb,
  0xd6,0xdd,0xdb,0xd6,0xdd,0xdb,0xd6,0xdd,0xdb,0xd6,0xdd,0xdb,0xd6,0xdd,0xdb,0xd6,
  0xdd,0xdb,0xd6,0xdd,0xdb,0xd6,0xdd,0xdb,0xd6,0xdd,0xdb,0xd6,0xdd,0xdb,0xd6,0xdd,
  0xdb,0xd6,0xdd,0xdb,0xd6,0xdd,0xdb,0xd6,0xdd,0xdb,0xd6,0xdd,0xdb,0xd6,0xdd,0xdb,
  0xd6,0xdd,0xdb,0xd6,0xdd,0xdb,0xd6,0xdd,0xdb,0xd6,0xdd,0xdb,0xd6,0xdd,0xdb,0xd6,
  0xdd,0xdb,0xd6,0xdd,0xdb,0xd6,0xdd,0xdb,0xd6,0xdd,0xdb,0xd6,0xdd,0xdb,0xd6,0xdd,
  0xdb,0xd6,0xdd,0xdb,0xd6,0xdd,0xdb,0xd6,0xdd,0xdb,0xd6,0xdd,0xdb,0xd6,0xdd,0xdb,
  0xd6,0xdd,0xdb,0xd6,0xdd,0xdb,0xd6,0xdd,0xdb,0xd6,0xdd,0xdb,0xd6,0xdd,0xdb,0xd6,
  0xdd,0xdb,0xd6,0xdd,0xdb,0xd6,0xdd,0xdb,0xd6,0xdd,0xdb,0xd6,0xdd,0xdb,0xd6,0xdd,
  0xdb,0xd6,0xdd,0xdb,0xd6,0xdd,0xdb,0xd6,0xdd,0xdb,0xd6,0xdd,0xdb,0xd6,0xdd,0xdb,
  0xd6,0xdd,0xdb,0xd6,0xdd,0xdb,0xd6,0xdd,0xdb,0xd6,0xdd,0xdb,0xd6,0xdd,0xdb,0xd6,
  0xdd,0xdb,0xd6,0xdd,0xdb,0xd6,0xdd,0xdb,0xd6,0xdd,0xdb,0xd6,0xdd,0xdb,0xd6,0xdd,
  0xdc,0xd9,0xde,0xd9,0xd9,0xdb,0xc5,0x73,0xca,0xc7,0x11,0xd5,0xd2,0x16,0xe5,0xb5,
  0x13,0xcb,0x78,0x34,0x83,0x7a,0x43,0x82,0x87,0x55,0x8f,0xa3,0x81,0xa9,0xbd,0xa8,
  0xc1,0xd6,0xce,0xd8,0xe0,0xde,0xe2,0xdf,0xdd,0xe1,0xdc,0xd8,0xde,0xdb,0xd6,0xdd,
  0xdb,0xd6,0xdd,0xdb,0xd6,0xdd,0xdf,0xdf,0xde,0xa5,0x75,0xc4,0x95,0xa,0xf0,0xa0,
  0x30,0xee,0xd5,0xce,0xd9,0xdb,0xd7,0xdd,0xdb,0xd6,0xdd,0xdb,0xd6,0xdd,0xdb,0xd6,
  0xdd,0xdb,0xd6,0xdd,0xdb,0xd6,0xdd,0xdb,0xd6,0xdd,0xdb,0xd6,0xdd,0xdb,0xd6,0xdd,
  0xdb,0xd6,0xdd,0xdb,0xd6,0xdd,0xdb,0xd6,0xdd,0xdb,0xd6,0xdd,0xdb,0xd6,0xdd,0xdb,
  0xd6,0xdd,0xdb,0xd6,0xdd,0xdb,0xd6,0xdd,0xdb,0xd6,0xdd,0xdb,0xd6,0xdd,0xdb,0xd6,
  0xdd,0xdb,0xd6,0xdd,0xdb,0xd6,0xdd,0xdb,0xd6,0xdd,0xdb,0xd6,0xdd,0xdb,0xd6,0xdd,
  0xdb,0xd6,0xdd,0xdb,0xd6,0xdd,0xdb,0xd6,0xdd,0xdb,0xd6,0xdd,0xdc,0xd7,0xde,0xcf,
  0xc8,0xd3,0x60,0x1a,0x9c,0x9b,0x43,0xe4,0xdd,0xd9,0xdd,0xdb,0xd6,0xdc,0xdb,0xd6,
  0xdd,0xdb,0xd6,0xdd,0xdb,0xd6,0xdd,0xdc,0xd9,0xde,0xde,0xde,0xdf,0xdb,0xd7,0xdd,
  0xdb,0xd6,0xdd,0xdb,0xd6,0xdd,0xdb,0xd6,0xdd,0xdb,0xd6,0xdd,0xdb,0xd6,0xdd,0xdb,
  0xd6,0xdd,0xdb,0xd6,0xdd,0xdb,0xd6,0xdd,0xdb,0xd6,0xdd,0xdb,0xd6,0xdd,0xdb,0xd6,
  0xdd,0xdb,0xd6,0xdd,0xdb,0xd6,0xdd,0xdb,0xd6,0xdd,0xdb,0xd6,0xdd,0xdb,0xd6,0xdd,
  0xdb,0xd6,0xdd,0xdb,0xd6,0xdd,0xdb,0xd6,0xdd,0xdb,0xd6,0xdd,0xdb,0xd6,0xdd,0xdb,
  0xd6,0xdd,0xdb,0xd6,0xdd,0xdb,0xd6,0xdd,0xdb,0xd6,0xdd,0xdb,0xd6,0xdd,0xdb,0xd6,
  0xdd,0xdb,0xd6,0xdd,0xdb,0xd6,0xdd,0xdb,0xd6,0xdd,0xdb,0xd6,0xdd,0xdb,0xd6,0xdd,
  0xdb,0xd6,0xdd,0xdb,0xd6,0xdd,0xdb,0xd6,0xdd,0xdb,0xd6,0xdd,0xdb,0xd6,0xdd,0xdb,
  0xd6,0xdd,0xdb,0xd6,0xdd,0xdb,0xd6,0xdd,0xdb,0xd6,0xdd,0xdb,0xd6,0xdd,0xdb,0xd6,
  0xdd,0xdb,0xd6,0xdd,0xdb,0xd6,0xdd,0xdb,0xd6,0xdd,0xdb,0xd6,0xdd,0xdb,0xd6,0xdd,
  0xdb,0xd6,0xdd,0xdb,0xd6,0xdd,0xdb,0xd6,0xdd,0xdb,0xd6,0xdd,0xdb,0xd6,0xdd,0xdb,
  0xd6,0xdd,0xdb,0xd6,0xdd,0xdb,0xd6,0xdd,0xdb,0xd6,0xdd,0xdb,0xd6,0xdd,0xdb,0xd6,
  0xdd,0xdb,0xd6,0xdd,0xdb,0xd6,0xdd,0xdb,0xd6,0xdd,0xdb,0xd6,0xdd,0xdb,0xd6,0xdd,
  0xdb,0xd6,0xdd,0xdb,0xd7,0xdd,0xda,0xdb,0xdc,0xc4,0x82,0xcb,0xc1,0x14,0xd7,0xd1,
  0x56,0xe4,0xda,0xd7,0xdc,0xdf,0xdc,0xe0,0xe0,0xdd,0xe1,0xe1,0xdf,0xe2,0xdf,0xdc,
  0xe0,0xdc,0xd7,0xde,0xdb,0xd6,0xdd,0xdb,0xd6,0xdd,0xdb,0xd6,0xdd,0xdb,0xd6,0xdd,
  0xdb,0xd6,0xdd,0xdb,0xd6,0xdd,0xdd,0xda,0xde,0xc3,0xb1,0xcf,0x8a,0x15,0xdd,0x9a,
  0x13,0xfb,0xc4,0xa5,0xdb,0xdd,0xdb,0xdc,0xdb,0xd6,0xdd,0xdb,0xd6,0xdd,0xdb,0xd6,
  0xdd,0xdb,0xd6,0xdd,0xdb,0xd6,0xdd,0xdb,0xd6,0xdd,0xdb,0xd6,0xdd,0xdb,0xd6,0xdd,
  0xdb,0xd6,0xdd,0xdb,0xd6,0xdd,0xdb,0xd6,0xdd,0xdb,0xd6,0xdd,0xdb,0xd6,0xdd,0xdb,
  0xd6,0xdd,0xdb,0xd6,0xdd,0xdb,0xd6,0xdd,0xdb,0xd6,0xdd,0xdb,0xd6,0xdd,0xdb,0xd6,
  0xdd,0xdb,0xd6,0xdd,0xdb,0xd6,0xdd,0xdb,0xd6,0xdd,0xdb,0xd6,0xdd,0xdb,0xd6,0xdd,
  0xdb,0xd6,0xdd,0xdb,0xd6,0xdd,0xdb,0xd6,0xdd,0xdb,0xd6,0xdd,0xdf,0xdb,0xdf,0xb8,
  0xaa,0xc3,0x5b,0x6,0xac,0xb1,0x70,0xeb,0xde,0xde,0xdc,0xdb,0xd6,0xdd,0xdb,0xd6,
  0xdd,0xdb,0xd6,0xdd,0xdb,0xd6,0xdd,0xdb,0xd6,0xdd,0xdb,0xd6,0xdd,0xdb,0xd6,0xdd,
  0xdb,0xd6,0xdd,0xdb,0xd6,0xdd,0xdb,0xd6,0xdd,0xdb,0xd6,0xdd,0xdb,0xd6,0xdd,0xdb,
  0xd6,0xdd,0xdb,0xd6,0xdd,0xdb,0xd6,0xdd,0xdb,0xd6,0xdd,0xdb,0xd6,0xdd,0xdb,0xd6,
  0xdd,0xdb,0xd6,0xdd,0xdb,0xd6,0xdd,0xdb,0xd6,0xdd,0xdb,0xd6,0xdd,0xdb,0xd6,0xdd,
  0xdb,0xd6,0xdd,0xdb,0xd6,0xdd,0xdb,0xd6,0xdd,0xdb,0xd6,0xdd,0xdb,0xd6,0xdd,0xdb,
  0xd6,0xdd,0xdb,0xd6,0xdd,0xdb,0xd6,0xdd,0xdb,0xd6,0xdd,0xdb,0xd6,0xdd,0xdb,0xd6,
  0xdd,0xdb,0xd6,0xdd,0xdb,0xd6,0xdd,0xdb,0xd6,0xdd,0xdb,0xd6,0xdd,0xdb,0xd6,0xdd,
  0xdb,0xd6,0xdd,0xdb,0xd6,0xdd,0xdb,0xd6,0xdd,0xdb,0xd6,0xdd,0xdb,0xd6,0xdd,0xdb,
  0xd6,0xdd,0xdb,0xd6,0xdd,0xdb,0xd6,0xdd,0xdb,0xd6,0xdd,0xdb,0xd6,0xdd,0xdb,0xd6,
  0xdd,0xdb,0xd6,0xdd,0xdb,0xd6,0xdd,0xdb,0xd6,0xdd,0xdb,0xd6,0xdd,0xdb,0xd6,0xdd,
  0xdb,0xd6,0xdd,0xdb,0xd6,0xdd,0xdb,0xd6,0xdd,0xdb,0xd6,0xdd,0xdb,0xd6,0xdd,0xdb,
  0xd6,0xdd,0xdb,0xd6,0xdd,0xdb,0xd6,0xdd,0xdb,0xd6,0xdd,0xdb,0xd6,0xdd,0xdb,0xd6,
  0xdd,0xdb,0xd6,0xdd,0xdb,0xd6,0xdd,0xdb,0xd6,0xdd,0xdb,0xd6,0xdd,0xdb,0xd6,0xdd,
  0xdb,0xd6,0xdd,0xdb,0xd6,0xdd,0xdb,0xd7,0xdd,0xdc,0xdb,0xdd,0xd1,0xb1,0xd7,0xd9,
  0xcb,0xdd,0xdb,0xd8,0xdd,0xdb,0xd6,0xdd,0xdb,0xd6,0xdd,0xdb,0xd6,0xdd,0xdb,0xd6,
  0xdd,0xdb,0xd6,0xdd,0xdb,0xd6,0xdd,0xdb,0xd6,0xdd,0xdb,0xd6,0xdd,0xdb,0xd6,0xdd,
  0xdb,0xd6,0xdd,0xdb,0xd6,0xdd,0xdb,0xd6,0xdd,0xd7,0xd4,0xd8,0x8b,0x37,0xcd,0x95,
  0xa,0xff,0xae,0x6c,0xe3,0xde,0xde,0xdb,0xdb,0xd6,0xdd,0xdb,0xd6,0xdd,0xdb,0xd6,
  0xdd,0xdb,0xd6,0xdd,0xdb,0xd6,0xdd,0xdb,0xd6,0xdd,0xdb,0xd6,0xdd,0xdb,0xd6,0xdd,
  0xdb,0xd6,0xdd,0xdb,0xd6,0xdd,0xdb,0xd6,0xdd,0xdb,0xd6,0xdd,0xdb,0xd6,0xdd,0xdb,
  0xd6,0xdd,0xdb,0xd6,0xdd,0xdb,0xd6,0xdd,0xdb,0xd6,0xdd,0xdb,0xd6,0xdd,0xdb,0xd6,
  0xdd,0xdb,0xd6,0xdd,0xdb,0xd6,0xdd,0xdb,0xd6,0xdd,0xdb,0xd6,0xdd,0xdb,0xd6,0xdd,
  0xdb,0xd6,0xdd,0xdb,0xd6,0xdd,0xdb,0xd6,0xdd,0xdb,0xd6,0xdd,0xe2,0xde,0xe1,0x7c,
  0x5d,0x9e,0x53,0x2,0xa7,0xbf,0x9a,0xe3,0xde,0xdc,0xdc,0xdb,0xd6,0xdd,0xdb,0xd6,
  0xdd,0xdb,0xd6,0xdd,0xdb,0xd6,0xdd,0xdb,0xd6,0xdd,0xdb,0xd6,0xdd,0xdb,0xd6,0xdd,
  0xdb,0xd6,0xdd,0xdb,0xd6,0xdd,0xdb,0xd6,0xdd,0xdb,0xd6,0xdd,0xdb,0xd6,0xdd,0xdb,
  0xd6,0xdd,0xdb,0xd6,0xdd,0xdb,0xd6,0xdd,0xdb,0xd6,0xdd,0xdb,0xd6,0xdd,0xdb,0xd6,
  0xdd,0xdb,0xd6,0xdd,0xdb,0xd6,0xdd,0xdb,0xd6,0xdd,0xdb,0xd6,0xdd,0xdb,0xd6,0xdd,
  0xdb,0xd6,0xdd,0xdb,0xd6,0xdd,0xdb,0xd6,0xdd,0xdb,0xd6,0xdd,0xdb,0xd6,0xdd,0xdb,
  0xd6,0xdd,0xdb,0xd6,0xdd,0xdb,0xd6,0xdd,0xdb,0xd6,0xdd,0xdb,0xd6,0xdd,0xdb,0xd6,
  0xdd,0xdb,0xd6,0xdd,0xdb,0xd6,0xdd,0xdb,0xd6,0xdd,0xdb,0xd6,0xdd,0xdb,0xd6,0xdd,
  0xdb,0xd6,0xdd,0xdb,0xd6,0xdd,0xdb,0xd6,0xdd,0xdb,0xd6,0xdd,0xdb,0xd6,0xdd,0xdb,
  0xd6,0xdd,0xdb,0xd6,0xdd,0xdb,0xd6,0xdd,0xdb,0xd6,0xdd,0xdb,0xd6,0xdd,0xdb,0xd6,
  0xdd,0xdb,0xd6,0xdd,0xdb,0xd6,0xdd,0xdb,0xd6,0xdd,0xdb,0xd6,0xdd,0xdb,0xd6,0xdd,
  0xdb,0xd6,0xdd,0xdb,0xd6,0xdd,0xdb,0xd6,0xdd,0xdb,0xd6,0xdd,0xdb,0xd6,0xdd,0xdb,
  0xd6,0xdd,0xdb,0xd6,0xdd,0xdb,0xd6,0xdd,0xdb,0xd6,0xdd,0xdb,0xd6,0xdd,0xdb,0xd6,
  0xdd,0xdb,0xd6,0xdd,0xdb,0xd6,0xdd,0xdb,0xd6,0xdd,0xdb,0xd6,0xdd,0xdb,0xd6,0xdd,
  0xdb,0xd6,0xdd,0xdb,0xd6,0xdd,0xdb,0xd6,0xdd,0xdb,0xd6,0xdd,0xdc,0xdb,0xde,0xdb,
  0xd8,0xdd,0xdb,0xd6,0xdd,0xdb,0xd6,0xdd,0xdb,0xd6,0xdd,0xdb,0xd6,0xdd,0xdb,0xd6,
  0xdd,0xdb,0xd6,0xdd,0xdb,0xd6,0xdd,0xdb,0xd6,0xdd,0xdb,0xd6,0xdd,0xdb,0xd6,0xdd,
  0xdb,0xd6,0xdd,0xdb,0xd6,0xdd,0xdb,0xd6,0xdd,0xdf,0xde,0xde,0x9e,0x6e,0xc7,0x8b,
  0x9,0xf6,0x9c,0x36,0xf1,0xd9,0xd4,0xdc,0xdb,0xd7,0xdd,0xdb,0xd6,0xdd,0xdb,0xd6,
  0xdd,0xdb,0xd6,0xdd,0xdb,0xd6,0xdd,0xdb,0xd6,0xdd,0xdb,0xd6,0xdd,0xdb,0xd6,0xdd,
  0xdb,0xd6,0xdd,0xdb,0xd6,0xdd,0xdb,0xd6,0xdd,0xdb,0xd6,0xdd,0xdb,0xd6,0xdd,0xdb,
  0xd6,0xdd,0xdb,0xd6,0xdd,0xdb,0xd6,0xdd,0xdb,0xd6,0xdd,0xdb,0xd6,0xdd,0xdb,0xd6,
  0xdd,0xdb,0xd6,0xdd,0xdb,0xd6,0xdd,0xdb,0xd6,0xdd,0xdb,0xd6,0xdd,0xdb,0xd6,0xdd,
  0xdb,0xd6,0xdd,0xdb,0xd6,0xdd,0xdb,0xd6,0xdd,0xe0,0xdd,0xe0,0xb0,0x9f,0xc2,0x3f,
  0xc,0x7d,0x56,0x9,0xaf,0xbb,0x9d,0xd9,0xde,0xdc,0xdd,0xdb,0xd6,0xdd,0xdb,0xd6,
  0xdd,0xdb,0xd6,0xdd,0xdb,0xd6,0xdd,0xdb,0xd6,0xdd,0xdb,0xd6,0xdd,0xdb,0xd6,0xdd,
  0xdb,0xd6,0xdd,0xdb,0xd6,0xdd,0xdb,0xd6,0xdd,0xdb,0xd6,0xdd,0xdb,0xd6,0xdd,0xdb,
  0xd6,0xdd,0xdb,0xd6,0xdd,0xdb,0xd6,0xdd,0xdb,0xd6,0xdd,0xdb,0xd6,0xdd,0xdb,0xd6,
  0xdd,0xdb,0xd6,0xdd,0xdb,0xd6,0xdd,0xdb,0xd6,0xdd,0xdb,0xd6,0xdd,0xdb,0xd6,0xdd,
  0xdb,0xd6,0xdd,0xdb,0xd6,0xdd,0xdb,0xd6,0xdd,0xdb,0xd6,0xdd,0xdb,0xd6,0xdd,0xdb,
  0xd6,0xdd,0xdb,0xd6,0xdd,0xdb,0xd6,0xdd,0xdb,0xd6,0xdd,0xdb,0xd6,0xdd,0xdb,0xd6,
  0xdd,0xdb,0xd6,0xdd,0xdb,0xd6,0xdd,0xdb,0xd6,0xdd,0xdb,0xd6,0xdd,0xdb,0xd6,0xdd,
  0xdb,0xd6,0xdd,0xdb,0xd6,0xdd,0xdb,0xd6,0xdd,0xdb,0xd6,0xdd,0xdb,0xd6,0xdd,0xdb,
  0xd6,0xdd,0xdb,0xd6,0xdd,0xdb,0xd6,0xdd,0xdb,0xd6,0xdd,0xdb,0xd6,0xdd,0xdb,0xd6,
  0xdd,0xdb,0xd6,0xdd,0xdb,0xd6,0xdd,0xdb,0xd6,0xdd,0xdb,0xd6,0xdd,0xdb,0xd6,0xdd,
  0xdb,0xd6,0xdd,0xdb,0xd6,0xdd,0xdb,0xd6,0xdd,0xdb,0xd6,0xdd,0xdb,0xd6,0xdd,0xdb,
  0xd6,0xdd,0xdb,0xd6,0xdd,0xdb,0xd6,0xdd,0xdb,0xd6,0xdd,0xdb,0xd6,0xdd,0xdb,0xd6,
  0xdd,0xdb,0xd6,0xdd,0xdb,0xd6,0xdd,0xdb,0xd6,0xdd,0xdb,0xd6,0xdd,0xdb,0xd6,0xdd,
  0xdb,0xd6,0xdd,0xdb,0xd6,0xdd,0xdb,0xd6,0xdd,0xdb,0xd6,0xdd,0xdb,0xd6,0xdd,0xdb,
  0xd6,0xdd,0xdb,0xd6,0xdd,0xdb,0xd6,0xdd,0xdb,0xd6,0xdd,0xdb,0xd6,0xdd,0xdb,0xd6,
  0xdd,0xdb,0xd6,0xdd,0xdb,0xd6,0xdd,0xdb,0xd6,0xdd,0xdb,0xd6,0xdd,0xdb,0xd6,0xdd,
  0xdb,0xd6,0xdd,0xdb,0xd6,0xdd,0xdb,0xd6,0xdd,0xde,0xda,0xde,0xc0,0xad,0xcf,0x84,
  0x16,0xe6,0x91,0x14,0xfc,0xb4,0x93,0xd3,0xdf,0xdd,0xdd,0xdb,0xd6,0xdd,0xdb,0xd6,
  0xdd,0xdb,0xd6,0xdd,0xdb,0xd6,0xdd,0xdb,0xd6,0xdd,0xdb,0xd6,0xdd,0xdb,0xd6,0xdd,
  0xdb,0xd6,0xdd,0xdb,0xd6,0xdd,0xdb,0xd6,0xdd,0xdb,0xd6,0xdd,0xdb,0xd6,0xdd,0xdb,
  0xd6,0xdd,0xdb,0xd6,0xdd,0xdb,0xd6,0xdd,0xdb,0xd6,0xdd,0xdb,0xd6,0xdd,0xdb,0xd6,
  0xdd,0xdb,0xd6,0xdd,0xdb,0xd6,0xdd,0xdb,0xd6,0xdd,0xdb,0xd6,0xdd,0xdb,0xd6,0xdd,
  0xdb,0xd6,0xdd,0xdb,0xd6,0xdd,0xdc,0xd8,0xde,0xd4,0xcd,0xd8,0x56,0x2e,0x8c,0x3c,
  0x5,0x85,0x56,0x7,0xbc,0xae,0x86,0xda,0xdf,0xde,0xdd,0xdb,0xd6,0xdd,0xdb,0xd6,
  0xdd,0xdb,0xd6,0xdd,0xdb,0xd6,0xdd,0xdb,0xd6,0xdd,0xdb,0xd6,0xdd,0xdb,0xd6,0xdd,
  0xdb,0xd6,0xdd,0xdb,0xd6,0xdd,0xdb,0xd6,0xdd,0xdb,0xd6,0xdd,0xdb,0xd6,0xdd,0xdb,
  0xd6,0xdd,0xdb,0xd6,0xdd,0xdb,0xd6,0xdd,0xdb,0xd6,0xdd,0xdb,0xd6,0xdd,0xdb,0xd6,
  0xdd,0xdb,0xd6,0xdd,0xdb,0xd6,0xdd,0xdb,0xd6,0xdd,0xdb,0xd6,0xdd,0xdb,0xd6,0xdd,
  0xdb,0xd6,0xdd,0xdb,0xd6,0xdd,0xdb,0xd6,0xdd,0xdb,0xd6,0xdd,0xdb,0xd6,0xdd,0xdb,
  0xd6,0xdd,0xdb,0xd6,0xdd,0xdb,0xd6,0xdd,0xdb,0xd6,0xdd,0xdb,0xd6,0xdd,0xdb,0xd6,
  0xdd,0xdb,0xd6,0xdd,0xdb,0xd6,0xdd,0xdb,0xd6,0xdd,0xdb,0xd6,0xdd,0xdb,0xd6,0xdd,
  0xdb,0xd6,0xdd,0xdb,0xd6,0xdd,0xdb,0xd6,0xdd,0xdb,0xd6,0xdd,0xdb,0xd6,0xdd,0xdb,
  0xd6,0xdd,0xdb,0xd6,0xdd,0xdb,0xd6,0xdd,0xdb,0xd6,0xdd,0xdb,0xd6,0xdd,0xdb,0xd6,
  0xdd,0xdb,0xd6,0xdd,0xdb,0xd6,0xdd,0xdb,0xd6,0xdd,0xdb,0xd6,0xdd,0xdb,0xd6,0xdd,
  0xdb,0xd6,0xdd,0xdb,0xd6,0xdd,0xdb,0xd6,0xdd,0xdb,0xd6,0xdd,0xdb,0xd6,0xdd,0xdb,
  0xd6,0xdd,0xdb,0xd6,0xdd,0xdb,0xd6,0xdd,0xdb,0xd6,0xdd,0xdb,0xd6,0xdd,0xdb,0xd6,
  0xdd,0xdb,0xd6,0xdd,0xdb,0xd6,0xdd,0xdb,0xd6,0xdd,0xdb,0xd6,0xdd,0xdb,0xd6,0xdd,
  0xdb,0xd6,0xdd,0xdb,0xd6,0xdd,0xdb,0xd6,0xdd,0xdb,0xd6,0xdd,0xdb,0xd6,0xdd,0xdb,
  0xd6,0xdd,0xdb,0xd6,0xdd,0xdb,0xd6,0xdd,0xdb,0xd6,0xdd,0xdb,0xd6,0xdd,0xdb,0xd6,
  0xdd,0xdb,0xd6,0xdd,0xdb,0xd6,0xdd,0xdb,0xd6,0xdd,0xdb,0xd6,0xdd,0xdb,0xd6,0xdd,
  0xdb,0xd6,0xdd,0xdb,0xd6,0xdd,0xdb,0xd6,0xdd,0xdc,0xd7,0xdd,0xd0,0xca,0xd4,0x75,
  0x24,0xc5,0x85,0x11,0xf7,0x6f,0x17,0xce,0xb9,0xa7,0xcb,0xe0,0xdd,0xdf,0xdb,0xd6,
  0xdd,0xdb,0xd6,0xdd,0xdb,0xd6,0xdd,0xdb,0xd6,0xdd,0xdb,0xd6,0xdd,0xdb,0xd6,0xdd,
  0xdb,0xd6,0xdd,0xdb,0xd6,0xdd,0xdb,0xd6,0xdd,0xdb,0xd6,0xdd,0xdb,0xd6,0xdd,0xdb,
  0xd6,0xdd,0xdb,0xd6,0xdd,0xdb,0xd6,0xdd,0xdb,0xd6,0xdd,0xdb,0xd6,0xdd,0xdb,0xd6,
  0xdd,0xdb,0xd6,0xdd,0xdb,0xd6,0xdd,0xdb,0xd6,0xdd,0xdb,0xd6,0xdd,0xdb,0xd6,0xdd,
  0xdb,0xd6,0xdd,0xdb,0xd6,0xdd,0xe1,0xde,0xe0,0x7c,0x5f,0xa6,0x31,0x1,0x79,0x44,
  0xd,0x96,0x56,0x8,0xc4,0xa1,0x73,0xdb,0xe0,0xde,0xdd,0xdb,0xd6,0xdd,0xdb,0xd6,
  0xdd,0xdb,0xd6,0xdd,0xdb,0xd6,0xdd,0xdb,0xd6,0xdd,0xdb,0xd6,0xdd,0xdb,0xd6,0xdd,
  0xdb,0xd6,0xdd,0xdb,0xd6,0xdd,0xdb,0xd6,0xdd,0xdb,0xd6,0xdd,0xdb,0xd6,0xdd,0xdb,
  0xd6,0xdd,0xdb,0xd6,0xdd,0xdb,0xd6,0xdd,0xdb,0xd6,0xdd,0xdb,0xd6,0xdd,0xdb,0xd6,
  0xdd,0xdb,0xd6,0xdd,0xdb,0xd6,0xdd,0xdb,0xd6,0xdd,0xdb,0xd6,0xdd,0xdb,0xd6,0xdd,
  0xdb,0xd6,0xdd,0xdb,0xd6,0xdd,0xdb,0xd6,0xdd,0xdb,0xd6,0xdd,0xdb,0xd6,0xdd,0xdb,
  0xd6,0xdd,0xdb,0xd6,0xdd,0xdb,0xd6,0xdd,0xdb,0xd6,0xdd,0xdb,0xd6,0xdd,0xdb,0xd6,
  0xdd,0xdb,0xd6,0xdd,0xdb,0xd6,0xdd,0xdb,0xd6,0xdd,0xdb,0xd6,0xdd,0xdb,0xd6,0xdd,
  0xdb,0xd6,0xdd,0xdb,0xd6,0xdd,0xdb,0xd6,0xdd,0xdb,0xd6,0xdd,0xdb,0xd6,0xdd,0xdb,
  0xd6,0xdd,0xdb,0xd6,0xdd,0xdb,0xd6,0xdd,0xdb,0xd6,0xdd,0xdb,0xd6,0xdd,0xdb,0xd6,
  0xdd,0xdb,0xd6,0xdd,0xdb,0xd6,0xdd,0xdb,0xd6,0xdd,0xdb,0xd6,0xdd,0xdb,0xd6,0xdd,
  0xdb,0xd6,0xdd,0xdb,0xd6,0xdd,0xdb,0xd6,0xdd,0xdb,0xd6,0xdd,0xdb,0xd6,0xdd,0xdb,
  0xd6,0xdd,0xdb,0xd6,0xdd,0xdb,0xd6,0xdd,0xdb,0xd6,0xdd,0xdb,0xd6,0xdd,0xdb,0xd6,
  0xdd,0xdb,0xd6,0xdd,0xdb,0xd6,0xdd,0xdb,0xd6,0xdd,0xdb,0xd6,0xdd,0xdb,0xd6,0xdd,
  0xdb,0xd6,0xdd,0xdb,0xd6,0xdd,0xdb,0xd6,0xdd,0xdb,0xd6,0xdd,0xdb,0xd6,0xdd,0xdb,
  0xd6,0xdd,0xdb,0xd6,0xdd,0xdb,0xd6,0xdd,0xdb,0xd6,0xdd,0xdb,0xd6,0xdd,0xdb,0xd6,
  0xdd,0xdb,0xd6,0xdd,0xdb,0xd6,0xdd,0xdb,0xd6,0xdd,0xdb,0xd6,0xdd,0xdb,0xd6,0xdd,
  0xdb,0xd6,0xdd,0xdb,0xd6,0xdd,0xdb,0xd6,0xdd,0xdc,0xd7,0xdd,0xcf,0xc8,0xd3,0x63,
  0x21,0xa9,0x7a,0x11,0xec,0x79,0xf,0xf0,0x6f,0x28,0xc2,0xcb,0xc2,0xd3,0xde,0xda,
  0xde,0xdb,0xd6,0xdd,0xdb,0xd6,0xdd,0xdb,0xd6,0xdd,0xdb,0xd6,0xdd,0xdb,0xd6,0xdd,
  0xdb,0xd6,0xdd,0xdb,0xd6,0xdd,0xdb,0xd6,0xdd,0xdb,0xd6,0xdd,0xdb,0xd6,0xdd,0xdb,
  0xd6,0xdd,0xdb,0xd6,0xdd,0xdb,0xd6,0xdd,0xdb,0xd6,0xdd,0xdb,0xd6,0xdd,0xdb,0xd6,
  0xdd,0xdb,0xd6,0xdd,0xdb,0xd6,0xdd,0xdb,0xd6,0xdd,0xdb,0xd6,0xdd,0xdb,0xd6,0xdd,
  0xdb,0xd6,0xdd,0xe1,0xdd,0xe0,0xad,0x9d,0xc3,0x36,0xb,0x7f,0x36,0x9,0x82,0x47,
  0xd,0xa4,0x54,0x8,0xca,0x93,0x60,0xdd,0xe0,0xde,0xdd,0xdb,0xd6,0xdd,0xdb,0xd6,
  0xdd,0xdb,0xd6,0xdd,0xdb,0xd6,0xdd,0xdb,0xd6,0xdd,0xdb,0xd6,0xdd,0xdb,0xd6,0xdd,
  0xdb,0xd6,0xdd,0xdb,0xd6,0xdd,0xdb,0xd6,0xdd,0xdb,0xd6,0xdd,0xdb,0xd6,0xdd,0xdb,
  0xd6,0xdd,0xdb,0xd6,0xdd,0xdb,0xd6,0xdd,0xdb,0xd6,0xdd,0xdb,0xd6,0xdd,0xdb,0xd6,
  0xdd,0xdb,0xd6,0xdd,0xdb,0xd6,0xdd,0xdb,0xd6,0xdd,0xdb,0xd6,0xdd,0xdb,0xd6,0xdd,
  0xdb,0xd6,0xdd,0xdb,0xd6,0xdd,0xdb,0xd6,0xdd,0xdb,0xd6,0xdd,0xdb,0xd6,0xdd,0xdb,
  0xd6,0xdd,0xdb,0xd6,0xdd,0xdb,0xd6,0xdd,0xdb,0xd6,0xdd,0xdb,0xd6,0xdd,0xdb,0xd6,
  0xdd,0xdb,0xd6,0xdd,0xdb,0xd6,0xdd,0xdb,0xd6,0xdd,0xdb,0xd6,0xdd,0xdb,0xd6,0xdd,
  0xdb,0xd6,0xdd,0xdb,0xd6,0xdd,0xdb,0xd6,0xdd,0xdb,0xd6,0xdd,0xdb,0xd6,0xdd,0xdb,
  0xd6,0xdd,0xdb,0xd6,0xdd,0xdb,0xd6,0xdd,0xdb,0xd6,0xdd,0xdb,0xd6,0xdd,0xdb,0xd6,
  0xdd,0xdb,0xd6,0xdd,0xdb,0xd6,0xdd,0xdb,0xd6,0xdd,0xdb,0xd6,0xdd,0xdb,0xd6,0xdd,
  0xdb,0xd6,0xdd,0xdb,0xd6,0xdd,0xdb,0xd6,0xdd,0xdb,0xd6,0xdd,0xdb,0xd6,0xdd,0xdb,
  0xd6,0xdd,0xdb,0xd6,0xdd,0xdb,0xd6,0xdd,0xdb,0xd6,0xdd,0xdb,0xd6,0xdd,0xdb,0xd6,
  0xdd,0xdb,0xd6,0xdd,0xdb,0xd6,0xdd,0xdb,0xd6,0xdd,0xdb,0xd6,0xdd,0xdb,0xd6,0xdd,
  0xdb,0xd6,0xdd,0xdb,0xd6,0xdd,0xdb,0xd6,0xdd,0xdb,0xd6,0xdd,0xdb,0xd6,0xdd,0xdb,
  0xd6,0xdd,0xdb,0xd6,0xdd,0xdb,0xd6,0xdd,0xdb,0xd6,0xdd,0xdb,0xd6,0xdd,0xdb,0xd6,
  0xdd,0xdb,0xd6,0xdd,0xdb,0xd6,0xdd,0xdb,0xd6,0xdd,0xdb,0xd6,0xdd,0xdb,0xd6,0xdd,
  0xdb,0xd6,0xdd,0xdb,0xd6,0xdd,0xdb,0xd6,0xdd,0xdc,0xd7,0xdd,0xcf,0xc8,0xd3,0x5e,
  0x20,0xa5,0x74,0x11,0xe5,0x7e,0x15,0xfa,0x6c,0xb,0xe3,0x79,0x44,0xbe,0xd8,0xd4,
  0xda,0xdc,0xd8,0xdd,0xdb,0xd6,0xdd,0xdb,0xd6,0xdd,0xdb,0xd6,0xdd,0xdb,0xd6,0xdd,
  0xdb,0xd6,0xdd,0xdb,0xd6,0xdd,0xdb,0xd6,0xdd,0xdb,0xd6,0xdd,0xdb,0xd6,0xdd,0xdb,
  0xd6,0xdd,0xdb,0xd6,0xdd,0xdb,0xd6,0xdd,0xdb,0xd6,0xdd,0xdb,0xd6,0xdd,0xdb,0xd6,
  0xdd,0xdb,0xd6,0xdd,0xdb,0xd6,0xdd,0xdb,0xd6,0xdd,0xdb,0xd6,0xdd,0xdb,0xd6,0xdd,
  0xdc,0xd8,0xde,0xd0,0xc9,0xd6,0x51,0x2d,0x94,0x35,0x6,0x8f,0x3d,0xc,0x98,0x48,
  0xe,0xaf,0x52,0xa,0xce,0x82,0x47,0xdf,0xdd,0xda,0xdc,0xdb,0xd6,0xdc,0xdb,0xd6,
  0xdd,0xdb,0xd6,0xdd,0xdb,0xd6,0xdd,0xdb,0xd6,0xdd,0xdb,0xd6,0xdd,0xdb,0xd6,0xdd,
  0xdb,0xd6,0xdd,0xdb,0xd6,0xdd,0xdb,0xd6,0xdd,0xdb,0xd6,0xdd,0xdb,0xd6,0xdd,0xdb,
  0xd6,0xdd,0xdb,0xd6,0xdd,0xdb,0xd6,0xdd,0xdb,0xd6,0xdd,0xdb,0xd6,0xdd,0xdb,0xd6,
  0xdd,0xdb,0xd6,0xdd,0xdb,0xd6,0xdd,0xdb,0xd6,0xdd,0xdb,0xd6,0xdd,0xdb,0xd6,0xdd,
  0xdb,0xd6,0xdd,0xdb,0xd6,0xdd,0xdb,0xd6,0xdd,0xdb,0xd6,0xdd,0xdb,0xd6,0xdd,0xdb,
  0xd6,0xdd,0xdb,0xd6,0xdd,0xdb,0xd6,0xdd,0xdb,0xd6,0xdd,0xdb,0xd6,0xdd,0xdb,0xd6,
  0xdd,0xdb,0xd6,0xdd,0xdb,0xd6,0xdd,0xdb,0xd6,0xdd,0xdb,0xd6,0xdd,0xdb,0xd6,0xdd,
  0xdb,0xd6,0xdd,0xdb,0xd6,0xdd,0xdb,0xd6,0xdd,0xdb,0xd6,0xdd,0xdb,0xd6,0xdd,0xdb,
  0xd6,0xdd,0xdb,0xd6,0xdd,0xdb,0xd6,0xdd,0xdb,0xd6,0xdd,0xdb,0xd6,0xdd,0xdb,0xd6,
  0xdd,0xdb,0xd6,0xdd,0xdb,0xd6,0xdd,0xdb,0xd6,0xdd,0xdb,0xd6,0xdd,0xdb,0xd6,0xdd,
  0xdb,0xd6,0xdd,0xdb,0xd6,0xdd,0xdb,0xd6,0xdd,0xdb,0xd6,0xdd,0xdb,0xd6,0xdd,0xdb,
  0xd6,0xdd,0xdb,0xd6,0xdd,0xdb,0xd6,0xdd,0xdb,0xd6,0xdd,0xdb,0xd6,0xdd,0xdb,0xd6,
  0xdd,0xdb,0xd6,0xdd,0xdb,0xd6,0xdd,0xdb,0xd6,0xdd,0xdb,0xd6,0xdd,0xdb,0xd6,0xdd,
  0xdb,0xd6,0xdd,0xdb,0xd6,0xdd,0xdb,0xd6,0xdd,0xdb,0xd6,0xdd,0xdb,0xd6,0xdd,0xdb,
  0xd6,0xdd,0xdb,0xd6,0xdd,0xdb,0xd6,0xdd,0xdb,0xd6,0xdd,0xdb,0xd6,0xdd,0xdb,0xd6,
  0xdd,0xdb,0xd6,0xdd,0xdb,0xd6,0xdd,0xdb,0xd6,0xdd,0xdb,0xd6,0xdd,0xdb,0xd6,0xdd,
  0xdb,0xd6,0xdd,0xdb,0xd6,0xdd,0xdb,0xd6,0xdd,0xdc,0xd7,0xdd,0xcf,0xc8,0xd4,0x5a,
  0x20,0xa0,0x6d,0x10,0xdd,0x7b,0x15,0xfa,0x78,0x15,0xf7,0x5f,0x9,0xd5,0x8d,0x67,
  0xc1,0xdf,0xdc,0xdd,0xdb,0xd6,0xdd,0xdb,0xd6,0xdd,0xdb,0xd6,0xdd,0xdb,0xd6,0xdd,
  0xdb,0xd6,0xdd,0xdb,0xd6,0xdd,0xdb,0xd6,0xdd,0xdb,0xd6,0xdd,0xdb,0xd6,0xdd,0xdb,
  0xd6,0xdd,0xdb,0xd6,0xdd,0xdb,0xd6,0xdd,0xdb,0xd6,0xdd,0xdb,0xd6,0xdd,0xdb,0xd6,
  0xdd,0xdb,0xd6,0xdd,0xdb,0xd6,0xdd,0xdb,0xd6,0xdd,0xdb,0xd6,0xdd,0xdb,0xd6,0xdd,
  0xe2,0xdf,0xe0,0x8e,0x7a,0xb4,0x2c,0x0,0x88,0x48,0xf,0xbc,0x58,0x12,0xe4,0x5e,
  0x13,0xea,0x58,0xd,0xdf,0x79,0x3d,0xe0,0xdb,0xd6,0xdd,0xdb,0xd6,0xdc,0xdb,0xd6,
  0xdd,0xdb,0xd6,0xdd,0xdb,0xd6,0xdd,0xdb,0xd6,0xdd,0xdb,0xd6,0xdd,0xdb,0xd6,0xdd,
  0xdb,0xd6,0xdd,0xdb,0xd6,0xdd,0xdb,0xd6,0xdd,0xdb,0xd6,0xdd,0xdb,0xd6,0xdd,0xdb,
  0xd6,0xdd,0xdb,0xd6,0xdd,0xdb,0xd6,0xdd,0xdb,0xd6,0xdd,0xdb,0xd6,0xdd,0xdb,0xd6,
  0xdd,0xdb,0xd6,0xdd,0xdb,0xd6,0xdd,0xdb,0xd6,0xdd,0xdb,0xd6,0xdd,0xdb,0xd6,0xdd,
  0xdb,0xd6,0xdd,0xdb,0xd6,0xdd,0xdb,0xd6,0xdd,0xdb,0xd6,0xdd,0xdb,0xd6,0xdd,0xdb,
  0xd6,0xdd,0xdb,0xd6,0xdd,0xdb,0xd6,0xdd,0xdb,0xd6,0xdd,0xdb,0xd6,0xdd,0xdb,0xd6,
  0xdd,0xdb,0xd6,0xdd,0xdb,0xd6,0xdd,0xdb,0xd6,0xdd,0xdb,0xd6,0xdd,0xdb,0xd6,0xdd,
  0xdb,0xd6,0xdd,0xdb,0xd6,0xdd,0xdb,0xd6,0xdd,0xdb,0xd6,0xdd,0xdb,0xd6,0xdd,0xdb,
  0xd6,0xdd,0xdb,0xd6,0xdd,0xdb,0xd6,0xdd,0xdb,0xd6,0xdd,0xdb,0xd6,0xdd,0xdb,0xd6,
  0xdd,0xdb,0xd6,0xdd,0xdb,0xd6,0xdd,0xdb,0xd6,0xdd,0xdb,0xd6,0xdd,0xdb,0xd6,0xdd,
  0xdb,0xd6,0xdd,0xdb,0xd6,0xdd,0xdb,0xd6,0xdd,0xdb,0xd6,0xdd,0xdb,0xd6,0xdd,0xdb,
  0xd6,0xdd,0xdb,0xd6,0xdd,0xdb,0xd6,0xdd,0xdb,0xd6,0xdd,0xdb,0xd6,0xdd,0xdb,0xd6,
  0xdd,0xdb,0xd6,0xdd,0xdb,0xd6,0xdd,0xdb,0xd6,0xdd,0xdb,0xd6,0xdd,0xdb,0xd6,0xdd,
  0xdb,0xd6,0xdd,0xdb,0xd6,0xdd,0xdb,0xd6,0xdd,0xdb,0xd6,0xdd,0xdb,0xd6,0xdd,0xdb,
  0xd6,0xdd,0xdb,0xd6,0xdd,0xdb,0xd6,0xdd,0xdb,0xd6,0xdd,0xdb,0xd6,0xdd,0xdb,0xd6,
  0xdd,0xdb,0xd6,0xdd,0xdb,0xd6,0xdd,0xdb,0xd6,0xdd,0xdb,0xd6,0xdd,0xdb,0xd6,0xdd,
  0xdb,0xd6,0xdd,0xdb,0xd6,0xdd,0xdb,0xd6,0xdd,0xdc,0xd7,0xdd,0xcf,0xc8,0xd4,0x57,
  0x1f,0x9d,0x67,0xf,0xd7,0x76,0x14,0xf8,0x78,0x15,0xfe,0x6f,0x13,0xf1,0x58,0xc,
  0xc9,0xa4,0x8b,0xc7,0xe2,0xe0,0xdf,0xdb,0xd6,0xdd,0xdb,0xd6,0xdd,0xdb,0xd6,0xdd,
  0xdb,0xd6,0xdd,0xdb,0xd6,0xdd,0xdb,0xd6,0xdd,0xdb,0xd6,0xdd,0xdb,0xd6,0xdd,0xdb,
  0xd6,0xdd,0xdb,0xd6,0xdd,0xdb,0xd6,0xdd,0xdb,0xd6,0xdd,0xdb,0xd6,0xdd,0xdb,0xd6,
  0xdd,0xdb,0xd6,0xdd,0xdb,0xd6,0xdd,0xdb,0xd6,0xdd,0xdb,0xd6,0xdd,0xdb,0xd6,0xdd,
  0xe1,0xde,0xe0,0x9e,0x8d,0xbc,0x2f,0x4,0x8c,0x47,0xf,0xc2,0x59,0x13,0xf1,0x69,
  0x15,0xff,0x71,0x14,0xff,0x76,0x2b,0xee,0xd4,0xcc,0xdc,0xdb,0xd7,0xdc,0xdb,0xd6,
  0xdd,0xdb,0xd6,0xdd,0xdb,0xd6,0xdd,0xdb,0xd6,0xdd,0xdb,0xd6,0xdd,0xdb,0xd6,0xdd,
  0xdb,0xd6,0xdd,0xdb,0xd6,0xdd,0xdb,0xd6,0xdd,0xdb,0xd6,0xdd,0xdb,0xd6,0xdd,0xdb,
  0xd6,0xdd,0xdb,0xd6,0xdd,0xdb,0xd6,0xdd,0xdb,0xd6,0xdd,0xdb,0xd6,0xdd,0xdb,0xd6,
  0xdd,0xdb,0xd6,0xdd,0xdb,0xd6,0xdd,0xdb,0xd6,0xdd,0xdb,0xd6,0xdd,0xdb,0xd6,0xdd,
  0xdb,0xd6,0xdd,0xdb,0xd6,0xdd,0xdb,0xd6,0xdd,0xdb,0xd6,0xdd,0xdb,0xd6,0xdd,0xdb,
  0xd6,0xdd,0xdb,0xd6,0xdd,0xdb,0xd6,0xdd,0xdb,0xd6,0xdd,0xdb,0xd6,0xdd,0xdb,0xd6,
  0xdd,0xdb,0xd6,0xdd,0xdb,0xd6,0xdd,0xdb,0xd6,0xdd,0xdb,0xd6,0xdd,0xdb,0xd6,0xdd,
  0xdb,0xd6,0xdd,0xdb,0xd6,0xdd,0xdb,0xd6,0xdd,0xdb,0xd6,0xdd,0xdb,0xd6,0xdd,0xdb,
  0xd6,0xdd,0xdb,0xd6,0xdd,0xdb,0xd6,0xdd,0xdb,0xd6,0xdd,0xdb,0xd6,0xdd,0xdb,0xd6,
  0xdd,0xdb,0xd6,0xdd,0xdb,0xd6,0xdd,0xdb,0xd6,0xdd,0xdb,0xd6,0xdd,0xdb,0xd6,0xdd,
  0xdb,0xd6,0xdd,0xdb,0xd6,0xdd,0xdb,0xd6,0xdd,0xdb,0xd6,0xdd,0xdb,0xd6,0xdd,0xdb,
  0xd6,0xdd,0xdb,0xd6,0xdd,0xdb,0xd6,0xdd,0xdb,0xd6,0xdd,0xdb,0xd6,0xdd,0xdb,0xd6,
  0xdd,0xdb,0xd6,0xdd,0xdb,0xd6,0xdd,0xdb,0xd6,0xdd,0xdb,0xd6,0xdd,0xdb,0xd6,0xdd,
  0xdb,0xd6,0xdd,0xdb,0xd6,0xdd,0xdb,0xd6,0xdd,0xdb,0xd6,0xdd,0xdb,0xd6,0xdd,0xdb,
  0xd6,0xdd,0xdb,0xd6,0xdd,0xdb,0xd6,0xdd,0xdb,0xd6,0xdd,0xdb,0xd6,0xdd,0xdb,0xd6,
  0xdd,0xdb,0xd6,0xdd,0xdb,0xd6,0xdd,0xdb,0xd6,0xdd,0xdb,0xd6,0xdd,0xdb,0xd6,0xdd,
  0xdb,0xd6,0xdd,0xdb,0xd6,0xdd,0xdb,0xd6,0xdd,0xdc,0xd7,0xdd,0xcf,0xc8,0xd4,0x54,
  0x1f,0x9b,0x61,0xf,0xd1,0x72,0x14,0xf5,0x76,0x15,0xff,0x73,0x15,0xfc,0x65,0x10,
  0xe9,0x56,0x15,0xc1,0xa9,0x97,0xc6,0xde,0xdb,0xde,0xdb,0xd6,0xdd,0xdb,0xd6,0xdd,
  0xdb,0xd6,0xdd,0xdb,0xd6,0xdd,0xdb,0xd6,0xdd,0xdb,0xd6,0xdd,0xdb,0xd6,0xdd,0xdb,
  0xd6,0xdd,0xdb,0xd6,0xdd,0xdb,0xd6,0xdd,0xdb,0xd6,0xdd,0xdb,0xd6,0xdd,0xdb,0xd6,
  0xdd,0xdb,0xd6,0xdd,0xdb,0xd6,0xdd,0xdb,0xd6,0xdd,0xdb,0xd6,0xdd,0xdb,0xd6,0xdd,
  0xe0,0xdd,0xdf,0xa6,0x98,0xc1,0x2e,0x5,0x8e,0x47,0xf,0xca,0x5a,0x13,0xf8,0x69,
  0x16,0xff,0x72,0x15,0xff,0x7c,0x22,0xfc,0xd0,0xc3,0xdf,0xdc,0xd8,0xdc,0xdb,0xd6,
  0xdd,0xdb,0xd6,0xdd,0xdb,0xd6,0xdd,0xdb,0xd6,0xdd,0xdb,0xd6,0xdd,0xdb,0xd6,0xdd,
  0xdb,0xd6,0xdd,0xdb,0xd6,0xdd,0xdb,0xd6,0xdd,0xdb,0xd6,0xdd,0xdb,0xd6,0xdd,0xdb,
  0xd6,0xdd,0xdb,0xd6,0xdd,0xdb,0xd6,0xdd,0xdb,0xd6,0xdd,0xdb,0xd6,0xdd,0xdb,0xd6,
  0xdd,0xdb,0xd6,0xdd,0xdb,0xd6,0xdd,0xdb,0xd6,0xdd,0xdb,0xd6,0xdd,0xdb,0xd6,0xdd,
  0xdb,0xd6,0xdd,0xdb,0xd6,0xdd,0xdb,0xd6,0xdd,0xdb,0xd6,0xdd,0xdb,0xd6,0xdd,0xdb,
  0xd6,0xdd,0xdb,0xd6,0xdd,0xdb,0xd6,0xdd,0xdb,0xd6,0xdd,0xdb,0xd6,0xdd,0xdb,0xd6,
  0xdd,0xdb,0xd6,0xdd,0xdb,0xd6,0xdd,0xdb,0xd6,0xdd,0xdb,0xd6,0xdd,0xdb,0xd6,0xdd,
  0xdb,0xd6,0xdd,0xdb,0xd6,0xdd,0xdb,0xd6,0xdd,0xdb,0xd6,0xdd,0xdb,0xd6,0xdd,0xdb,
  0xd6,0xdd,0xdb,0xd6,0xdd,0xdb,0xd6,0xdd,0xdb,0xd6,0xdd,0xdb,0xd6,0xdd,0xdb,0xd6,
  0xdd,0xdb,0xd6,0xdd,0xdb,0xd6,0xdd,0xdb,0xd6,0xdd,0xdb,0xd6,0xdd,0xdb,0xd6,0xdd,
  0xdb,0xd6,0xdd,0xdb,0xd6,0xdd,0xdb,0xd6,0xdd,0xdb,0xd6,0xdd,0xdb,0xd6,0xdd,0xdb,
  0xd6,0xdd,0xdb,0xd6,0xdd,0xdb,0xd6,0xdd,0xdb,0xd6,0xdd,0xdb,0xd6,0xdd,0xdb,0xd6,
  0xdd,0xdb,0xd6,0xdd,0xdb,0xd6,0xdd,0xdb,0xd6,0xdd,0xdb,0xd6,0xdd,0xdb,0xd6,0xdd,
  0xdb,0xd6,0xdd,0xdb,0xd6,0xdd,0xdb,0xd6,0xdd,0xdb,0xd6,0xdd,0xdb,0xd6,0xdd,0xdb,
  0xd6,0xdd,0xdb,0xd6,0xdd,0xdb,0xd6,0xdd,0xdb,0xd6,0xdd,0xdb,0xd6,0xdd,0xdb,0xd6,
  0xdd,0xdb,0xd6,0xdd,0xdb,0xd6,0xdd,0xdb,0xd6,0xdd,0xdb,0xd6,0xdd,0xdb,0xd6,0xdd,
  0xdb,0xd6,0xdd,0xdb,0xd6,0xdd,0xdb,0xd6,0xdd,0xdc,0xd7,0xdd,0xcf,0xc8,0xd5,0x51,
  0x1f,0x9a,0x5c,0xe,0xcc,0x6e,0x13,0xf1,0x74,0x15,0xff,0x73,0x15,0xff,0x6c,0x14,
  0xf9,0x5b,0xc,0xe0,0x5b,0x25,0xbc,0xd2,0xcb,0xd8,0xdc,0xd7,0xdd,0xdb,0xd6,0xdd,
  0xdb,0xd6,0xdd,0xdb,0xd6,0xdd,0xdb,0xd6,0xdd,0xdb,0xd6,0xdd,0xdb,0xd6,0xdd,0xdb,
  0xd6,0xdd,0xdb,0xd6,0xdd,0xdb,0xd6,0xdd,0xdb,0xd6,0xdd,0xdb,0xd6,0xdd,0xdb,0xd6,
  0xdd,0xdb,0xd6,0xdd,0xdb,0xd6,0xdd,0xdb,0xd6,0xdd,0xdb,0xd6,0xdd,0xdb,0xd6,0xdd,
  0xdf,0xda,0xde,0xb8,0xad,0xca,0x33,0xd,0x94,0x46,0xf,0xd3,0x5b,0x14,0xfd,0x69,
  0x16,0xff,0x6e,0x10,0xff,0x96,0x59,0xf3,0xdb,0xd7,0xdc,0xdb,0xd6,0xdc,0xdb,0xd6,
  0xdd,0xdb,0xd6,0xdd,0xdb,0xd6,0xdd,0xdb,0xd6,0xdd,0xdb,0xd6,0xdd,0xdb,0xd6,0xdd,
  0xdb,0xd6,0xdd,0xdb,0xd6,0xdd,0xdb,0xd6,0xdd,0xdb,0xd6,0xdd,0xdb,0xd6,0xdd,0xdb,
  0xd6,0xdd,0xdb,0xd6,0xdd,0xdb,0xd6,0xdd,0xdb,0xd6,0xdd,0xdb,0xd6,0xdd,0xdb,0xd6,
  0xdd,0xdb,0xd6,0xdd,0xdb,0xd6,0xdd,0xdb,0xd6,0xdd,0xdb,0xd6,0xdd,0xdb,0xd6,0xdd,
  0xdb,0xd6,0xdd,0xdb,0xd6,0xdd,0xdb,0xd6,0xdd,0xdb,0xd6,0xdd,0xdb,0xd6,0xdd,0xdb,
  0xd6,0xdd,0xdb,0xd6,0xdd,0xdb,0xd6,0xdd,0xdb,0xd6,0xdd,0xdb,0xd6,0xdd,0xdb,0xd6,
  0xdd,0xdb,0xd6,0xdd,0xdb,0xd6,0xdd,0xdb,0xd6,0xdd,0xdb,0xd6,0xdd,0xdb,0xd6,0xdd,
  0xdb,0xd6,0xdd,0xdb,0xd6,0xdd,0xdb,0xd6,0xdd,0xdb,0xd6,0xdd,0xdb,0xd6,0xdd,0xdb,
  0xd6,0xdd,0xdb,0xd6,0xdd,0xdb,0xd6,0xdd,0xdb,0xd6,0xdd,0xdb,0xd6,0xdd,0xdb,0xd6,
  0xdd,0xdb,0xd6,0xdd,0xdb,0xd6,0xdd,0xdb,0xd6,0xdd,0xdb,0xd6,0xdd,0xdb,0xd6,0xdd,
  0xdb,0xd6,0xdd,0xdb,0xd6,0xdd,0xdb,0xd6,0xdd,0xdb,0xd6,0xdd,0xdb,0xd6,0xdd,0xdb,
  0xd6,0xdd,0xdb,0xd6,0xdd,0xdb,0xd6,0xdd,0xdb,0xd6,0xdd,0xdb,0xd6,0xdd,0xdb,0xd6,
  0xdd,0xdb,0xd6,0xdd,0xdb,0xd6,0xdd,0xdb,0xd6,0xdd,0xdb,0xd6,0xdd,0xdb,0xd6,0xdd,
  0xdb,0xd6,0xdd,0xdb,0xd6,0xdd,0xdb,0xd6,0xdd,0xdb,0xd6,0xdd,0xdb,0xd6,0xdd,0xdb,
  0xd6,0xdd,0xdb,0xd6,0xdd,0xdb,0xd6,0xdd,0xdb,0xd6,0xdd,0xdb,0xd6,0xdd,0xdb,0xd6,
  0xdd,0xdb,0xd6,0xdd,0xdb,0xd6,0xdd,0xdb,0xd6,0xdd,0xdb,0xd6,0xdd,0xdb,0xd6,0xdd,
  0xdb,0xd6,0xdd,0xdb,0xd6,0xdd,0xdb,0xd6,0xdd,0xdc,0xd7,0xdd,0xcf,0xc8,0xd5,0x4f,
  0x1f,0x98,0x58,0xe,0xc8,0x69,0x13,0xee,0x70,0x14,0xfe,0x71,0x15,0xff,0x6d,0x14,
  0xff,0x64,0x12,0xf3,0x5e,0x1b,0xdd,0xcb,0xc0,0xdc,0xdc,0xd8,0xdc,0xdb,0xd6,0xdd,
  0xdb,0xd6,0xdd,0xdb,0xd6,0xdd,0xdb,0xd6,0xdd,0xdb,0xd6,0xdd,0xdb,0xd6,0xdd,0xdb,
  0xd6,0xdd,0xdb,0xd6,0xdd,0xdb,0xd6,0xdd,0xdb,0xd6,0xdd,0xdb,0xd6,0xdd,0xdb,0xd6,
  0xdd,0xdb,0xd6,0xdd,0xdb,0xd6,0xdd,0xdb,0xd6,0xdd,0xdb,0xd6,0xdd,0xdb,0xd6,0xdd,
  0xde,0xd9,0xde,0xc0,0xb7,0xce,0x35,0x10,0x99,0x48,0x10,0xe0,0x5d,0x15,0xff,0x68,
  0x14,0xff,0x78,0x27,0xfd,0xce,0xc0,0xe0,0xdd,0xd9,0xdc,0xdb,0xd6,0xdd,0xdb,0xd6,
  0xdd,0xdb,0xd6,0xdd,0xdb,0xd6,0xdd,0xdb,0xd6,0xdd,0xdb,0xd6,0xdd,0xdb,0xd6,0xdd,
  0xdb,0xd6,0xdd,0xdb,0xd6,0xdd,0xdb,0xd6,0xdd,0xdb,0xd6,0xdd,0xdb,0xd6,0xdd,0xdb,
  0xd6,0xdd,0xdb,0xd6,0xdd,0xdb,0xd6,0xdd,0xdb,0xd6,0xdd,0xdb,0xd6,0xdd,0xdb,0xd6,
  0xdd,0xdb,0xd6,0xdd,0xdb,0xd6,0xdd,0xdb,0xd6,0xdd,0xdb,0xd6,0xdd,0xdb,0xd6,0xdd,
  0xdb,0xd6,0xdd,0xdb,0xd6,0xdd,0xdb,0xd6,0xdd,0xdb,0xd6,0xdd,0xdb,0xd6,0xdd,0xdb,
  0xd6,0xdd,0xdb,0xd6,0xdd,0xdb,0xd6,0xdd,0xdb,0xd6,0xdd,0xdb,0xd6,0xdd,0xdb,0xd6,
  0xdd,0xdb,0xd6,0xdd,0xdb,0xd6,0xdd,0xdb,0xd6,0xdd,0xdb,0xd6,0xdd,0xdb,0xd6,0xdd,
  0xdb,0xd6,0xdd,0xdb,0xd6,0xdd,0xdb,0xd6,0xdd,0xdb,0xd6,0xdd,0xdb,0xd6,0xdd,0xdb,
  0xd6,0xdd,0xdb,0xd6,0xdd,0xdb,0xd6,0xdd,0xdb,0xd6,0xdd,0xdb,0xd6,0xdd,0xdb,0xd6,
  0xdd,0xdb,0xd6,0xdd,0xdb,0xd6,0xdd,0xdb,0xd6,0xdd,0xdb,0xd6,0xdd,0xdb,0xd6,0xdd,
  0xdb,0xd6,0xdd,0xdb,0xd6,0xdd,0xdb,0xd6,0xdd,0xdb,0xd6,0xdd,0xdb,0xd6,0xdd,0xdb,
  0xd6,0xdd,0xdb,0xd6,0xdd,0xdb,0xd6,0xdd,0xdb,0xd6,0xdd,0xdb,0xd6,0xdd,0xdb,0xd6,
  0xdd,0xdb,0xd6,0xdd,0xdb,0xd6,0xdd,0xdb,0xd6,0xdd,0xdb,0xd6,0xdd,0xdb,0xd6,0xdd,
  0xdb,0xd6,0xdd,0xdb,0xd6,0xdd,0xdb,0xd6,0xdd,0xdb,0xd6,0xdd,0xdb,0xd6,0xdd,0xdb,
  0xd6,0xdd,0xdb,0xd6,0xdd,0xdb,0xd6,0xdd,0xdb,0xd6,0xdd,0xdb,0xd6,0xdd,0xdb,0xd6,
  0xdd,0xdb,0xd6,0xdd,0xdb,0xd6,0xdd,0xdb,0xd6,0xdd,0xdb,0xd6,0xdd,0xdb,0xd6,0xdd,
  0xdb,0xd6,0xdd,0xdb,0xd6,0xdd,0xdb,0xd6,0xdd,0xdc,0xd7,0xdd,0xd0,0xc9,0xd5,0x4e,
  0x20,0x98,0x53,0xd,0xc4,0x65,0x12,0xea,0x6d,0x14,0xfd,0x6f,0x15,0xff,0x6d,0x15,
  0xff,0x65,0x12,0xfc,0x6c,0x21,0xf5,0xce,0xc3,0xdf,0xdc,0xd8,0xdc,0xdb,0xd6,0xdd,
  0xdb,0xd6,0xdd,0xdb,0xd6,0xdd,0xdb,0xd6,0xdd,0xdb,0xd6,0xdd,0xdb,0xd6,0xdd,0xdb,
  0xd6,0xdd,0xdb,0xd6,0xdd,0xdb,0xd6,0xdd,0xdb,0xd6,0xdd,0xdb,0xd6,0xdd,0xdb,0xd6,
  0xdd,0xdb,0xd6,0xdd,0xdb,0xd6,0xdd,0xdb,0xd6,0xdd,0xdb,0xd6,0xdd,0xdb,0xd6,0xdd,
  0xdd,0xd8,0xdd,0xce,0xc7,0xd6,0x3b,0x1b,0x98,0x3f,0xd,0xcf,0x5d,0x15,0xff,0x66,
  0x11,0xff,0xb1,0x90,0xe9,0xdf,0xde,0xdb,0xdb,0xd6,0xdd,0xdb,0xd6,0xdd,0xdb,0xd6,
  0xdd,0xdb,0xd6,0xdd,0xdb,0xd6,0xdd,0xdb,0xd6,0xdd,0xdb,0xd6,0xdd,0xdb,0xd6,0xdd,
  0xdb,0xd6,0xdd,0xdb,0xd6,0xdd,0xdb,0xd6,0xdd,0xdb,0xd6,0xdd,0xdb,0xd6,0xdd,0xdb,
  0xd6,0xdd,0xdb,0xd6,0xdd,0xdb,0xd6,0xdd,0xdb,0xd6,0xdd,0xdb,0xd6,0xdd,0xdb,0xd6,
  0xdd,0xdb,0xd6,0xdd,0xdb,0xd6,0xdd,0xdb,0xd6,0xdd,0xdb,0xd6,0xdd,0xdb,0xd6,0xdd,
  0xdb,0xd6,0xdd,0xdb,0xd6,0xdd,0xdb,0xd6,0xdd,0xdb,0xd6,0xdd,0xdb,0xd6,0xdd,0xdb,
  0xd6,0xdd,0xdb,0xd6,0xdd,0xdb,0xd6,0xdd,0xdb,0xd6,0xdd,0xdb,0xd6,0xdd,0xdb,0xd6,
  0xdd,0xdb,0xd6,0xdd,0xdb,0xd6,0xdd,0xdb,0xd6,0xdd,0xdb,0xd6,0xdd,0xdb,0xd6,0xdd,
  0xdb,0xd6,0xdd,0xdb,0xd6,0xdd,0xdb,0xd6,0xdd,0xdb,0xd6,0xdd,0xdb,0xd6,0xdd,0xdb,
  0xd6,0xdd,0xdb,0xd6,0xdd,0xdb,0xd6,0xdd,0xdb,0xd6,0xdd,0xdb,0xd6,0xdd,0xdb,0xd6,
  0xdd,0xdb,0xd6,0xdd,0xdb,0xd6,0xdd,0xdb,0xd6,0xdd,0xdb,0xd6,0xdd,0xdb,0xd6,0xdd,
  0xdb,0xd6,0xdd,0xdb,0xd6,0xdd,0xdb,0xd6,0xdd,0xdb,0xd6,0xdd,0xdb,0xd6,0xdd,0xdb,
  0xd6,0xdd,0xdb,0xd6,0xdd,0xdb,0xd6,0xdd,0xdb,0xd6,0xdd,0xdb,0xd6,0xdd,0xdb,0xd6,
  0xdd,0xdb,0xd6,0xdd,0xdb,0xd6,0xdd,0xdb,0xd6,0xdd,0xdb,0xd6,0xdd,0xdb,0xd6,0xdd,
  0xdb,0xd6,0xdd,0xdb,0xd6,0xdd,0xdb,0xd6,0xdd,0xdb,0xd6,0xdd,0xdb,0xd6,0xdd,0xdb,
  0xd6,0xdd,0xdb,0xd6,0xdd,0xdb,0xd6,0xdd,0xdb,0xd6,0xdd,0xdb,0xd6,0xdd,0xdb,0xd6,
  0xdd,0xdb,0xd6,0xdd,0xdb,0xd6,0xdd,0xdb,0xd6,0xdd,0xdb,0xd6,0xdd,0xdb,0xd6,0xdd,
  0xdb,0xd6,0xdd,0xdb,0xd6,0xdd,0xdb,0xd6,0xdd,0xdd,0xd9,0xde,0xc3,0xba,0xcf,0x42,
  0x14,0x92,0x50,0xe,0xc1,0x60,0x12,0xe7,0x69,0x14,0xfb,0x6c,0x15,0xff,0x6b,0x14,
  0xff,0x6d,0x12,0xff,0x7f,0x35,0xfa,0xd7,0xd2,0xdd,0xdb,0xd6,0xdc,0xdb,0xd6,0xdd,
  0xdb,0xd6,0xdd,0xdb,0xd6,0xdd,0xdb,0xd6,0xdd,0xdb,0xd6,0xdd,0xdb,0xd6,0xdd,0xdb,
  0xd6,0xdd,0xdb,0xd6,0xdd,0xdb,0xd6,0xdd,0xdb,0xd6,0xdd,0xdb,0xd6,0xdd,0xdb,0xd6,
  0xdd,0xdb,0xd6,0xdd,0xdb,0xd6,0xdd,0xdb,0xd6,0xdd,0xdb,0xd6,0xdd,0xdb,0xd6,0xdd,
  0xe2,0xde,0xdf,0x8e,0x7e,0xba,0x26,0x8,0x88,0x32,0xc,0xab,0x47,0xc,0xea,0x89,
  0x52,0xf5,0xdc,0xd8,0xdc,0xdb,0xd6,0xdd,0xdb,0xd6,0xdd,0xdb,0xd6,0xdd,0xdb,0xd6,
  0xdd,0xdb,0xd6,0xdd,0xdb,0xd6,0xdd,0xdb,0xd6,0xdd,0xdb,0xd6,0xdd,0xdb,0xd6,0xdd,
  0xdb,0xd6,0xdd,0xdb,0xd6,0xdd,0xdb,0xd6,0xdd,0xdb,0xd6,0xdd,0xdb,0xd6,0xdd,0xdb,
  0xd6,0xdd,0xdb,0xd6,0xdd,0xdb,0xd6,0xdd,0xdb,0xd6,0xdd,0xdb,0xd6,0xdd,0xdb,0xd6,
  0xdd,0xdb,0xd6,0xdd,0xdb,0xd6,0xdd,0xdb,0xd6,0xdd,0xdb,0xd6,0xdd,0xdb,0xd6,0xdd,
  0xdb,0xd6,0xdd,0xdb,0xd6,0xdd,0xdb,0xd6,0xdd,0xdb,0xd6,0xdd,0xdb,0xd6,0xdd,0xdb,
  0xd6,0xdd,0xdb,0xd6,0xdd,0xdb,0xd6,0xdd,0xdb,0xd6,0xdd,0xdb,0xd6,0xdd,0xdb,0xd6,
  0xdd,0xdb,0xd6,0xdd,0xdb,0xd6,0xdd,0xdb,0xd6,0xdd,0xdb,0xd6,0xdd,0xdb,0xd6,0xdd,
  0xdb,0xd6,0xdd,0xdb,0xd6,0xdd,0xdb,0xd6,0xdd,0xdb,0xd6,0xdd,0xdb,0xd6,0xdd,0xdb,
  0xd6,0xdd,0xdb,0xd6,0xdd,0xdb,0xd6,0xdd,0xdb,0xd6,0xdd,0xdb,0xd6,0xdd,0xdb,0xd6,
  0xdd,0xdb,0xd6,0xdd,0xdb,0xd6,0xdd,0xdb,0xd6,0xdd,0xdb,0xd6,0xdd,0xdb,0xd6,0xdd,
  0xdb,0xd6,0xdd,0xdb,0xd6,0xdd,0xdb,0xd6,0xdd,0xdb,0xd6,0xdd,0xdb,0xd6,0xdd,0xdb,
  0xd6,0xdd,0xdb,0xd6,0xdd,0xdb,0xd6,0xdd,0xdb,0xd6,0xdd,0xdb,0xd6,0xdd,0xdb,0xd6,
  0xdd,0xdb,0xd6,0xdd,0xdb,0xd6,0xdd,0xdb,0xd6,0xdd,0xdb,0xd6,0xdd,0xdb,0xd6,0xdd,
  0xdb,0xd6,0xdd,0xdb,0xd6,0xdd,0xdb,0xd6,0xdd,0xdb,0xd6,0xdd,0xdb,0xd6,0xdd,0xdb,
  0xd6,0xdd,0xdb,0xd6,0xdd,0xdb,0xd6,0xdd,0xdb,0xd6,0xdd,0xdb,0xd6,0xdd,0xdb,0xd6,
  0xdd,0xdb,0xd6,0xdd,0xdb,0xd6,0xdd,0xdb,0xd6,0xdd,0xdb,0xd6,0xdd,0xdb,0xd6,0xdd,
  0xdb,0xd6,0xdd,0xdb,0xd6,0xdd,0xdb,0xd6,0xdd,0xdd,0xd9,0xde,0xc4,0xbb,0xd0,0x3f,
  0x12,0x91,0x4c,0xe,0xbd,0x5c,0x12,0xe3,0x64,0x13,0xf9,0x6b,0x15,0xff,0x75,0x17,
  0xff,0x75,0x14,0xff,0x7e,0x37,0xfa,0xd8,0xd3,0xdd,0xdb,0xd6,0xdc,0xdb,0xd6,0xdd,
  0xdb,0xd6,0xdd,0xdb,0xd6,0xdd,0xdb,0xd6,0xdd,0xdb,0xd6,0xdd,0xdb,0xd6,0xdd,0xdb,
  0xd6,0xdd,0xdb,0xd6,0xdd,0xdb,0xd6,0xdd,0xdb,0xd6,0xdd,0xdb,0xd6,0xdd,0xdb,0xd6,
  0xdd,0xdb,0xd6,0xdd,0xdb,0xd6,0xdd,0xdb,0xd6,0xdd,0xdb,0xd6,0xdd,0xde,0xd9,0xde,
  0xc0,0xb8,0xd1,0x34,0x17,0x9d,0x2d,0xa,0xad,0x36,0xe,0xc2,0x3d,0x9,0xeb,0xa5,
  0x8e,0xe8,0xe1,0xde,0xdb,0xdb,0xd6,0xdd,0xdb,0xd6,0xdd,0xdb,0xd6,0xdd,0xdb,0xd6,
  0xdd,0xdb,0xd6,0xdd,0xdb,0xd6,0xdd,0xdb,0xd6,0xdd,0xdb,0xd6,0xdd,0xdb,0xd6,0xdd,
  0xdb,0xd6,0xdd,0xdb,0xd6,0xdd,0xdb,0xd6,0xdd,0xdb,0xd6,0xdd,0xdb,0xd6,0xdd,0xdb,
  0xd6,0xdd,0xdb,0xd6,0xdd,0xdb,0xd6,0xdd,0xdb,0xd6,0xdd,0xdb,0xd6,0xdd,0xdb,0xd6,
  0xdd,0xdb,0xd6,0xdd,0xdb,0xd6,0xdd,0xdb,0xd6,0xdd,0xdb,0xd6,0xdd,0xdb,0xd6,0xdd,
  0xdb,0xd6,0xdd,0xdb,0xd6,0xdd,0xdb,0xd6,0xdd,0xdb,0xd6,0xdd,0xdb,0xd6,0xdd,0xdb,
  0xd6,0xdd,0xdb,0xd6,0xdd,0xdb,0xd6,0xdd,0xdb,0xd6,0xdd,0xdb,0xd6,0xdd,0xdb,0xd6,
  0xdd,0xdb,0xd6,0xdd,0xdb,0xd6,0xdd,0xdb,0xd6,0xdd,0xdb,0xd6,0xdd,0xdb,0xd6,0xdd,
  0xdb,0xd6,0xdd,0xdb,0xd6,0xdd,0xdb,0xd6,0xdd,0xdb,0xd6,0xdd,0xdb,0xd6,0xdd,0xdb,
  0xd6,0xdd,0xdb,0xd6,0xdd,0xdb,0xd6,0xdd,0xdb,0xd6,0xdd,0xdb,0xd6,0xdd,0xdb,0xd6,
  0xdd,0xdb,0xd6,0xdd,0xdb,0xd6,0xdd,0xdb,0xd6,0xdd,0xdb,0xd6,0xdd,0xdb,0xd6,0xdd,
  0xdb,0xd6,0xdd,0xdb,0xd6,0xdd,0xdb,0xd6,0xdd,0xdb,0xd6,0xdd,0xdb,0xd6,0xdd,0xdb,
  0xd6,0xdd,0xdb,0xd6,0xdd,0xdb,0xd6,0xdd,0xdb,0xd6,0xdd,0xdb,0xd6,0xdd,0xdb,0xd6,
  0xdd,0xdb,0xd6,0xdd,0xdb,0xd6,0xdd,0xdb,0xd6,0xdd,0xdb,0xd6,0xdd,0xdb,0xd6,0xdd,
  0xdb,0xd6,0xdd,0xdb,0xd6,0xdd,0xdb,0xd6,0xdd,0xdb,0xd6,0xdd,0xdb,0xd6,0xdd,0xdb,
  0xd6,0xdd,0xdb,0xd6,0xdd,0xdb,0xd6,0xdd,0xdb,0xd6,0xdd,0xdb,0xd6,0xdd,0xdb,0xd6,
  0xdd,0xdb,0xd6,0xdd,0xdb,0xd6,0xdd,0xdb,0xd6,0xdd,0xdb,0xd6,0xdd,0xdb,0xd6,0xdd,
  0xdb,0xd6,0xdd,0xdb,0xd6,0xdd,0xdb,0xd6,0xdd,0xdb,0xd6,0xdd,0xde,0xdb,0xde,0x8d,
  0x71,0xbd,0x49,0x8,0xc7,0x5f,0x12,0xec,0x6c,0x15,0xfc,0x76,0x17,0xff,0x79,0x18,
  0xff,0x72,0x14,0xff,0x7b,0x37,0xfa,0xd8,0xd3,0xdd,0xdb,0xd6,0xdc,0xdb,0xd6,0xdd,
  0xdb,0xd6,0xdd,0xdb,0xd6,0xdd,0xdb,0xd6,0xdd,0xdb,0xd6,0xdd,0xdb,0xd6,0xdd,0xdb,
  0xd6,0xdd,0xdb,0xd6,0xdd,0xdb,0xd6,0xdd,0xdb,0xd6,0xdd,0xdb,0xd6,0xdd,0xdb,0xd6,
  0xdd,0xdb,0xd6,0xdd,0xdb,0xd6,0xdd,0xdb,0xd6,0xdd,0xdb,0xd6,0xdd,0xe2,0xde,0xe0,
  0x94,0x88,0xbe,0x22,0x2,0xa3,0x3e,0x11,0xec,0x4a,0x14,0xfb,0x45,0xa,0xf9,0x9a,
  0x7f,0xeb,0xe1,0xde,0xdb,0xdb,0xd6,0xdd,0xdb,0xd6,0xdd,0xdb,0xd6,0xdd,0xdb,0xd6,
  0xdd,0xdb,0xd6,0xdd,0xdb,0xd6,0xdd,0xdb,0xd6,0xdd,0xdb,0xd6,0xdd,0xdb,0xd6,0xdd,
  0xdb,0xd6,0xdd,0xdb,0xd6,0xdd,0xdb,0xd6,0xdd,0xdb,0xd6,0xdd,0xdb,0xd6,0xdd,0xdb,
  0xd6,0xdd,0xdb,0xd6,0xdd,0xdb,0xd6,0xdd,0xdb,0xd6,0xdd,0xdb,0xd6,0xdd,0xdb,0xd6,
  0xdd,0xdb,0xd6,0xdd,0xdb,0xd6,0xdd,0xdb,0xd6,0xdd,0xdb,0xd6,0xdd,0xdb,0xd6,0xdd,
  0xdb,0xd6,0xdd,0xdb,0xd6,0xdd,0xdb,0xd6,0xdd,0xdb,0xd6,0xdd,0xdb,0xd6,0xdd,0xdb,
  0xd6,0xdd,0xdb,0xd6,0xdd,0xdb,0xd6,0xdd,0xdb,0xd6,0xdd,0xdb,0xd6,0xdd,0xdb,0xd6,
  0xdd,0xdb,0xd6,0xdd,0xdb,0xd6,0xdd,0xdb,0xd6,0xdd,0xdb,0xd6,0xdd,0xdb,0xd6,0xdd,
  0xdb,0xd6,0xdd,0xdb,0xd6,0xdd,0xdb,0xd6,0xdd,0xdb,0xd6,0xdd,0xdb,0xd6,0xdd,0xdb,
  0xd6,0xdd,0xdb,0xd6,0xdd,0xdb,0xd6,0xdd,0xdb,0xd6,0xdd,0xdb,0xd6,0xdd,0xdb,0xd6,
  0xdd,0xdb,0xd6,0xdd,0xdb,0xd6,0xdd,0xdb,0xd6,0xdd,0xdb,0xd6,0xdd,0xdb,0xd6,0xdd,
  0xdb,0xd6,0xdd,0xdb,0xd6,0xdd,0xdb,0xd6,0xdd,0xdb,0xd6,0xdd,0xdb,0xd6,0xdd,0xdb,
  0xd6,0xdd,0xdb,0xd6,0xdd,0xdb,0xd6,0xdd,0xdb,0xd6,0xdd,0xdb,0xd6,0xdd,0xdb,0xd6,
  0xdd,0xdb,0xd6,0xdd,0xdb,0xd6,0xdd,0xdb,0xd6,0xdd,0xdb,0xd6,0xdd,0xdb,0xd6,0xdd,
  0xdb,0xd6,0xdd,0xdb,0xd6,0xdd,0xdb,0xd6,0xdd,0xdb,0xd6,0xdd,0xdb,0xd6,0xdd,0xdb,
  0xd6,0xdd,0xdb,0xd6,0xdd,0xdb,0xd6,0xdd,0xdb,0xd6,0xdd,0xdb,0xd6,0xdd,0xdb,0xd6,
  0xdd,0xdb,0xd6,0xdd,0xdb,0xd6,0xdd,0xdb,0xd6,0xdd,0xdb,0xd6,0xdd,0xdb,0xd6,0xdd,
  0xdb,0xd6,0xdd,0xdb,0xd6,0xdd,0xdb,0xd6,0xdd,0xdb,0xd6,0xdd,0xdc,0xd7,0xdd,0xdc,
  0xd7,0xdd,0x7d,0x50,0xd8,0x5a,0xa,0xf9,0x6d,0x16,0xff,0x72,0x17,0xff,0x74,0x18,
  0xff,0x6f,0x14,0xff,0x79,0x37,0xfa,0xdb,0xd6,0xde,0xdb,0xd6,0xdc,0xdb,0xd6,0xdd,
  0xdb,0xd6,0xdd,0xdb,0xd6,0xdd,0xdb,0xd6,0xdd,0xdb,0xd6,0xdd,0xdb,0xd6,0xdd,0xdb,
  0xd6,0xdd,0xdb,0xd6,0xdd,0xdb,0xd6,0xdd,0xdb,0xd6,0xdd,0xdb,0xd6,0xdd,0xdb,0xd6,
  0xdd,0xdb,0xd6,0xdd,0xdb,0xd6,0xdd,0xdb,0xd6,0xdd,0xdb,0xd6,0xdd,0xe0,0xdc,0xde,
  0xa9,0x9f,0xc7,0x27,0x9,0xa9,0x3d,0x11,0xf1,0x4e,0x15,0xff,0x52,0xe,0xff,0x91,
  0x6b,0xf0,0xe0,0xde,0xdb,0xdb,0xd6,0xdd,0xdb,0xd6,0xdd,0xdb,0xd6,0xdd,0xdb,0xd6,
  0xdd,0xdb,0xd6,0xdd,0xdb,0xd6,0xdd,0xdb,0xd6,0xdd,0xdb,0xd6,0xdd,0xdb,0xd6,0xdd,
  0xdb,0xd6,0xdd,0xdb,0xd6,0xdd,0xdb,0xd6,0xdd,0xdb,0xd6,0xdd,0xdb,0xd6,0xdd,0xdb,
  0xd6,0xdd,0xdb,0xd6,0xdd,0xdb,0xd6,0xdd,0xdb,0xd6,0xdd,0xdb,0xd6,0xdd,0xdb,0xd6,
  0xdd,0xdb,0xd6,0xdd,0xdb,0xd6,0xdd,0xdb,0xd6,0xdd,0xdb,0xd6,0xdd,0xdb,0xd6,0xdd,
  0xdb,0xd6,0xdd,0xdb,0xd6,0xdd,0xdb,0xd6,0xdd,0xdb,0xd6,0xdd,0xdb,0xd6,0xdd,0xdb,
  0xd6,0xdd,0xdb,0xd6,0xdd,0xdb,0xd6,0xdd,0xdb,0xd6,0xdd,0xdb,0xd6,0xdd,0xdb,0xd6,
  0xdd,0xdb,0xd6,0xdd,0xdb,0xd6,0xdd,0xdb,0xd6,0xdd,0xdb,0xd6,0xdd,0xdb,0xd6,0xdd,
  0xdb,0xd6,0xdd,0xdb,0xd6,0xdd,0xdb,0xd6,0xdd,0xdb,0xd6,0xdd,0xdb,0xd6,0xdd,0xdb,
  0xd6,0xdd,0xdb,0xd6,0xdd,0xdb,0xd6,0xdd,0xdb,0xd6,0xdd,0xdb,0xd6,0xdd,0xdb,0xd6,
  0xdd,0xdb,0xd6,0xdd,0xdb,0xd6,0xdd,0xdb,0xd6,0xdd,0xdb,0xd6,0xdd,0xdb,0xd6,0xdd,
  0xdb,0xd6,0xdd,0xdb,0xd6,0xdd,0xdb,0xd6,0xdd,0xdb,0xd6,0xdd,0xdb,0xd6,0xdd,0xdb,
  0xd6,0xdd,0xdb,0xd6,0xdd,0xdb,0xd6,0xdd,0xdb,0xd6,0xdd,0xdb,0xd6,0xdd,0xdb,0xd6,
  0xdd,0xdb,0xd6,0xdd,0xdb,0xd6,0xdd,0xdb,0xd6,0xdd,0xdb,0xd6,0xdd,0xdb,0xd6,0xdd,
  0xdb,0xd6,0xdd,0xdb,0xd6,0xdd,0xdb,0xd6,0xdd,0xdb,0xd6,0xdd,0xdb,0xd6,0xdd,0xdb,
  0xd6,0xdd,0xdb,0xd6,0xdd,0xdb,0xd6,0xdd,0xdb,0xd6,0xdd,0xdb,0xd6,0xdd,0xdb,0xd6,
  0xdd,0xdb,0xd6,0xdd,0xdb,0xd6,0xdd,0xdb,0xd6,0xdd,0xdb,0xd6,0xdd,0xdb,0xd6,0xdd,
  0xdb,0xd6,0xdd,0xdb,0xd6,0xdd,0xdb,0xd6,0xdd,0xdb,0xd6,0xdd,0xdb,0xd6,0xdd,0xdd,
  0xd9,0xdd,0xd4,0xce,0xd9,0x77,0x47,0xe1,0x5b,0xc,0xfe,0x6b,0x17,0xff,0x6f,0x18,
  0xff,0x6e,0x17,0xff,0x60,0x1c,0xf1,0xb7,0xac,0xd3,0xe0,0xdc,0xde,0xdb,0xd6,0xdd,
  0xdb,0xd6,0xdd,0xdb,0xd6,0xdd,0xdb,0xd6,0xdd,0xdb,0xd6,0xdd,0xdb,0xd6,0xdd,0xdb,
  0xd6,0xdd,0xdb,0xd6,0xdd,0xdb,0xd6,0xdd,0xdb,0xd6,0xdd,0xdb,0xd6,0xdd,0xdb,0xd6,
  0xdd,0xdb,0xd6,0xdd,0xdb,0xd6,0xdd,0xdb,0xd6,0xdd,0xdb,0xd6,0xdd,0xdf,0xdb,0xde,
  0xb4,0xab,0xcb,0x28,0xc,0xaf,0x3e,0x12,0xf8,0x4e,0x15,0xff,0x56,0x17,0xff,0xb9,
  0xa4,0xe6,0xde,0xdb,0xdb,0xdb,0xd6,0xdd,0xdb,0xd6,0xdd,0xdb,0xd6,0xdd,0xdb,0xd6,
  0xdd,0xdb,0xd6,0xdd,0xdb,0xd6,0xdd,0xdb,0xd6,0xdd,0xdb,0xd6,0xdd,0xdb,0xd6,0xdd,
  0xdb,0xd6,0xdd,0xdb,0xd6,0xdd,0xdb,0xd6,0xdd,0xdb,0xd6,0xdd,0xdb,0xd6,0xdd,0xdb,
  0xd6,0xdd,0xdb,0xd6,0xdd,0xdb,0xd6,0xdd,0xdb,0xd6,0xdd,0xdb,0xd6,0xdd,0xdb,0xd6,
  0xdd,0xdb,0xd6,0xdd,0xdb,0xd6,0xdd,0xdb,0xd6,0xdd,0xdb,0xd6,0xdd,0xdb,0xd6,0xdd,
  0xdb,0xd6,0xdd,0xdb,0xd6,0xdd,0xdb,0xd6,0xdd,0xdb,0xd6,0xdd,0xdb,0xd6,0xdd,0xdb,
  0xd6,0xdd,0xdb,0xd6,0xdd,0xdb,0xd6,0xdd,0xdb,0xd6,0xdd,0xdb,0xd6,0xdd,0xdb,0xd6,
  0xdd,0xdb,0xd6,0xdd,0xdb,0xd6,0xdd,0xdb,0xd6,0xdd,0xdb,0xd6,0xdd,0xdb,0xd6,0xdd,
  0xdb,0xd6,0xdd,0xdb,0xd6,0xdd,0xdb,0xd6,0xdd,0xdb,0xd6,0xdd,0xdb,0xd6,0xdd,0xdb,
  0xd6,0xdd,0xdb,0xd6,0xdd,0xdb,0xd6,0xdd,0xdb,0xd6,0xdd,0xdb,0xd6,0xdd,0xdb,0xd6,
  0xdd,0xdb,0xd6,0xdd,0xdb,0xd6,0xdd,0xdb,0xd6,0xdd,0xdb,0xd6,0xdd,0xdb,0xd6,0xdd,
  0xdb,0xd6,0xdd,0xdb,0xd6,0xdd,0xdb,0xd6,0xdd,0xdb,0xd6,0xdd,0xdb,0xd6,0xdd,0xdb,
  0xd6,0xdd,0xdb,0xd6,0xdd,0xdb,0xd6,0xdd,0xdb,0xd6,0xdd,0xdb,0xd6,0xdd,0xdb,0xd6,
  0xdd,0xdb,0xd6,0xdd,0xdb,0xd6,0xdd,0xdb,0xd6,0xdd,0xdb,0xd6,0xdd,0xdb,0xd6,0xdd,
  0xdb,0xd6,0xdd,0xdb,0xd6,0xdd,0xdb,0xd6,0xdd,0xdb,0xd6,0xdd,0xdb,0xd6,0xdd,0xdb,
  0xd6,0xdd,0xdb,0xd6,0xdd,0xdb,0xd6,0xdd,0xdb,0xd6,0xdd,0xdb,0xd6,0xdd,0xdb,0xd6,
  0xdd,0xdb,0xd6,0xdd,0xdb,0xd6,0xdd,0xdb,0xd6,0xdd,0xdb,0xd6,0xdd,0xdb,0xd6,0xdd,
  0xdb,0xd6,0xdd,0xdb,0xd6,0xdd,0xdb,0xd6,0xdd,0xdb,0xd6,0xdd,0xdb,0xd6,0xdd,0xdb,
  0xd6,0xdd,0xde,0xda,0xdd,0xce,0xc6,0xda,0x66,0x30,0xe9,0x5f,0x12,0xff,0x6a,0x17,
  0xff,0x6b,0x19,0xff,0x52,0xf,0xfb,0x55,0x2c,0xd3,0xcb,0xc4,0xd6,0xdd,0xd8,0xdd,
  0xdb,0xd6,0xdd,0xdb,0xd6,0xdd,0xdb,0xd6,0xdd,0xdb,0xd6,0xdd,0xdb,0xd6,0xdd,0xdb,
  0xd6,0xdd,0xdb,0xd6,0xdd,0xdb,0xd6,0xdd,0xdb,0xd6,0xdd,0xdb,0xd6,0xdd,0xdb,0xd6,
  0xdd,0xdb,0xd6,0xdd,0xdb,0xd6,0xdd,0xdb,0xd6,0xdd,0xdb,0xd6,0xdd,0xde,0xd9,0xdd,
  0xc1,0xba,0xd0,0x31,0x16,0xba,0x3f,0x12,0xfd,0x49,0xe,0xff,0x8c,0x68,0xf1,0xdf,
  0xdc,0xdb,0xdb,0xd6,0xdd,0xdb,0xd6,0xdd,0xdb,0xd6,0xdd,0xdb,0xd6,0xdd,0xdb,0xd6,
  0xdd,0xdb,0xd6,0xdd,0xdb,0xd6,0xdd,0xdb,0xd6,0xdd,0xdb,0xd6,0xdd,0xdb,0xd6,0xdd,
  0xdb,0xd6,0xdd,0xdb,0xd6,0xdd,0xdb,0xd6,0xdd,0xdb,0xd6,0xdd,0xdb,0xd6,0xdd,0xdb,
  0xd6,0xdd,0xdb,0xd6,0xdd,0xdb,0xd6,0xdd,0xdb,0xd6,0xdd,0xdb,0xd6,0xdd,0xdb,0xd6,
  0xdd,0xdb,0xd6,0xdd,0xdb,0xd6,0xdd,0xdb,0xd6,0xdd,0xdb,0xd6,0xdd,0xdb,0xd6,0xdd,
  0xdb,0xd6,0xdd,0xdb,0xd6,0xdd,0xdb,0xd6,0xdd,0xdb,0xd6,0xdd,0xdb,0xd6,0xdd,0xdb,
  0xd6,0xdd,0xdb,0xd6,0xdd,0xdb,0xd6,0xdd,0xdb,0xd6,0xdd,0xdb,0xd6,0xdd,0xdb,0xd6,
  0xdd,0xdb,0xd6,0xdd,0xdb,0xd6,0xdd,0xdb,0xd6,0xdd,0xdb,0xd6,0xdd,0xdb,0xd6,0xdd,
  0xdb,0xd6,0xdd,0xdb,0xd6,0xdd,0xdb,0xd6,0xdd,0xdb,0xd6,0xdd,0xdb,0xd6,0xdd,0xdb,
  0xd6,0xdd,0xdb,0xd6,0xdd,0xdb,0xd6,0xdd,0xdb,0xd6,0xdd,0xdb,0xd6,0xdd,0xdb,0xd6,
  0xdd,0xdb,0xd6,0xdd,0xdb,0xd6,0xdd,0xdb,0xd6,0xdd,0xdb,0xd6,0xdd,0xdb,0xd6,0xdd,
  0xdb,0xd6,0xdd,0xdb,0xd6,0xdd,0xdb,0xd6,0xdd,0xdb,0xd6,0xdd,0xdb,0xd6,0xdd,0xdb,
  0xd6,0xdd,0xdb,0xd6,0xdd,0xdb,0xd6,0xdd,0xdb,0xd6,0xdd,0xdb,0xd6,0xdd,0xdb,0xd6,
  0xdd,0xdb,0xd6,0xdd,0xdb,0xd6,0xdd,0xdb,0xd6,0xdd,0xdb,0xd6,0xdd,0xdb,0xd6,0xdd,
  0xdb,0xd6,0xdd,0xdb,0xd6,0xdd,0xdb,0xd6,0xdd,0xdb,0xd6,0xdd,0xdb,0xd6,0xdd,0xdb,
  0xd6,0xdd,0xdb,0xd6,0xdd,0xdb,0xd6,0xdd,0xdb,0xd6,0xdd,0xdb,0xd6,0xdd,0xdb,0xd6,
  0xdd,0xdb,0xd6,0xdd,0xdb,0xd6,0xdd,0xdb,0xd6,0xdd,0xdb,0xd6,0xdd,0xdb,0xd6,0xdd,
  0xdb,0xd6,0xdd,0xdb,0xd6,0xdd,0xdb,0xd6,0xdd,0xdb,0xd6,0xdd,0xdb,0xd6,0xdd,0xdb,
  0xd6,0xdd,0xdb,0xd6,0xdd,0xe2,0xde,0xde,0xa8,0x98,0xd0,0x48,0xc,0xe3,0x5d,0x15,
  0xff,0x5c,0x15,0xff,0x54,0x15,0xff,0x40,0x7,0xf4,0x7d,0x62,0xd4,0xe0,0xdd,0xdd,
  0xdb,0xd6,0xdd,0xdb,0xd6,0xdd,0xdb,0xd6,0xdd,0xdb,0xd6,0xdd,0xdb,0xd6,0xdd,0xdb,
  0xd6,0xdd,0xdb,0xd6,0xdd,0xdb,0xd6,0xdd,0xdb,0xd6,0xdd,0xdb,0xd6,0xdd,0xdb,0xd6,
  0xdd,0xdb,0xd6,0xdd,0xdb,0xd6,0xdd,0xdb,0xd6,0xdd,0xdb,0xd6,0xdd,0xdd,0xd8,0xdd,
  0xcb,0xc5,0xd3,0x37,0x1d,0xc4,0x3d,0xe,0xff,0x63,0x33,0xfb,0xd1,0xc8,0xdf,0xdd,
  0xd8,0xdc,0xdb,0xd6,0xdd,0xdb,0xd6,0xdd,0xdb,0xd6,0xdd,0xdb,0xd6,0xdd,0xdb,0xd6,
  0xdd,0xdb,0xd6,0xdd,0xdb,0xd6,0xdd,0xdb,0xd6,0xdd,0xdb,0xd6,0xdd,0xdb,0xd6,0xdd,
  0xdb,0xd6,0xdd,0xdb,0xd6,0xdd,0xdb,0xd6,0xdd,0xdb,0xd6,0xdd,0xdb,0xd6,0xdd,0xdb,
  0xd6,0xdd,0xdb,0xd6,0xdd,0xdb,0xd6,0xdd,0xdb,0xd6,0xdd,0xdb,0xd6,0xdd,0xdb,0xd6,
  0xdd,0xdb,0xd6,0xdd,0xdb,0xd6,0xdd,0xdb,0xd6,0xdd,0xdb,0xd6,0xdd,0xdb,0xd6,0xdd,
  0xdb,0xd6,0xdd,0xdb,0xd6,0xdd,0xdb,0xd6,0xdd,0xdb,0xd6,0xdd,0xdb,0xd6,0xdd,0xdb,
  0xd6,0xdd,0xdb,0xd6,0xdd,0xdb,0xd6,0xdd,0xdb,0xd6,0xdd,0xdb,0xd6,0xdd,0xdb,0xd6,
  0xdd,0xdb,0xd6,0xdd,0xdb,0xd6,0xdd,0xdb,0xd6,0xdd,0xdb,0xd6,0xdd,0xdb,0xd6,0xdd,
  0xdb,0xd6,0xdd,0xdb,0xd6,0xdd,0xdb,0xd6,0xdd,0xdb,0xd6,0xdd,0xdb,0xd6,0xdd,0xdb,
  0xd6,0xdd,0xdb,0xd6,0xdd,0xdb,0xd6,0xdd,0xdb,0xd6,0xdd,0xdb,0xd6,0xdd,0xdb,0xd6,
  0xdd,0xdb,0xd6,0xdd,0xdb,0xd6,0xdd,0xdb,0xd6,0xdd,0xdb,0xd6,0xdd,0xdb,0xd6,0xdd,
  0xdb,0xd6,0xdd,0xdb,0xd6,0xdd,0xdb,0xd6,0xdd,0xdb,0xd6,0xdd,0xdb,0xd6,0xdd,0xdb,
  0xd6,0xdd,0xdb,0xd6,0xdd,0xdb,0xd6,0xdd,0xdb,0xd6,0xdd,0xdb,0xd6,0xdd,0xdb,0xd6,
  0xdd,0xdb,0xd6,0xdd,0xdb,0xd6,0xdd,0xdb,0xd6,0xdd,0xdb,0xd6,0xdd,0xdb,0xd6,0xdd,
  0xdb,0xd6,0xdd,0xdb,0xd6,0xdd,0xdb,0xd6,0xdd,0xdb,0xd6,0xdd,0xdb,0xd6,0xdd,0xdb,
  0xd6,0xdd,0xdb,0xd6,0xdd,0xdb,0xd6,0xdd,0xdb,0xd6,0xdd,0xdb,0xd6,0xdd,0xdb,0xd6,
  0xdd,0xdb,0xd6,0xdd,0xdb,0xd6,0xdd,0xdb,0xd6,0xdd,0xdb,0xd6,0xdd,0xdb,0xd6,0xdd,
  0xdb,0xd6,0xdd,0xdb,0xd6,0xdd,0xdb,0xd6,0xdd,0xdb,0xd6,0xdd,0xdb,0xd6,0xdd,0xdb,
  0xd6,0xdd,0xdb,0xd6,0xdd,0xe0,0xdb,0xdf,0xaf,0xa5,0xc6,0x34,0xa,0xb7,0x4c,0x12,
  0xfa,0x54,0x14,0xff,0x55,0x15,0xff,0x48,0xc,0xff,0x7a,0x56,0xee,0xe0,0xdd,0xdb,
  0xdb,0xd6,0xdc,0xdb,0xd6,0xdd,0xdb,0xd6,0xdd,0xdb,0xd6,0xdd,0xdb,0xd6,0xdd,0xdb,
  0xd6,0xdd,0xdb,0xd6,0xdd,0xdb,0xd6,0xdd,0xdb,0xd6,0xdd,0xdb,0xd6,0xdd,0xdb,0xd6,
  0xdd,0xdb,0xd6,0xdd,0xdb,0xd6,0xdd,0xdb,0xd6,0xdd,0xdb,0xd6,0xdd,0xdd,0xd8,0xdd,
  0xcb,0xc5,0xd4,0x36,0x1c,0xc6,0x41,0x12,0xff,0xb0,0x9c,0xe7,0xe1,0xdd,0xdb,0xdb,
  0xd6,0xdd,0xdb,0xd6,0xdd,0xdb,0xd6,0xdd,0xdb,0xd6,0xdd,0xdb,0xd6,0xdd,0xdb,0xd6,
  0xdd,0xdb,0xd6,0xdd,0xdb,0xd6,0xdd,0xdb,0xd6,0xdd,0xdb,0xd6,0xdd,0xdb,0xd6,0xdd,
  0xdb,0xd6,0xdd,0xdb,0xd6,0xdd,0xdb,0xd6,0xdd,0xdb,0xd6,0xdd,0xdb,0xd6,0xdd,0xdb,
  0xd6,0xdd,0xdb,0xd6,0xdd,0xdb,0xd6,0xdd,0xdb,0xd6,0xdd,0xdb,0xd6,0xdd,0xdb,0xd6,
  0xdd,0xdb,0xd6,0xdd,0xdb,0xd6,0xdd,0xdb,0xd6,0xdd,0xdb,0xd6,0xdd,0xdb,0xd6,0xdd,
  0xdb,0xd6,0xdd,0xdb,0xd6,0xdd,0xdb,0xd6,0xdd,0xdb,0xd6,0xdd,0xdb,0xd6,0xdd,0xdb,
  0xd6,0xdd,0xdb,0xd6,0xdd,0xdb,0xd6,0xdd,0xdb,0xd6,0xdd,0xdb,0xd6,0xdd,0xdb,0xd6,
  0xdd,0xdb,0xd6,0xdd,0xdb,0xd6,0xdd,0xdb,0xd6,0xdd,0xdb,0xd6,0xdd,0xdb,0xd6,0xdd,
  0xdb,0xd6,0xdd,0xdb,0xd6,0xdd,0xdb,0xd6,0xdd,0xdb,0xd6,0xdd,0xdb,0xd6,0xdd,0xdb,
  0xd6,0xdd,0xdb,0xd6,0xdd,0xdb,0xd6,0xdd,0xdb,0xd6,0xdd,0xdb,0xd6,0xdd,0xdb,0xd6,
  0xdd,0xdb,0xd6,0xdd,0xdb,0xd6,0xdd,0xdb,0xd6,0xdd,0xdb,0xd6,0xdd,0xdb,0xd6,0xdd,
  0xdb,0xd6,0xdd,0xdb,0xd6,0xdd,0xdb,0xd6,0xdd,0xdb,0xd6,0xdd,0xdb,0xd6,0xdd,0xdb,
  0xd6,0xdd,0xdb,0xd6,0xdd,0xdb,0xd6,0xdd,0xdb,0xd6,0xdd,0xdb,0xd6,0xdd,0xdb,0xd6,
  0xdd,0xdb,0xd6,0xdd,0xdb,0xd6,0xdd,0xdb,0xd6,0xdd,0xdb,0xd6,0xdd,0xdb,0xd6,0xdd,
  0xdb,0xd6,0xdd,0xdb,0xd6,0xdd,0xdb,0xd6,0xdd,0xdb,0xd6,0xdd,0xdb,0xd6,0xdd,0xdb,
  0xd6,0xdd,0xdb,0xd6,0xdd,0xdb,0xd6,0xdd,0xdb,0xd6,0xdd,0xdb,0xd6,0xdd,0xdb,0xd6,
  0xdd,0xdb,0xd6,0xdd,0xdb,0xd6,0xdd,0xdb,0xd6,0xdd,0xdb,0xd6,0xdd,0xdb,0xd6,0xdd,
  0xdb,0xd6,0xdd,0xdb,0xd6,0xdd,0xdb,0xd6,0xdd,0xdb,0xd6,0xdd,0xdb,0xd6,0xdd,0xdb,
  0xd6,0xdd,0xdb,0xd6,0xdd,0xe0,0xdb,0xdf,0xad,0xa2,0xc7,0x32,0xa,0xb5,0x49,0x12,
  0xf7,0x51,0x14,0xff,0x52,0x14,0xff,0x4c,0xe,0xff,0x81,0x59,0xf4,0xdf,0xdd,0xdb,
  0xdb,0xd6,0xdc,0xdb,0xd6,0xdd,0xdb,0xd6,0xdd,0xdb,0xd6,0xdd,0xdb,0xd6,0xdd,0xdb,
  0xd6,0xdd,0xdb,0xd6,0xdd,0xdb,0xd6,0xdd,0xdb,0xd6,0xdd,0xdb,0xd6,0xdd,0xdb,0xd6,
  0xdd,0xdb,0xd6,0xdd,0xdb,0xd6,0xdd,0xdb,0xd6,0xdd,0xdb,0xd6,0xdd,0xde,0xd9,0xdd,
  0xc0,0xb9,0xd0,0x29,0xf,0xcd,0x6b,0x4d,0xf8,0xe0,0xdc,0xdb,0xdb,0xd6,0xdd,0xdb,
  0xd6,0xdd,0xdb,0xd6,0xdd,0xdb,0xd6,0xdd,0xdb,0xd6,0xdd,0xdb,0xd6,0xdd,0xdb,0xd6,
  0xdd,0xdb,0xd6,0xdd,0xdb,0xd6,0xdd,0xdb,0xd6,0xdd,0xdb,0xd6,0xdd,0xdb,0xd6,0xdd,
  0xdb,0xd6,0xdd,0xdb,0xd6,0xdd,0xdb,0xd6,0xdd,0xdb,0xd6,0xdd,0xdb,0xd6,0xdd,0xdb,
  0xd6,0xdd,0xdb,0xd6,0xdd,0xdb,0xd6,0xdd,0xdb,0xd6,0xdd,0xdb,0xd6,0xdd,0xdb,0xd6,
  0xdd,0xdb,0xd6,0xdd,0xdb,0xd6,0xdd,0xdb,0xd6,0xdd,0xdb,0xd6,0xdd,0xdb,0xd6,0xdd,
  0xdb,0xd6,0xdd,0xdb,0xd6,0xdd,0xdb,0xd6,0xdd,0xdb,0xd6,0xdd,0xdb,0xd6,0xdd,0xdb,
  0xd6,0xdd,0xdb,0xd6,0xdd,0xdb,0xd6,0xdd,0xdb,0xd6,0xdd,0xdb,0xd6,0xdd,0xdb,0xd6,
  0xdd,0xdb,0xd6,0xdd,0xdb,0xd6,0xdd,0xdb,0xd6,0xdd,0xdb,0xd6,0xdd,0xdb,0xd6,0xdd,
  0xdb,0xd6,0xdd,0xdb,0xd6,0xdd,0xdb,0xd6,0xdd,0xdb,0xd6,0xdd,0xdb,0xd6,0xdd,0xdb,
  0xd6,0xdd,0xdb,0xd6,0xdd,0xdb,0xd6,0xdd,0xdb,0xd6,0xdd,0xdb,0xd6,0xdd,0xdb,0xd6,
  0xdd,0xdb,0xd6,0xdd,0xdb,0xd6,0xdd,0xdb,0xd6,0xdd,0xdb,0xd6,0xdd,0xdb,0xd6,0xdd,
  0xdb,0xd6,0xdd,0xdb,0xd6,0xdd,0xdb,0xd6,0xdd,0xdb,0xd6,0xdd,0xdb,0xd6,0xdd,0xdb,
  0xd6,0xdd,0xdb,0xd6,0xdd,0xdb,0xd6,0xdd,0xdb,0xd6,0xdd,0xdb,0xd6,0xdd,0xdb,0xd6,
  0xdd,0xdb,0xd6,0xdd,0xdb,0xd6,0xdd,0xdb,0xd6,0xdd,0xdb,0xd6,0xdd,0xdb,0xd6,0xdd,
  0xdb,0xd6,0xdd,0xdb,0xd6,0xdd,0xdb,0xd6,0xdd,0xdb,0xd6,0xdd,0xdb,0xd6,0xdd,0xdb,
  0xd6,0xdd,0xdb,0xd6,0xdd,0xdb,0xd6,0xdd,0xdb,0xd6,0xdd,0xdb,0xd6,0xdd,0xdb,0xd6,
  0xdd,0xdb,0xd6,0xdd,0xdb,0xd6,0xdd,0xdb,0xd6,0xdd,0xdb,0xd6,0xdd,0xdb,0xd6,0xdd,
  0xdb,0xd6,0xdd,0xdb,0xd6,0xdd,0xdb,0xd6,0xdd,0xdb,0xd6,0xdd,0xdb,0xd6,0xdd,0xdb,
  0xd6,0xdd,0xdb,0xd6,0xdd,0xdf,0xda,0xdf,0xb2,0xa7,0xca,0x2d,0x7,0xb2,0x43,0x11,
  0xf3,0x4e,0x14,0xff,0x55,0x16,0xff,0x53,0x10,0xff,0x89,0x66,0xf0,0xe0,0xdd,0xdb,
  0xdb,0xd6,0xdc,0xdb,0xd6,0xdd,0xdb,0xd6,0xdd,0xdb,0xd6,0xdd,0xdb,0xd6,0xdd,0xdb,
  0xd6,0xdd,0xdb,0xd6,0xdd,0xdb,0xd6,0xdd,0xdb,0xd6,0xdd,0xdb,0xd6,0xdd,0xdb,0xd6,
  0xdd,0xdb,0xd6,0xdd,0xdb,0xd6,0xdd,0xdb,0xd6,0xdd,0xdb,0xd6,0xdd,0xe2,0xde,0xdf,
  0x95,0x8c,0xc4,0x1d,0x0,0xe0,0x8f,0x7a,0xf0,0xe1,0xde,0xdb,0xdb,0xd6,0xdd,0xdb,
  0xd6,0xdd,0xdb,0xd6,0xdd,0xdb,0xd6,0xdd,0xdb,0xd6,0xdd,0xdb,0xd6,0xdd,0xdb,0xd6,
  0xdd,0xdb,0xd6,0xdd,0xdb,0xd6,0xdd,0xdb,0xd6,0xdd,0xdb,0xd6,0xdd,0xdb,0xd6,0xdd,
  0xdb,0xd6,0xdd,0xdb,0xd6,0xdd,0xdb,0xd6,0xdd,0xdb,0xd6,0xdd,0xdb,0xd6,0xdd,0xdb,
  0xd6,0xdd,0xdb,0xd6,0xdd,0xdb,0xd6,0xdd,0xdb,0xd6,0xdd,0xdb,0xd6,0xdd,0xdb,0xd6,
  0xdd,0xdb,0xd6,0xdd,0xdb,0xd6,0xdd,0xdb,0xd6,0xdd,0xdb,0xd6,0xdd,0xdb,0xd6,0xdd,
  0xdb,0xd6,0xdd,0xdb,0xd6,0xdd,0xdb,0xd6,0xdd,0xdb,0xd6,0xdd,0xdb,0xd6,0xdd,0xdb,
  0xd6,0xdd,0xdb,0xd6,0xdd,0xdb,0xd6,0xdd,0xdb,0xd6,0xdd,0xdb,0xd6,0xdd,0xdb,0xd6,
  0xdd,0xdb,0xd6,0xdd,0xdb,0xd6,0xdd,0xdb,0xd6,0xdd,0xdb,0xd6,0xdd,0xdb,0xd6,0xdd,
  0xdb,0xd6,0xdd,0xdb,0xd6,0xdd,0xdb,0xd6,0xdd,0xdb,0xd6,0xdd,0xdb,0xd6,0xdd,0xdb,
  0xd6,0xdd,0xdb,0xd6,0xdd,0xdb,0xd6,0xdd,0xdb,0xd6,0xdd,0xdb,0xd6,0xdd,0xdb,0xd6,
  0xdd,0xdb,0xd6,0xdd,0xdb,0xd6,0xdd,0xdb,0xd6,0xdd,0xdb,0xd6,0xdd,0xdb,0xd6,0xdd,
  0xdb,0xd6,0xdd,0xdb,0xd6,0xdd,0xdb,0xd6,0xdd,0xdb,0xd6,0xdd,0xdb,0xd6,0xdd,0xdb,
  0xd6,0xdd,0xdb,0xd6,0xdd,0xdb,0xd6,0xdd,0xdb,0xd6,0xdd,0xdb,0xd6,0xdd,0xdb,0xd6,
  0xdd,0xdb,0xd6,0xdd,0xdb,0xd6,0xdd,0xdb,0xd6,0xdd,0xdb,0xd6,0xdd,0xdb,0xd6,0xdd,
  0xdb,0xd6,0xdd,0xdb,0xd6,0xdd,0xdb,0xd6,0xdd,0xdb,0xd6,0xdd,0xdb,0xd6,0xdd,0xdb,
  0xd6,0xdd,0xdb,0xd6,0xdd,0xdb,0xd6,0xdd,0xdb,0xd6,0xdd,0xdb,0xd6,0xdd,0xdb,0xd6,
  0xdd,0xdb,0xd6,0xdd,0xdb,0xd6,0xdd,0xdb,0xd6,0xdd,0xdb,0xd6,0xdd,0xdb,0xd6,0xdd,
  0xdb,0xd6,0xdd,0xdb,0xd6,0xdd,0xdb,0xd6,0xdd,0xdb,0xd6,0xdd,0xdb,0xd6,0xdd,0xdb,
  0xd6,0xdd,0xdb,0xd6,0xdd,0xdb,0xd6,0xdd,0xd9,0xd4,0xda,0x7f,0x66,0xd4,0x42,0xc,
  0xf9,0x53,0x15,0xff,0x5a,0x18,0xff,0x51,0x10,0xff,0x9a,0x7e,0xed,0xe1,0xde,0xdb,
  0xdb,0xd6,0xdd,0xdb,0xd6,0xdd,0xdb,0xd6,0xdd,0xdb,0xd6,0xdd,0xdb,0xd6,0xdd,0xdb,
  0xd6,0xdd,0xdb,0xd6,0xdd,0xdb,0xd6,0xdd,0xdb,0xd6,0xdd,0xdb,0xd6,0xdd,0xdb,0xd6,
  0xdd,0xdb,0xd6,0xdd,0xdb,0xd6,0xdd,0xdb,0xd6,0xdd,0xdb,0xd6,0xdd,0xe3,0xde,0xde,
  0x6b,0x60,0xbf,0x23,0x5,0xf1,0xb1,0xa4,0xe7,0xdf,0xdb,0xdb,0xdb,0xd6,0xdd,0xdb,
  0xd6,0xdd,0xdb,0xd6,0xdd,0xdb,0xd6,0xdd,0xdb,0xd6,0xdd,0xdb,0xd6,0xdd,0xdb,0xd6,
  0xdd,0xdb,0xd6,0xdd,0xdb,0xd6,0xdd,0xdb,0xd6,0xdd,0xdb,0xd6,0xdd,0xdb,0xd6,0xdd,
  0xdb,0xd6,0xdd,0xdb,0xd6,0xdd,0xdb,0xd6,0xdd,0xdb,0xd6,0xdd,0xdb,0xd6,0xdd,0xdb,
  0xd6,0xdd,0xdb,0xd6,0xdd,0xdb,0xd6,0xdd,0xdb,0xd6,0xdd,0xdb,0xd6,0xdd,0xdb,0xd6,
  0xdd,0xdb,0xd6,0xdd,0xdb,0xd6,0xdd,0xdb,0xd6,0xdd,0xdb,0xd6,0xdd,0xdb,0xd6,0xdd,
  0xdb,0xd6,0xdd,0xdb,0xd6,0xdd,0xdb,0xd6,0xdd,0xdb,0xd6,0xdd,0xdb,0xd6,0xdd,0xdb,
  0xd6,0xdd,0xdb,0xd6,0xdd,0xdb,0xd6,0xdd,0xdb,0xd6,0xdd,0xdb,0xd6,0xdd,0xdb,0xd6,
  0xdd,0xdb,0xd6,0xdd,0xdb,0xd6,0xdd,0xdb,0xd6,0xdd,0xdb,0xd6,0xdd,0xdb,0xd6,0xdd,
  0xdb,0xd6,0xdd,0xdb,0xd6,0xdd,0xdb,0xd6,0xdd,0xdb,0xd6,0xdd,0xdb,0xd6,0xdd,0xdb,
  0xd6,0xdd,0xdb,0xd6,0xdd,0xdb,0xd6,0xdd,0xdb,0xd6,0xdd,0xdb,0xd6,0xdd,0xdb,0xd6,
  0xdd,0xdb,0xd6,0xdd,0xdb,0xd6,0xdd,0xdb,0xd6,0xdd,0xdb,0xd6,0xdd,0xdb,0xd6,0xdd,
  0xdb,0xd6,0xdd,0xdb,0xd6,0xdd,0xdb,0xd6,0xdd,0xdb,0xd6,0xdd,0xdb,0xd6,0xdd,0xdb,
  0xd6,0xdd,0xdb,0xd6,0xdd,0xdb,0xd6,0xdd,0xdb,0xd6,0xdd,0xdb,0xd6,0xdd,0xdb,0xd6,
  0xdd,0xdb,0xd6,0xdd,0xdb,0xd6,0xdd,0xdb,0xd6,0xdd,0xdb,0xd6,0xdd,0xdb,0xd6,0xdd,
  0xdb,0xd6,0xdd,0xdb,0xd6,0xdd,0xdb,0xd6,0xdd,0xdb,0xd6,0xdd,0xdb,0xd6,0xdd,0xdb,
  0xd6,0xdd,0xdb,0xd6,0xdd,0xdb,0xd6,0xdd,0xdb,0xd6,0xdd,0xdb,0xd6,0xdd,0xdb,0xd6,
  0xdd,0xdb,0xd6,0xdd,0xdb,0xd6,0xdd,0xdb,0xd6,0xdd,0xdb,0xd6,0xdd,0xdb,0xd6,0xdd,
  0xdb,0xd6,0xdd,0xdb,0xd6,0xdd,0xdb,0xd6,0xdd,0xdb,0xd6,0xdd,0xdb,0xd6,0xdd,0xdb,
  0xd6,0xdd,0xdb,0xd6,0xdd,0xdb,0xd6,0xdd,0xdc,0xd7,0xdd,0xde,0xda,0xdd,0x74,0x54,
  0xeb,0x44,0xb,0xff,0x54,0x17,0xff,0x4d,0x10,0xff,0x97,0x7d,0xed,0xe1,0xde,0xdb,
  0xdc,0xd7,0xdd,0xdd,0xd9,0xde,0xe0,0xdb,0xdf,0xe0,0xdb,0xdf,0xe3,0xde,0xdf,0xe4,
  0xdf,0xe0,0xe4,0xdf,0xe0,0xe4,0xdf,0xe0,0xe4,0xdf,0xe0,0xe4,0xdf,0xe0,0xe4,0xdf,
  0xe0,0xe4,0xdf,0xe0,0xe1,0xdd,0xdf,0xe0,0xdb,0xdf,0xe0,0xdb,0xde,0xdb,0xd7,0xda,
  0x42,0x34,0xc1,0x37,0x1c,0xfa,0xcb,0xc4,0xe0,0xdc,0xd8,0xdc,0xdb,0xd6,0xdd,0xdb,
  0xd6,0xdd,0xdb,0xd6,0xdd,0xdb,0xd6,0xdd,0xdb,0xd6,0xdd,0xdb,0xd6,0xdd,0xdb,0xd6,
  0xdd,0xdb,0xd6,0xdd,0xdb,0xd6,0xdd,0xdb,0xd6,0xdd,0xdb,0xd6,0xdd,0xdb,0xd6,0xdd,
  0xdb,0xd6,0xdd,0xdb,0xd6,0xdd,0xdb,0xd6,0xdd,0xdb,0xd6,0xdd,0xdb,0xd6,0xdd,0xdb,
  0xd6,0xdd,0xdb,0xd6,0xdd,0xdb,0xd6,0xdd,0xdb,0xd6,0xdd,0xdb,0xd6,0xdd,0xdb,0xd6,
  0xdd,0xdb,0xd6,0xdd,0xdb,0xd6,0xdd,0xdb,0xd6,0xdd,0xdb,0xd6,0xdd,0xdb,0xd6,0xdd,
  0xdb,0xd6,0xdd,0xdb,0xd6,0xdd,0xdb,0xd6,0xdd,0xdb,0xd6,0xdd,0xdb,0xd6,0xdd,0xdb,
  0xd6,0xdd,0xdb,0xd6,0xdd,0xdb,0xd6,0xdd,0xdb,0xd6,0xdd,0xdb,0xd6,0xdd,0xdb,0xd6,
  0xdd,0xdb,0xd6,0xdd,0xdb,0xd6,0xdd,0xdb,0xd6,0xdd,0xdb,0xd6,0xdd,0xdb,0xd6,0xdd,
  0xdb,0xd6,0xdd,0xdb,0xd6,0xdd,0xdb,0xd6,0xdd,0xdb,0xd6,0xdd,0xdb,0xd6,0xdd,0xdb,
  0xd6,0xdd,0xdb,0xd6,0xdd,0xdb,0xd6,0xdd,0xdb,0xd6,0xdd,0xdb,0xd6,0xdd,0xdb,0xd6,
  0xdd,0xdb,0xd6,0xdd,0xdb,0xd6,0xdd,0xdb,0xd6,0xdd,0xdb,0xd6,0xdd,0xdb,0xd6,0xdd,
  0xdb,0xd6,0xdd,0xdb,0xd6,0xdd,0xdb,0xd6,0xdd,0xdb,0xd6,0xdd,0xdb,0xd6,0xdd,0xdb,
  0xd6,0xdd,0xdb,0xd6,0xdd,0xdb,0xd6,0xdd,0xdb,0xd6,0xdd,0xdb,0xd6,0xdd,0xdb,0xd6,
  0xdd,0xdb,0xd6,0xdd,0xdb,0xd6,0xdd,0xdb,0xd6,0xdd,0xdb,0xd6,0xdd,0xdb,0xd6,0xdd,
  0xdb,0xd6,0xdd,0xdb,0xd6,0xdd,0xdb,0xd6,0xdd,0xdb,0xd6,0xdd,0xdb,0xd6,0xdd,0xdb,
  0xd6,0xdd,0xdb,0xd6,0xdd,0xdb,0xd6,0xdd,0xdb,0xd6,0xdd,0xdb,0xd6,0xdd,0xdb,0xd6,
  0xdd,0xdb,0xd6,0xdd,0xdb,0xd6,0xdd,0xdb,0xd6,0xdd,0xdb,0xd6,0xdd,0xdb,0xd6,0xdd,
  0xdb,0xd6,0xdd,0xdb,0xd6,0xdd,0xdb,0xd6,0xdd,0xdb,0xd6,0xdd,0xdb,0xd6,0xdd,0xdb,
  0xd6,0xdd,0xdb,0xd6,0xdd,0xdb,0xd6,0xdd,0xdb,0xd6,0xdd,0xdd,0xd9,0xdd,0xd3,0xce,
  0xdb,0x6c,0x4a,0xf1,0x46,0xf,0xff,0x49,0x10,0xff,0x9a,0x80,0xee,0xe7,0xe4,0xdd,
  0xd3,0xce,0xdb,0xc8,0xc3,0xd7,0xb0,0xaa,0xd0,0xb0,0xa9,0xd0,0x8f,0x88,0xc6,0x87,
  0x7f,0xc3,0x88,0x80,0xc3,0x88,0x80,0xc3,0x88,0x80,0xc3,0x88,0x80,0xc3,0x87,0x7f,
  0xc3,0x86,0x7e,0xc3,0xa2,0x9a,0xcb,0xb0,0xaa,0xd0,0xbc,0xb6,0xd3,0xbe,0xb7,0xd3,
  0x27,0x16,0xd9,0x57,0x41,0xfc,0xe4,0xdf,0xdf,0xe0,0xdb,0xde,0xdc,0xd7,0xdd,0xdb,
  0xd6,0xdd,0xdb,0xd6,0xdd,0xdb,0xd6,0xdd,0xdb,0xd6,0xdd,0xdb,0xd6,0xdd,0xdb,0xd6,
  0xdd,0xdb,0xd6,0xdd,0xdb,0xd6,0xdd,0xdb,0xd6,0xdd,0xdb,0xd6,0xdd,0xdb,0xd6,0xdd,
  0xdb,0xd6,0xdd,0xdb,0xd6,0xdd,0xdb,0xd6,0xdd,0xdb,0xd6,0xdd,0xdb,0xd6,0xdd,0xdb,
  0xd6,0xdd,0xdb,0xd6,0xdd,0xdb,0xd6,0xdd,0xdb,0xd6,0xdd,0xdb,0xd6,0xdd,0xdb,0xd6,
  0xdd,0xdb,0xd6,0xdd,0xdb,0xd6,0xdd,0xdb,0xd6,0xdd,0xdb,0xd6,0xdd,0xdb,0xd6,0xdd,
  0xdb,0xd6,0xdd,0xdb,0xd6,0xdd,0xdb,0xd6,0xdd,0xdb,0xd6,0xdd,0xdb,0xd6,0xdd,0xdb,
  0xd6,0xdd,0xdb,0xd6,0xdd,0xdb,0xd6,0xdd,0xdb,0xd6,0xdd,0xdb,0xd6,0xdd,0xdb,0xd6,
  0xdd,0xdb,0xd6,0xdd,0xdb,0xd6,0xdd,0xdb,0xd6,0xdd,0xdb,0xd6,0xdd,0xdb,0xd6,0xdd,
  0xdb,0xd6,0xdd,0xdb,0xd6,0xdd,0xdb,0xd6,0xdd,0xdb,0xd6,0xdd,0xdb,0xd6,0xdd,0xdb,
  0xd6,0xdd,0xdb,0xd6,0xdd,0xdb,0xd6,0xdd,0xdb,0xd6,0xdd,0xdb,0xd6,0xdd,0xdb,0xd6,
  0xdd,0xdb,0xd6,0xdd,0xdb,0xd6,0xdd,0xdb,0xd6,0xdd,0xdb,0xd6,0xdd,0xdb,0xd6,0xdd,
  0xdb,0xd6,0xdd,0xdb,0xd6,0xdd,0xdb,0xd6,0xdd,0xdb,0xd6,0xdd,0xdb,0xd6,0xdd,0xdb,
  0xd6,0xdd,0xdb,0xd6,0xdd,0xdb,0xd6,0xdd,0xdb,0xd6,0xdd,0xdb,0xd6,0xdd,0xdb,0xd6,
  0xdd,0xdb,0xd6,0xdd,0xdb,0xd6,0xdd,0xdb,0xd6,0xdd,0xdb,0xd6,0xdd,0xdb,0xd6,0xdd,
  0xdb,0xd6,0xdd,0xdb,0xd6,0xdd,0xdb,0xd6,0xdd,0xdb,0xd6,0xdd,0xdb,0xd6,0xdd,0xdb,
  0xd6,0xdd,0xdb,0xd6,0xdd,0xdb,0xd6,0xdd,0xdb,0xd6,0xdd,0xdb,0xd6,0xdd,0xdb,0xd6,
  0xdd,0xdb,0xd6,0xdd,0xdb,0xd6,0xdd,0xdb,0xd6,0xdd,0xdb,0xd6,0xdd,0xdb,0xd6,0xdd,
  0xdb,0xd6,0xdd,0xdb,0xd6,0xdd,0xdb,0xd6,0xdd,0xdb,0xd6,0xdd,0xdb,0xd6,0xdd,0xdb,
  0xd6,0xdd,0xdb,0xd6,0xdd,0xdb,0xd6,0xdd,0xdb,0xd6,0xdd,0xdb,0xd6,0xdd,0xe0,0xdb,
  0xdc,0xd6,0xd0,0xe0,0x5a,0x35,0xf7,0x45,0x10,0xff,0x5a,0x3d,0xe6,0x54,0x4c,0xb0,
  0x30,0x25,0xa8,0x25,0x19,0xa5,0x16,0xa,0xa1,0x15,0x9,0xa0,0x10,0x3,0x9f,0xe,
  0x2,0x9e,0xe,0x2,0x9e,0xe,0x2,0x9e,0xe,0x2,0x9e,0xe,0x2,0x9e,0xe,0x2,
  0x9e,0xe,0x2,0x9e,0x13,0x7,0xa0,0x15,0x9,0xa0,0x1c,0x10,0xa2,0x27,0x1b,0xa7,
  0x18,0x9,0xb7,0x36,0x29,0xba,0x86,0x7e,0xc2,0xb3,0xac,0xd0,0xd7,0xd2,0xdc,0xe3,
  0xde,0xdf,0xdc,0xd8,0xdd,0xdb,0xd6,0xdd,0xdb,0xd6,0xdd,0xdb,0xd6,0xdd,0xdb,0xd6,
  0xdd,0xdb,0xd6,0xdd,0xdb,0xd6,0xdd,0xdb,0xd6,0xdd,0xdb,0xd6,0xdd,0xdb,0xd6,0xdd,
  0xdb,0xd6,0xdd,0xdb,0xd6,0xdd,0xdb,0xd6,0xdd,0xdb,0xd6,0xdd,0xdb,0xd6,0xdd,0xdb,
  0xd6,0xdd,0xdb,0xd6,0xdd,0xdb,0xd6,0xdd,0xdb,0xd6,0xdd,0xdb,0xd6,0xdd,0xdb,0xd6,
  0xdd,0xdb,0xd6,0xdd,0xdb,0xd6,0xdd,0xdb,0xd6,0xdd,0xdb,0xd6,0xdd,0xdb,0xd6,0xdd,
  0xdb,0xd6,0xdd,0xdb,0xd6,0xdd,0xdb,0xd6,0xdd,0xdb,0xd6,0xdd,0xdb,0xd6,0xdd,0xdb,
  0xd6,0xdd,0xdb,0xd6,0xdd,0xdb,0xd6,0xdd,0xdb,0xd6,0xdd,0xdb,0xd6,0xdd,0xdb,0xd6,
  0xdd,0xdb,0xd6,0xdd,0xdb,0xd6,0xdd,0xdb,0xd6,0xdd,0xdb,0xd6,0xdd,0xdb,0xd6,0xdd,
  0xdb,0xd6,0xdd,0xdb,0xd6,0xdd,0xdb,0xd6,0xdd,0xdb,0xd6,0xdd,0xdb,0xd6,0xdd,0xdb,
  0xd6,0xdd,0xdb,0xd6,0xdd,0xdb,0xd6,0xdd,0xdb,0xd6,0xdd,0xdb,0xd6,0xdd,0xdb,0xd6,
  0xdd,0xdb,0xd6,0xdd,0xdb,0xd6,0xdd,0xdb,0xd6,0xdd,0xdb,0xd6,0xdd,0xdb,0xd6,0xdd,
  0xdb,0xd6,0xdd,0xdb,0xd6,0xdd,0xdb,0xd6,0xdd,0xdb,0xd6,0xdd,0xdb,0xd6,0xdd,0xdb,
  0xd6,0xdd,0xdb,0xd6,0xdd,0xdb,0xd6,0xdd,0xdb,0xd6,0xdd,0xdb,0xd6,0xdd,0xdb,0xd6,
  0xdd,0xdb,0xd6,0xdd,0xdb,0xd6,0xdd,0xdb,0xd6,0xdd,0xdb,0xd6,0xdd,0xdb,0xd6,0xdd,
  0xdb,0xd6,0xdd,0xdb,0xd6,0xdd,0xdb,0xd6,0xdd,0xdb,0xd6,0xdd,0xdb,0xd6,0xdd,0xdb,
  0xd6,0xdd,0xdb,0xd6,0xdd,0xdb,0xd6,0xdd,0xdb,0xd6,0xdd,0xdb,0xd6,0xdd,0xdb,0xd6,
  0xdd,0xdb,0xd6,0xdd,0xdb,0xd6,0xdd,0xdb,0xd6,0xdd,0xdb,0xd6,0xdd,0xdb,0xd6,0xdd,
  0xdb,0xd6,0xdd,0xdb,0xd6,0xdd,0xdb,0xd6,0xdd,0xdb,0xd6,0xdd,0xdb,0xd6,0xdd,0xdb,
  0xd6,0xdd,0xdb,0xd6,0xdd,0xdb,0xd6,0xdd,0xdb,0xd6,0xdd,0xdc,0xd7,0xdd,0xd6,0xd1,
  0xdb,0x88,0x81,0xc0,0x34,0x23,0xbc,0x3e,0x14,0xff,0x36,0x10,0xf3,0x10,0x3,0xa2,
  0x13,0x6,0x9f,0x15,0x9,0xa0,0x17,0xb,0xa1,0x17,0xb,0xa1,0x17,0xb,0xa1,0x17,
  0xb,0xa1,0x17,0xb,0xa1,0x17,0xb,0xa1,0x17,0xb,0xa1,0x17,0xb,0xa1,0x17,0xb,
  0xa1,0x17,0xb,0xa1,0x17,0xb,0xa1,0x17,0xb,0xa1,0x16,0xa,0xa1,0x15,0x9,0xa0,
  0x17,0xb,0x9e,0x14,0x8,0x9e,0xe,0x2,0x9e,0x17,0xb,0xa1,0x36,0x2c,0xaa,0x80,
  0x78,0xc1,0xd6,0xd0,0xdb,0xdd,0xd8,0xde,0xdb,0xd6,0xdd,0xdb,0xd6,0xdd,0xdb,0xd6,
  0xdd,0xdb,0xd6,0xdd,0xdb,0xd6,0xdd,0xdb,0xd6,0xdd,0xdb,0xd6,0xdd,0xdb,0xd6,0xdd,
  0xdb,0xd6,0xdd,0xdb,0xd6,0xdd,0xdb,0xd6,0xdd,0xdb,0xd6,0xdd,0xdb,0xd6,0xdd,0xdb,
  0xd6,0xdd,0xdb,0xd6,0xdd,0xdb,0xd6,0xdd,0xdb,0xd6,0xdd,0xdb,0xd6,0xdd,0xdb,0xd6,
  0xdd,0xdb,0xd6,0xdd,0xdb,0xd6,0xdd,0xdb,0xd6,0xdd,0xdb,0xd6,0xdd,0xdb,0xd6,0xdd,
  0xdb,0xd6,0xdd,0xdb,0xd6,0xdd,0xdb,0xd6,0xdd,0xdb,0xd6,0xdd,0xdb,0xd6,0xdd,0xdb,
  0xd6,0xdd,0xdb,0xd6,0xdd,0xdb,0xd6,0xdd,0xdb,0xd6,0xdd,0xdb,0xd6,0xdd,0xdb,0xd6,
  0xdd,0xdb,0xd6,0xdd,0xdb,0xd6,0xdd,0xdb,0xd6,0xdd,0xdb,0xd6,0xdd,0xdb,0xd6,0xdd,
  0xdb,0xd6,0xdd,0xdb,0xd6,0xdd,0xdb,0xd6,0xdd,0xdb,0xd6,0xdd,0xdb,0xd6,0xdd,0xdb,
  0xd6,0xdd,0xdb,0xd6,0xdd,0xdb,0xd6,0xdd,0xdb,0xd6,0xdd,0xdb,0xd6,0xdd,0xdb,0xd6,
  0xdd,0xdb,0xd6,0xdd,0xdb,0xd6,0xdd,0xdb,0xd6,0xdd,0xdb,0xd6,0xdd,0xdb,0xd6,0xdd,
  0xdb,0xd6,0xdd,0xdb,0xd6,0xdd,0xdb,0xd6,0xdd,0xdb,0xd6,0xdd,0xdb,0xd6,0xdd,0xdb,
  0xd6,0xdd,0xdb,0xd6,0xdd,0xdb,0xd6,0xdd,0xdb,0xd6,0xdd,0xdb,0xd6,0xdd,0xdb,0xd6,
  0xdd,0xdb,0xd6,0xdd,0xdb,0xd6,0xdd,0xdb,0xd6,0xdd,0xdb,0xd6,0xdd,0xdb,0xd6,0xdd,
  0xdb,0xd6,0xdd,0xdb,0xd6,0xdd,0xdb,0xd6,0xdd,0xdb,0xd6,0xdd,0xdb,0xd6,0xdd,0xdb,
  0xd6,0xdd,0xdb,0xd6,0xdd,0xdb,0xd6,0xdd,0xdb,0xd6,0xdd,0xdb,0xd6,0xdd,0xdb,0xd6,
  0xdd,0xdb,0xd6,0xdd,0xdb,0xd6,0xdd,0xdb,0xd6,0xdd,0xdb,0xd6,0xdd,0xdb,0xd6,0xdd,
  0xdb,0xd6,0xdd,0xdb,0xd6,0xdd,0xdb,0xd6,0xdd,0xdb,0xd6,0xdd,0xdb,0xd6,0xdd,0xdb,
  0xd6,0xdd,0xdb,0xd6,0xdd,0xdb,0xd6,0xdd,0xdb,0xd6,0xdd,0xe0,0xdb,0xde,0x64,0x5a,
  0xb8,0xa,0x0,0x9c,0x14,0x7,0xa1,0x33,0x13,0xee,0x40,0x17,0xff,0x1e,0xd,0xba,
  0x15,0xa,0x9d,0x17,0xb,0xa1,0x17,0xb,0xa1,0x17,0xb,0xa1,0x17,0xb,0xa1,0x17,
  0xb,0xa1,0x17,0xb,0xa1,0x17,0xb,0xa1,0x17,0xb,0xa1,0x17,0xb,0xa1,0x17,0xb,
  0xa1,0x17,0xb,0xa1,0x17,0xb,0xa1,0x17,0xb,0xa1,0x17,0xb,0xa1,0x17,0xb,0xa1,
  0x17,0xb,0xa1,0x17,0xb,0xa1,0x17,0xb,0xa1,0x16,0xa,0xa1,0x13,0x6,0xa0,0xc,
  0x0,0x9d,0x4e,0x44,0xb1,0xd6,0xd1,0xdb,0xdc,0xd7,0xdd,0xdb,0xd6,0xdd,0xdb,0xd6,
  0xdd,0xdb,0xd6,0xdd,0xdb,0xd6,0xdd,0xdb,0xd6,0xdd,0xdb,0xd6,0xdd,0xdb,0xd6,0xdd,
  0xdb,0xd6,0xdd,0xdb,0xd6,0xdd,0xdb,0xd6,0xdd,0xdb,0xd6,0xdd,0xdb,0xd6,0xdd,0xdb,
  0xd6,0xdd,0xdb,0xd6,0xdd,0xdb,0xd6,0xdd,0xdb,0xd6,0xdd,0xdb,0xd6,0xdd,0xdb,0xd6,
  0xdd,0xdb,0xd6,0xdd,0xdb,0xd6,0xdd,0xdb,0xd6,0xdd,0xdb,0xd6,0xdd,0xdb,0xd6,0xdd,
  0xdb,0xd6,0xdd,0xdb,0xd6,0xdd,0xdb,0xd6,0xdd,0xdb,0xd6,0xdd,0xdb,0xd6,0xdd,0xdb,
  0xd6,0xdd,0xdb,0xd6,0xdd,0xdb,0xd6,0xdd,0xdb,0xd6,0xdd,0xdb,0xd6,0xdd,0xdb,0xd6,
  0xdd,0xdb,0xd6,0xdd,0xdb,0xd6,0xdd,0xdb,0xd6,0xdd,0xdb,0xd6,0xdd,0xdb,0xd6,0xdd,
  0xdb,0xd6,0xdd,0xdb,0xd6,0xdd,0xdb,0xd6,0xdd,0xdb,0xd6,0xdd,0xdb,0xd6,0xdd,0xdb,
  0xd6,0xdd,0xdb,0xd6,0xdd,0xdb,0xd6,0xdd,0xdb,0xd6,0xdd,0xdb,0xd6,0xdd,0xdb,0xd6,
  0xdd,0xdb,0xd6,0xdd,0xdb,0xd6,0xdd,0xdb,0xd6,0xdd,0xdb,0xd6,0xdd,0xdb,0xd6,0xdd,
  0xdb,0xd6,0xdd,0xdb,0xd6,0xdd,0xdb,0xd6,0xdd,0xdb,0xd6,0xdd,0xdb,0xd6,0xdd,0xdb,
  0xd6,0xdd,0xdb,0xd6,0xdd,0xdb,0xd6,0xdd,0xdb,0xd6,0xdd,0xdb,0xd6,0xdd,0xdb,0xd6,
  0xdd,0xdb,0xd6,0xdd,0xdb,0xd6,0xdd,0xdb,0xd6,0xdd,0xdb,0xd6,0xdd,0xdb,0xd6,0xdd,
  0xdb,0xd6,0xdd,0xdb,0xd6,0xdd,0xdb,0xd6,0xdd,0xdb,0xd6,0xdd,0xdb,0xd6,0xdd,0xdb,
  0xd6,0xdd,0xdb,0xd6,0xdd,0xdb,0xd6,0xdd,0xdb,0xd6,0xdd,0xdb,0xd6,0xdd,0xdb,0xd6,
  0xdd,0xdb,0xd6,0xdd,0xdb,0xd6,0xdd,0xdb,0xd6,0xdd,0xdb,0xd6,0xdd,0xdb,0xd6,0xdd,
  0xdb,0xd6,0xdd,0xdb,0xd6,0xdd,0xdb,0xd6,0xdd,0xdb,0xd6,0xdd,0xdb,0xd6,0xdd,0xdb,
  0xd6,0xdd,0xdb,0xd6,0xdd,0xdb,0xd6,0xdd,0xdb,0xd6,0xdd,0xe0,0xdb,0xde,0x70,0x67,
  0xbc,0xe,0x1,0x9e,0xf,0x4,0x9b,0x25,0xe,0xd2,0x3e,0x18,0xff,0x28,0x11,0xd8,
  0x15,0xa,0x9d,0x17,0xb,0xa1,0x17,0xb,0xa1,0x17,0xb,0xa1,0x17,0xb,0xa1,0x17,
  0xb,0xa1,0x17,0xb,0xa1,0x17,0xb,0xa1,0x17,0xb,0xa1,0x17,0xb,0xa1,0x17,0xb,
  0xa1,0x17,0xb,0xa1,0x17,0xb,0xa1,0x17,0xb,0xa1,0x17,0xb,0xa1,0x17,0xb,0xa1,
  0x17,0xb,0xa1,0x17,0xb,0xa1,0x17,0xb,0xa1,0x17,0xb,0xa1,0x16,0xa,0xa1,0xd,
  0x1,0x9e,0x29,0x1e,0xa6,0xce,0xc8,0xd8,0xdc,0xd7,0xdd,0xdb,0xd6,0xdd,0xdb,0xd6,
  0xdd,0xdb,0xd6,0xdd,0xdb,0xd6,0xdd,0xdb,0xd6,0xdd,0xdb,0xd6,0xdd,0xdb,0xd6,0xdd,
  0xdb,0xd6,0xdd,0xdb,0xd6,0xdd,0xdb,0xd6,0xdd,0xdb,0xd6,0xdd,0xdb,0xd6,0xdd,0xdb,
  0xd6,0xdd,0xdb,0xd6,0xdd,0xdb,0xd6,0xdd,0xdb,0xd6,0xdd,0xdb,0xd6,0xdd,0xdb,0xd6,
  0xdd,0xdb,0xd6,0xdd,0xdb,0xd6,0xdd,0xdb,0xd6,0xdd,0xdb,0xd6,0xdd,0xdb,0xd6,0xdd,
  0xdb,0xd6,0xdd,0xdb,0xd6,0xdd,0xdb,0xd6,0xdd,0xdb,0xd6,0xdd,0xdb,0xd6,0xdd,0xdb,
  0xd6,0xdd,0xdb,0xd6,0xdd,0xdb,0xd6,0xdd,0xdb,0xd6,0xdd,0xdb,0xd6,0xdd,0xdb,0xd6,
  0xdd,0xdb,0xd6,0xdd,0xdb,0xd6,0xdd,0xdb,0xd6,0xdd,0xdb,0xd6,0xdd,0xdb,0xd6,0xdd,
  0xdb,0xd6,0xdd,0xdb,0xd6,0xdd,0xdb,0xd6,0xdd,0xdb,0xd6,0xdd,0xdb,0xd6,0xdd,0xdb,
  0xd6,0xdd,0xdb,0xd6,0xdd,0xdb,0xd6,0xdd,0xdb,0xd6,0xdd,0xdb,0xd6,0xdd,0xdb,0xd6,
  0xdd,0xdb,0xd6,0xdd,0xdb,0xd6,0xdd,0xdb,0xd6,0xdd,0xdb,0xd6,0xdd,0xdb,0xd6,0xdd,
  0xdb,0xd6,0xdd,0xdb,0xd6,0xdd,0xdb,0xd6,0xdd,0xdb,0xd6,0xdd,0xdb,0xd6,0xdd,0xdb,
  0xd6,0xdd,0xdb,0xd6,0xdd,0xdb,0xd6,0xdd,0xdb,0xd6,0xdd,0xdb,0xd6,0xdd,0xdb,0xd6,
  0xdd,0xdb,0xd6,0xdd,0xdb,0xd6,0xdd,0xdb,0xd6,0xdd,0xdb,0xd6,0xdd,0xdb,0xd6,0xdd,
  0xdb,0xd6,0xdd,0xdb,0xd6,0xdd,0xdb,0xd6,0xdd,0xdb,0xd6,0xdd,0xdb,0xd6,0xdd,0xdb,
  0xd6,0xdd,0xdb,0xd6,0xdd,0xdb,0xd6,0xdd,0xdb,0xd6,0xdd,0xdb,0xd6,0xdd,0xdb,0xd6,
  0xdd,0xdb,0xd6,0xdd,0xdb,0xd6,0xdd,0xdb,0xd6,0xdd,0xdb,0xd6,0xdd,0xdb,0xd6,0xdd,
  0xdb,0xd6,0xdd,0xdb,0xd6,0xdd,0xdb,0xd6,0xdd,0xdb,0xd6,0xdd,0xdb,0xd6,0xdd,0xdb,
  0xd6,0xdd,0xdb,0xd6,0xdd,0xdb,0xd6,0xdd,0xdb,0xd6,0xdd,0xdc,0xd7,0xdd,0xdc,0xd7,
  0xdd,0x9a,0x92,0xc9,0x44,0x3a,0xac,0x1c,0xd,0xb7,0x35,0x14,0xff,0x30,0x13,0xf3,
  0x13,0x6,0xa4,0x14,0x8,0x9f,0x16,0xa,0xa1,0x17,0xb,0xa1,0x17,0xb,0xa1,0x17,
  0xb,0xa1,0x17,0xb,0xa1,0x17,0xb,0xa1,0x17,0xb,0xa1,0x17,0xb,0xa1,0x17,0xb,
  0xa1,0x17,0xb,0xa1,0x17,0xb,0xa1,0x17,0xb,0xa1,0x17,0xb,0xa1,0x16,0xa,0xa1,
  0x15,0x9,0xa1,0x13,0x7,0xa0,0x10,0x3,0x9f,0xf,0x3,0x9e,0x1b,0xf,0xa2,0x54,
  0x4a,0xb3,0xb9,0xb2,0xd2,0xde,0xd9,0xde,0xdb,0xd6,0xdd,0xdb,0xd6,0xdd,0xdb,0xd6,
  0xdd,0xdb,0xd6,0xdd,0xdb,0xd6,0xdd,0xdb,0xd6,0xdd,0xdb,0xd6,0xdd,0xdb,0xd6,0xdd,
  0xdb,0xd6,0xdd,0xdb,0xd6,0xdd,0xdb,0xd6,0xdd,0xdb,0xd6,0xdd,0xdb,0xd6,0xdd,0xdb,
  0xd6,0xdd,0xdb,0xd6,0xdd,0xdb,0xd6,0xdd,0xdb,0xd6,0xdd,0xdb,0xd6,0xdd,0xdb,0xd6,
  0xdd,0xdb,0xd6,0xdd,0xdb,0xd6,0xdd,0xdb,0xd6,0xdd,0xdb,0xd6,0xdd,0xdb,0xd6,0xdd,
  0xdb,0xd6,0xdd,0xdb,0xd6,0xdd,0xdb,0xd6,0xdd,0xdb,0xd6,0xdd,0xdb,0xd6,0xdd,0xdb,
  0xd6,0xdd,0xdb,0xd6,0xdd,0xdb,0xd6,0xdd,0xdb,0xd6,0xdd,0xdb,0xd6,0xdd,0xdb,0xd6,
  0xdd,0xdb,0xd6,0xdd,0xdb,0xd6,0xdd,0xdb,0xd6,0xdd,0xdb,0xd6,0xdd,0xdb,0xd6,0xdd,
  0xdb,0xd6,0xdd,0xdb,0xd6,0xdd,0xdb,0xd6,0xdd,0xdb,0xd6,0xdd,0xdb,0xd6,0xdd,0xdb,
  0xd6,0xdd,0xdb,0xd6,0xdd,0xdb,0xd6,0xdd,0xdb,0xd6,0xdd,0xdb,0xd6,0xdd,0xdb,0xd6,
  0xdd,0xdb,0xd6,0xdd,0xdb,0xd6,0xdd,0xdb,0xd6,0xdd,0xdb,0xd6,0xdd,0xdb,0xd6,0xdd,
  0xdb,0xd6,0xdd,0xdb,0xd6,0xdd,0xdb,0xd6,0xdd,0xdb,0xd6,0xdd,0xdb,0xd6,0xdd,0xdb,
  0xd6,0xdd,0xdb,0xd6,0xdd,0xdb,0xd6,0xdd,0xdb,0xd6,0xdd,0xdb,0xd6,0xdd,0xdb,0xd6,
  0xdd,0xdb,0xd6,0xdd,0xdb,0xd6,0xdd,0xdb,0xd6,0xdd,0xdb,0xd6,0xdd,0xdb,0xd6,0xdd,
  0xdb,0xd6,0xdd,0xdb,0xd6,0xdd,0xdb,0xd6,0xdd,0xdb,0xd6,0xdd,0xdb,0xd6,0xdd,0xdb,
  0xd6,0xdd,0xdb,0xd6,0xdd,0xdb,0xd6,0xdd,0xdb,0xd6,0xdd,0xdb,0xd6,0xdd,0xdb,0xd6,
  0xdd,0xdb,0xd6,0xdd,0xdb,0xd6,0xdd,0xdb,0xd6,0xdd,0xdb,0xd6,0xdd,0xdb,0xd6,0xdd,
  0xdb,0xd6,0xdd,0xdb,0xd6,0xdd,0xdb,0xd6,0xdd,0xdb,0xd6,0xdd,0xdb,0xd6,0xdd,0xdb,
  0xd6,0xdd,0xdb,0xd6,0xdd,0xdb,0xd6,0xdd,0xdb,0xd6,0xdd,0xdb,0xd6,0xdd,0xdb,0xd7,
  0xdd,0xe2,0xdd,0xdf,0xdc,0xd8,0xdd,0xac,0xa5,0xd1,0x33,0x1a,0xf6,0x37,0x1b,0xfb,
  0x3a,0x2f,0xb2,0x25,0x19,0xa4,0x1c,0x10,0xa2,0x12,0x6,0x9f,0x10,0x4,0x9f,0x10,
  0x4,0x9f,0xe,0x2,0x9e,0xe,0x2,0x9e,0xe,0x2,0x9e,0xe,0x2,0x9e,0xe,0x2,
  0x9e,0xe,0x2,0x9e,0x10,0x3,0x9f,0x10,0x4,0x9f,0x11,0x5,0x9f,0x1b,0xf,0xa2,
  0x22,0x17,0xa4,0x39,0x2e,0xab,0x58,0x4f,0xb5,0x88,0x80,0xc3,0xbe,0xb8,0xd4,0xde,
  0xd9,0xde,0xe0,0xdb,0xde,0xdb,0xd6,0xdd,0xdb,0xd6,0xdd,0xdb,0xd6,0xdd,0xdb,0xd6,
  0xdd,0xdb,0xd6,0xdd,0xdb,0xd6,0xdd,0xdb,0xd6,0xdd,0xdb,0xd6,0xdd,0xdb,0xd6,0xdd,
  0xdb,0xd6,0xdd,0xdb,0xd6,0xdd,0xdb,0xd6,0xdd,0xdb,0xd6,0xdd,0xdb,0xd6,0xdd,0xdb,
  0xd6,0xdd,0xdb,0xd6,0xdd,0xdb,0xd6,0xdd,0xdb,0xd6,0xdd,0xdb,0xd6,0xdd,0xdb,0xd6,
  0xdd,0xdb,0xd6,0xdd,0xdb,0xd6,0xdd,0xdb,0xd6,0xdd,0xdb,0xd6,0xdd,0xdb,0xd6,0xdd,
  0xdb,0xd6,0xdd,0xdb,0xd6,0xdd,0xdb,0xd6,0xdd,0xdb,0xd6,0xdd,0xdb,0xd6,0xdd,0xdb,
  0xd6,0xdd,0xdb,0xd6,0xdd,0xdb,0xd6,0xdd,0xdb,0xd6,0xdd,0xdb,0xd6,0xdd,0xdb,0xd6,
  0xdd,0xdb,0xd6,0xdd,0xdb,0xd6,0xdd,0xdb,0xd6,0xdd,0xdb,0xd6,0xdd,0xdb,0xd6,0xdd,
  0xdb,0xd6,0xdd,0xdb,0xd6,0xdd,0xdb,0xd6,0xdd,0xdb,0xd6,0xdd,0xdb,0xd6,0xdd,0xdb,
  0xd6,0xdd,0xdb,0xd6,0xdd,0xdb,0xd6,0xdd,0xdb,0xd6,0xdd,0xdb,0xd6,0xdd,0xdb,0xd6,
  0xdd,0xdb,0xd6,0xdd,0xdb,0xd6,0xdd,0xdb,0xd6,0xdd,0xdb,0xd6,0xdd,0xdb,0xd6,0xdd,
  0xdb,0xd6,0xdd,0xdb,0xd6,0xdd,0xdb,0xd6,0xdd,0xdb,0xd6,0xdd,0xdb,0xd6,0xdd,0xdb,
  0xd6,0xdd,0xdb,0xd6,0xdd,0xdb,0xd6,0xdd,0xdb,0xd6,0xdd,0xdb,0xd6,0xdd,0xdb,0xd6,
  0xdd,0xdb,0xd6,0xdd,0xdb,0xd6,0xdd,0xdb,0xd6,0xdd,0xdb,0xd6,0xdd,0xdb,0xd6,0xdd,
  0xdb,0xd6,0xdd,0xdb,0xd6,0xdd,0xdb,0xd6,0xdd,0xdb,0xd6,0xdd,0xdb,0xd6,0xdd,0xdb,
  0xd6,0xdd,0xdb,0xd6,0xdd,0xdb,0xd6,0xdd,0xdb,0xd6,0xdd,0xdb,0xd6,0xdd,0xdb,0xd6,
  0xdd,0xdb,0xd6,0xdd,0xdb,0xd6,0xdd,0xdb,0xd6,0xdd,0xdb,0xd6,0xdd,0xdb,0xd6,0xdd,
  0xdb,0xd6,0xdd,0xdb,0xd6,0xdd,0xdb,0xd6,0xdd,0xdb,0xd6,0xdd,0xdb,0xd6,0xdd,0xdb,
  0xd6,0xdd,0xdb,0xd6,0xdd,0xdb,0xd6,0xdd,0xdb,0xd6,0xdd,0xdb,0xd6,0xdd,0xdb,0xd6,
  0xdd,0xdb,0xd6,0xdd,0xdc,0xd7,0xdd,0xe0,0xdc,0xdd,0x9b,0x91,0xe7,0xb3,0xa9,0xe5,
  0xdb,0xd6,0xdb,0xc8,0xc2,0xd7,0xbe,0xb8,0xd4,0xa1,0x9a,0xcb,0x9c,0x95,0xca,0x91,
  0x89,0xc6,0x70,0x67,0xbc,0x70,0x67,0xbc,0x70,0x68,0xbc,0x70,0x68,0xbc,0x70,0x67,
  0xbc,0x6f,0x66,0xbc,0x8c,0x84,0xc5,0x9d,0x96,0xca,0x9e,0x97,0xca,0xbc,0xb6,0xd3,
  0xc5,0xc0,0xd6,0xd8,0xd3,0xdc,0xe1,0xdd,0xdf,0xe3,0xde,0xdf,0xdf,0xda,0xde,0xdb,
  0xd6,0xdd,0xdb,0xd6,0xdd,0xdb,0xd6,0xdd,0xdb,0xd6,0xdd,0xdb,0xd6,0xdd,0xdb,0xd6,
  0xdd,0xdb,0xd6,0xdd,0xdb,0xd6,0xdd,0xdb,0xd6,0xdd,0xdb,0xd6,0xdd,0xdb,0xd6,0xdd,
  0xdb,0xd6,0xdd,0xdb,0xd6,0xdd,0xdb,0xd6,0xdd,0xdb,0xd6,0xdd,0xdb,0xd6,0xdd,0xdb,
  0xd6,0xdd,0xdb,0xd6,0xdd,0xdb,0xd6,0xdd,0xdb,0xd6,0xdd,0xdb,0xd6,0xdd,0xdb,0xd6,
  0xdd,0xdb,0xd6,0xdd,0xdb,0xd6,0xdd,0xdb,0xd6,0xdd,0xdb,0xd6,0xdd,0xdb,0xd6,0xdd,
  0xdb,0xd6,0xdd,0xdb,0xd6,0xdd,0xdb,0xd6,0xdd,0xdb,0xd6,0xdd,0xdb,0xd6,0xdd,0xdb,
  0xd6,0xdd,0xdb,0xd6,0xdd,0xdb,0xd6,0xdd,0xdb,0xd6,0xdd,0xdb,0xd6,0xdd,0xdb,0xd6,
  0xdd,0xdb,0xd6,0xdd,0xdb,0xd6,0xdd,0xdb,0xd6,0xdd,0xdb,0xd6,0xdd,0xdb,0xd6,0xdd,
  0xdb,0xd6,0xdd,0xdb,0xd6,0xdd,0xdb,0xd6,0xdd,0xdb,0xd6,0xdd,0xdb,0xd6,0xdd,0xdb,
  0xd6,0xdd,0xdb,0xd6,0xdd,0xdb,0xd6,0xdd,0xdb,0xd6,0xdd,0xdb,0xd6,0xdd,0xdb,0xd6,
  0xdd,0xdb,0xd6,0xdd,0xdb,0xd6,0xdd,0xdb,0xd6,0xdd,0xdb,0xd6,0xdd,0xdb,0xd6,0xdd,
  0xdb,0xd6,0xdd,0xdb,0xd6,0xdd,0xdb,0xd6,0xdd,0xdb,0xd6,0xdd,0xdb,0xd6,0xdd,0xdb,
  0xd6,0xdd,0xdb,0xd6,0xdd,0xdb,0xd6,0xdd,0xdb,0xd6,0xdd,0xdb,0xd6,0xdd,0xdb,0xd6,
  0xdd,0xdb,0xd6,0xdd,0xdb,0xd6,0xdd,0xdb,0xd6,0xdd,0xdb,0xd6,0xdd,0xdb,0xd6,0xdd,
  0xdb,0xd6,0xdd,0xdb,0xd6,0xdd,0xdb,0xd6,0xdd,0xdb,0xd6,0xdd,0xdb,0xd6,0xdd,0xdb,
  0xd6,0xdd,0xdb,0xd6,0xdd,0xdb,0xd6,0xdd,0xdb,0xd6,0xdd,0xdb,0xd6,0xdd,0xdb,0xd6,
  0xdd,0xdb,0xd6,0xdd,0xdb,0xd6,0xdd,0xdb,0xd6,0xdd,0xdb,0xd6,0xdd,0xdb,0xd6,0xdd,
  0xdb,0xd6,0xdd,0xdb,0xd6,0xdd,0xdb,0xd6,0xdd,0xdb,0xd6,0xdd,0xdb,0xd6,0xdd,0xdb,
  0xd6,0xdd,0xdb,0xd6,0xdd,0xdb,0xd6,0xdd,0xdb,0xd6,0xdd,0xdb,0xd6,0xdd,0xdb,0xd6,
  0xdd,0xdb,0xd6,0xdd,0xdb,0xd6,0xdd,0xdb,0xd6,0xdd,0xe1,0xdd,0xdc,0xdf,0xdb,0xdc,
  0xdc,0xd7,0xdd,0xde,0xd9,0xde,0xdf,0xda,0xde,0xe2,0xdd,0xdf,0xe2,0xdd,0xdf,0xe3,
  0xde,0xdf,0xe4,0xdf,0xe0,0xe4,0xdf,0xe0,0xe4,0xdf,0xe0,0xe4,0xdf,0xe0,0xe4,0xdf,
  0xe0,0xe4,0xdf,0xe0,0xe3,0xde,0xdf,0xe2,0xdd,0xdf,0xe2,0xdd,0xdf,0xdf,0xda,0xde,
  0xde,0xd9,0xde,0xdc,0xd7,0xdd,0xdb,0xd6,0xdd,0xdb,0xd6,0xdd,0xdb,0xd6,0xdd,0xdb,
  0xd6,0xdd,0xdb,0xd6,0xdd,0xdb,0xd6,0xdd,0xdb,0xd6,0xdd,0xdb,0xd6,0xdd,0xdb,0xd6,
  0xdd,0xdb,0xd6,0xdd,0xdb,0xd6,0xdd,0xdb,0xd6,0xdd,0xdb,0xd6,0xdd,0xdb,0xd6,0xdd,
  0xdb,0xd6,0xdd,0xdb,0xd6,0xdd,0xdb,0xd6,0xdd,0xdb,0xd6,0xdd,0xdb,0xd6,0xdd,0xdb,
  0xd6,0xdd,0xdb,0xd6,0xdd,0xdb,0xd6,0xdd,0xdb,0xd6,0xdd,0xdb,0xd6,0xdd,0xdb,0xd6,
  0xdd,0xdb,0xd6,0xdd,0xdb,0xd6,0xdd,0xdb,0xd6,0xdd,0xdb,0xd6,0xdd,0xdb,0xd6,0xdd,
  0xdb,0xd6,0xdd,0xdb,0xd6,0xdd,0xdb,0xd6,0xdd,0xdb,0xd6,0xdd,0xdb,0xd6,0xdd,0xdb,
  0xd6,0xdd,0xdb,0xd6,0xdd,0xdb,0xd6,0xdd,0xdb,0xd6,0xdd,0xdb,0xd6,0xdd,0xdb,0xd6,
  0xdd,0xdb,0xd6,0xdd,0xdb,0xd6,0xdd,0xdb,0xd6,0xdd,0xdb,0xd6,0xdd,0xdb,0xd6,0xdd,
  0xdb,0xd6,0xdd,0xdb,0xd6,0xdd,0xdb,0xd6,0xdd,0xdb,0xd6,0xdd,0xdb,0xd6,0xdd,0xdb,
  0xd6,0xdd,0xdb,0xd6,0xdd,0xdb,0xd6,0xdd,0xdb,0xd6,0xdd,0xdb,0xd6,0xdd,0xdb,0xd6,
  0xdd,0xdb,0xd6,0xdd,0xdb,0xd6,0xdd,0xdb,0xd6,0xdd,0xdb,0xd6,0xdd,0xdb,0xd6,0xdd,
  0xdb,0xd6,0xdd,0xdb,0xd6,0xdd,0xdb,0xd6,0xdd,0xdb,0xd6,0xdd,0xdb,0xd6,0xdd,0xdb,
  0xd6,0xdd,0xdb,0xd6,0xdd,0xdb,0xd6,0xdd,0xdb,0xd6,0xdd,0xdb,0xd6,0xdd,0xdb,0xd6,
  0xdd,0xdb,0xd6,0xdd,0xdb,0xd6,0xdd,0xdb,0xd6,0xdd,0xdb,0xd6,0xdd,0xdb,0xd6,0xdd,
  0xdb,0xd6,0xdd,0xdb,0xd6,0xdd,0xdb,0xd6,0xdd,0xdb,0xd6,0xdd,0xdb,0xd6,0xdd,0xdb,
  0xd6,0xdd,0xdb,0xd6,0xdd,0xdb,0xd6,0xdd,0xdb,0xd6,0xdd,0xdb,0xd6,0xdd,0xdb,0xd6,
  0xdd,0xdb,0xd6,0xdd,0xdb,0xd6,0xdd,0xdb,0xd6,0xdd,0xdb,0xd6,0xdd,0xdb,0xd6,0xdd,
  0xdb,0xd6,0xdd,0xdb,0xd6,0xdd,0xdb,0xd6,0xdd,0xdb,0xd6,0xdd,0xdb,0xd6,0xdd,0xdb,
  0xd6,0xdd,0xdb,0xd6,0xdd,0xdb,0xd6,0xdd,0xdb,0xd6,0xdd,0xdb,0xd6,0xdd,0xdb,0xd6,
  0xdd,0xdb,0xd6,0xdd,0xdb,0xd6,0xdd,0xdb,0xd6,0xdd,0xdb,0xd6,0xdd,0xdb,0xd6,0xdd,
  0xdb,0xd6,0xdd,0xdb,0xd6,0xdd,0xdb,0xd6,0xdd,0xdb,0xd6,0xdd,0xdb,0xd6,0xdd,0xdb,
  0xd6,0xdd,0xdb,0xd6,0xdd,0xdb,0xd6,0xdd,0xdb,0xd6,0xdd,0xdb,0xd6,0xdd,0xdb,0xd6,
  0xdd,0xdb,0xd6,0xdd,0xdb,0xd6,0xdd,0xdb,0xd6,0xdd,0xdb,0xd6,0xdd,0xdb,0xd6,0xdd,
  0xdb,0xd6,0xdd,0xdb,0xd6,0xdd,0xdb,0xd6,0xdd,0xdb,0xd6,0xdd,0xdb,0xd6,0xdd,0xdb,
  0xd6,0xdd,0xdb,0xd6,0xdd,0xdb,0xd6,0xdd,0xdb,0xd6,0xdd,0xdb,0xd6,0xdd,0xdb,0xd6,
  0xdd,0xdb,0xd6,0xdd,0xdb,0xd6,0xdd,0xdb,0xd6,0xdd,0xdb,0xd6,0xdd,0xdb,0xd6,0xdd,
  0xdb,0xd6,0xdd,0xdb,0xd6,0xdd,0xdb,0xd6,0xdd,0xdb,0xd6,0xdd,0xdb,0xd6,0xdd,0xdb,
  0xd6,0xdd,0xdb,0xd6,0xdd,0xdb,0xd6,0xdd,0xdb,0xd6,0xdd,0xdb,0xd6,0xdd,0xdb,0xd6,
  0xdd,0xdb,0xd6,0xdd,0xdb,0xd6,0xdd,0xdb,0xd6,0xdd,0xdb,0xd6,0xdd,0xdb,0xd6,0xdd,
  0xdb,0xd6,0xdd,0xdb,0xd6,0xdd,0xdb,0xd6,0xdd,0xdb,0xd6,0xdd,0xdb,0xd6,0xdd,0xdb,
  0xd6,0xdd,0xdb,0xd6,0xdd,0xdb,0xd6,0xdd,0xdb,0xd6,0xdd,0xdb,0xd6,0xdd,0xdb,0xd6,
  0xdd,0xdb,0xd6,0xdd,0xdb,0xd6,0xdd,0xdb,0xd6,0xdd,0xdb,0xd6,0xdd,0xdb,0xd6,0xdd,
  0xdb,0xd6,0xdd,0xdb,0xd6,0xdd,0xdb,0xd6,0xdd,0xdb,0xd6,0xdd,0xdb,0xd6,0xdd,0xdb,
  0xd6,0xdd,0xdb,0xd6,0xdd,0xdb,0xd6,0xdd,0xdb,0xd6,0xdd,0xdb,0xd6,0xdd,0xdb,0xd6,
  0xdd,0xdb,0xd6,0xdd,0xdb,0xd6,0xdd,0xdb,0xd6,0xdd,0xdb,0xd6,0xdd,0xdb,0xd6,0xdd,
  0xdb,0xd6,0xdd,0xdb,0xd6,0xdd,0xdb,0xd6,0xdd,0xdb,0xd6,0xdd,0xdb,0xd6,0xdd,0xdb,
  0xd6,0xdd,0xdb,0xd6,0xdd,0xdb,0xd6,0xdd,0xdb,0xd6,0xdd,0xdb,0xd6,0xdd,0xdb,0xd6,
  0xdd,0xdb,0xd6,0xdd,0xdb,0xd6,0xdd,0xdb,0xd6,0xdd,0xdb,0xd6,0xdd,0xdb,0xd6,0xdd,
  0xdb,0xd6,0xdd,0xdb,0xd6,0xdd,0xdb,0xd6,0xdd,0xdb,0xd6,0xdd,0xdb,0xd6,0xdd,0xdb,
  0xd6,0xdd,0xdb,0xd6,0xdd,0xdb,0xd6,0xdd,0xdb,0xd6,0xdd,0xdb,0xd6,0xdd,0xdb,0xd6,
  0xdd,0xdb,0xd6,0xdd,0xdb,0xd6,0xdd,0xdb,0xd6,0xdd,0xdb,0xd6,0xdd,0xdb,0xd6,0xdd,
  0xdb,0xd6,0xdd,0xdb,0xd6,0xdd,0xdb,0xd6,0xdd,0xdb,0xd6,0xdd,0xdb,0xd6,0xdd,0xdb,
  0xd6,0xdd,0xdb,0xd6,0xdd,0xdb,0xd6,0xdd,0xdb,0xd6,0xdd,0xdb,0xd6,0xdd,0xdb,0xd6,
  0xdd,0xdb,0xd6,0xdd,0xdb,0xd6,0xdd,0xdb,0xd6,0xdd,0xdb,0xd6,0xdd,0xdb,0xd6,0xdd,
  0xdb,0xd6,0xdd,0xdb,0xd6,0xdd,0xdb,0xd6,0xdd,0xdb,0xd6,0xdd,0xdb,0xd6,0xdd,0xdb,
  0xd6,0xdd,0xdb,0xd6,0xdd,0xdb,0xd6,0xdd,0xdb,0xd6,0xdd,0xdb,0xd6,0xdd,0xdb,0xd6,
  0xdd,0xdb,0xd6,0xdd,0xdb,0xd6,0xdd,0xdb,0xd6,0xdd,0xdb,0xd6,0xdd,0xdb,0xd6,0xdd,
  0xdb,0xd6,0xdd,0xdb,0xd6,0xdd,0xdb,0xd6,0xdd,0xdb,0xd6,0xdd,0xdb,0xd6,0xdd,0xdb,
  0xd6,0xdd,0xdb,0xd6,0xdd,0xdb,0xd6,0xdd,0xdb,0xd6,0xdd,0xdb,0xd6,0xdd,0xdb,0xd6,
  0xdd,0xdb,0xd6,0xdd,0xdb,0xd6,0xdd,0xdb,0xd6,0xdd,0xdb,0xd6,0xdd,0xdb,0xd6,0xdd,
  0xdb,0xd6,0xdd,0xdb,0xd6,0xdd,0xdb,0xd6,0xdd,0xdb,0xd6,0xdd,0xdb,0xd6,0xdd,0xdb,
  0xd6,0xdd,0xdb,0xd6,0xdd,0xdb,0xd6,0xdd,0xdb,0xd6,0xdd,0xdb,0xd6,0xdd,0xdb,0xd6,
  0xdd,0xdb,0xd6,0xdd,0xdb,0xd6,0xdd,0xdb,0xd6,0xdd,0xdb,0xd6,0xdd,0xdb,0xd6,0xdd,
  0xdb,0xd6,0xdd,0xdb,0xd6,0xdd,0xdb,0xd6,0xdd,0xdb,0xd6,0xdd,0xdb,0xd6,0xdd,0xdb,
  0xd6,0xdd,0xdb,0xd6,0xdd,0xdb,0xd6,0xdd,0xdb,0xd6,0xdd,0xdb,0xd6,0xdd,0xdb,0xd6,
  0xdd,0xdb,0xd6,0xdd,0xdb,0xd6,0xdd,0xdb,0xd6,0xdd,0xdb,0xd6,0xdd,0xdb,0xd6,0xdd,
  0xdb,0xd6,0xdd,0xdb,0xd6,0xdd,0xdb,0xd6,0xdd,0xdb,0xd6,0xdd,0xdb,0xd6,0xdd,0xdb,
  0xd6,0xdd,0xdb,0xd6,0xdd,0xdb,0xd6,0xdd,0xdb,0xd6,0xdd,0xdb,0xd6,0xdd,0xdb,0xd6,
  0xdd,0xdb,0xd6,0xdd,0xdb,0xd6,0xdd,0xdb,0xd6,0xdd,0xdb,0xd6,0xdd,0xdb,0xd6,0xdd,
  0xdb,0xd6,0xdd,0xdb,0xd6,0xdd,0xdb,0xd6,0xdd,0xdb,0xd6,0xdd,0xdb,0xd6,0xdd,0xdb,
  0xd6,0xdd,0xdb,0xd6,0xdd,0xdb,0xd6,0xdd,0xdb,0xd6,0xdd,0xdb,0xd6,0xdd,0xdb,0xd6,
  0xdd,0xdb,0xd6,0xdd,0xdb,0xd6,0xdd,0xdb,0xd6,0xdd,0xdb,0xd6,0xdd,0xdb,0xd6,0xdd,
  0xdb,0xd6,0xdd,0xdb,0xd6,0xdd,0xdb,0xd6,0xdd,0xdb,0xd6,0xdd,0xdb,0xd6,0xdd,0xdb,
  0xd6,0xdd,0xdb,0xd6,0xdd,0xdb,0xd6,0xdd,0xdb,0xd6,0xdd,0xdb,0xd6,0xdd,0xdb,0xd6,
  0xdd,0xdb,0xd6,0xdd,0xdb,0xd6,0xdd,0xdb,0xd6,0xdd,0xdb,0xd6,0xdd,0xdb,0xd6,0xdd,
  0xdb,0xd6,0xdd,0xdb,0xd6,0xdd,0xdb,0xd6,0xdd,0xdb,0xd6,0xdd,0xdb,0xd6,0xdd,0xdb,
  0xd6,0xdd,0xdb,0xd6,0xdd,0xdb,0xd6,0xdd,0xdb,0xd6,0xdd,0xdb,0xd6,0xdd,0xdb,0xd6,
  0xdd,0xdb,0xd6,0xdd,0xdb,0xd6,0xdd,0xdb,0xd6,0xdd,0xdb,0xd6,0xdd,0xdb,0xd6,0xdd,
  0xdb,0xd6,0xdd,0xdb,0xd6,0xdd,0xdb,0xd6,0xdd,0xdb,0xd6,0xdd,0xdb,0xd6,0xdd,0xdb,
  0xd6,0xdd,0xdb,0xd6,0xdd,0xdb,0xd6,0xdd,0xdb,0xd6,0xdd,0xdb,0xd6,0xdd,0xdb,0xd6,
  0xdd,0xdb,0xd6,0xdd,0xdb,0xd6,0xdd,0xdb,0xd6,0xdd,0xdb,0xd6,0xdd,0xdb,0xd6,0xdd,
  0xdb,0xd6,0xdd,0xdb,0xd6,0xdd,0xdb,0xd6,0xdd,0xdb,0xd6,0xdd,0xdb,0xd6,0xdd,0xdb,
  0xd6,0xdd,0xdb,0xd6,0xdd,0xdb,0xd6,0xdd,0xdb,0xd6,0xdd,0xdb,0xd6,0xdd,0xdb,0xd6,
  0xdd,0xdb,0xd6,0xdd,0xdb,0xd6,0xdd,0xdb,0xd6,0xdd,0xdb,0xd6,0xdd,0xdb,0xd6,0xdd,
  0xdb,0xd6,0xdd,0xdb,0xd6,0xdd,0xdb,0xd6,0xdd,0xdb,0xd6,0xdd,0xdb,0xd6,0xdd,0xdb,
  0xd6,0xdd,0xdb,0xd6,0xdd,0xdb,0xd6,0xdd,0xdb,0xd6,0xdd,0xdb,0xd6,0xdd,0xdb,0xd6,
  0xdd,0xdb,0xd6,0xdd,0xdb,0xd6,0xdd,0xdb,0xd6,0xdd,0xdb,0xd6,0xdd,0xdb,0xd6,0xdd,
  0xdb,0xd6,0xdd,0xdb,0xd6,0xdd,0xdb,0xd6,0xdd,0xdb,0xd6,0xdd,0xdb,0xd6,0xdd,0xdb,
  0xd6,0xdd,0xdb,0xd6,0xdd,0xdb,0xd6,0xdd,0xdb,0xd6,0xdd,0xdb,0xd6,0xdd,0xdb,0xd6,
  0xdd,0xdb,0xd6,0xdd,0xdb,0xd6,0xdd,0xdb,0xd6,0xdd,0xdb,0xd6,0xdd,0xdb,0xd6,0xdd,
  0xdb,0xd6,0xdd,0xdb,0xd6,0xdd,0xdb,0xd6,0xdd,0xdb,0xd6,0xdd,0xdb,0xd6,0xdd,0xdb,
  0xd6,0xdd,0xdb,0xd6,0xdd,0xdb,0xd6,0xdd,0xdb,0xd6,0xdd,0xdb,0xd6,0xdd,0xdb,0xd6,
  0xdd,0xdb,0xd6,0xdd,0xdb,0xd6,0xdd,0xdb,0xd6,0xdd,0xdb,0xd6,0xdd,0xdb,0xd6,0xdd,
  0xdb,0xd6,0xdd,0xdb,0xd6,0xdd,0xdb,0xd6,0xdd,0xdb,0xd6,0xdd,0xdb,0xd6,0xdd,0xdb,
  0xd6,0xdd,0xdb,0xd6,0xdd,0xdb,0xd6,0xdd,0xdb,0xd6,0xdd,0xdb,0xd6,0xdd,0xdb,0xd6,
  0xdd,0xdb,0xd6,0xdd,0xdb,0xd6,0xdd,0xdb,0xd6,0xdd,0xdb,0xd6,0xdd,0xdb,0xd6,0xdd,
  0xdb,0xd6,0xdd,0xdb,0xd6,0xdd,0xdb,0xd6,0xdd,0xdb,0xd6,0xdd,0xdb,0xd6,0xdd,0xdb,
  0xd6,0xdd,0xdb,0xd6,0xdd,0xdb,0xd6,0xdd,0xdb,0xd6,0xdd,0xdb,0xd6,0xdd,0xdb,0xd6,
  0xdd,0xdb,0xd6,0xdd,0xdb,0xd6,0xdd,0xdb,0xd6,0xdd,0xdb,0xd6,0xdd,0xdb,0xd6,0xdd,
  0xdb,0xd6,0xdd,0xdb,0xd6,0xdd,0xdb,0xd6,0xdd,0xdb,0xd6,0xdd,0xdb,0xd6,0xdd,0xdb,
  0xd6,0xdd,0xdb,0xd6,0xdd,0xdb,0xd6,0xdd,0xdb,0xd6,0xdd,0xdb,0xd6,0xdd,0xdb,0xd6,
  0xdd,0xdb,0xd6,0xdd,0xdb,0xd6,0xdd,0xdb,0xd6,0xdd,0xdb,0xd6,0xdd,0xdb,0xd6,0xdd,
  0xdb,0xd6,0xdd,0xdb,0xd6,0xdd,0xdb,0xd6,0xdd,0xdb,0xd6,0xdd,0xdb,0xd6,0xdd,0xdb,
  0xd6,0xdd,0xdb,0xd6,0xdd,0xdb,0xd6,0xdd,0xdb,0xd6,0xdd,0xdb,0xd6,0xdd,0xdb,0xd6,
  0xdd,0xdb,0xd6,0xdd,0xdb,0xd6,0xdd,0xdb,0xd6,0xdd,0xdb,0xd6,0xdd,0xdb,0xd6,0xdd,
  0xdb,0xd6,0xdd,0xdb,0xd6,0xdd,0xdb,0xd6,0xdd,0xdb,0xd6,0xdd,0xdb,0xd6,0xdd,0xdb,
  0xd6,0xdd,0xdb,0xd6,0xdd,0xdb,0xd6,0xdd,0xdb,0xd6,0xdd,0xdb,0xd6,0xdd,0xdb,0xd6,
  0xdd,0xdb,0xd6,0xdd,0xdb,0xd6,0xdd,0xdb,0xd6,0xdd,0xdb,0xd6,0xdd,0xdb,0xd6,0xdd,
  0xdb,0xd6,0xdd,0xdb,0xd6,0xdd,0xdb,0xd6,0xdd,0xdb,0xd6,0xdd,0xdb,0xd6,0xdd,0xdb,
  0xd6,0xdd,0xdb,0xd6,0xdd,0xdb,0xd6,0xdd,0xdb,0xd6,0xdd,0xdb,0xd6,0xdd,0xdb,0xd6,
  0xdd,0xdb,0xd6,0xdd,0xdb,0xd6,0xdd,0xdb,0xd6,0xdd,0xdb,0xd6,0xdd,0xdb,0xd6,0xdd,
  0xdb,0xd6,0xdd,0xdb,0xd6,0xdd,0xdb,0xd6,0xdd,0xdb,0xd6,0xdd,0xdb,0xd6,0xdd,0xdb,
  0xd6,0xdd,0xdb,0xd6,0xdd,0xdb,0xd6,0xdd,0xdb,0xd6,0xdd,0xdb,0xd6,0xdd,0xdb,0xd6,
  0xdd,0xdb,0xd6,0xdd,0xdb,0xd6,0xdd,0xdb,0xd6,0xdd,0xdb,0xd6,0xdd,0xdb,0xd6,0xdd,
  0xdb,0xd6,0xdd,0xdb,0xd6,0xdd,0xdb,0xd6,0xdd,0xdb,0xd6,0xdd,0xdb,0xd6,0xdd,0xdb,
  0xd6,0xdd,0xdb,0xd6,0xdd,0xdb,0xd6,0xdd,0xdb,0xd6,0xdd,0xdb,0xd6,0xdd,0xdb,0xd6,
  0xdd,0xdb,0xd6,0xdd,0xdb,0xd6,0xdd,0xdb,0xd6,0xdd,0xdb,0xd6,0xdd,0xdb,0xd6,0xdd,
  0xdb,0xd6,0xdd,0xdb,0xd6,0xdd,0xdb,0xd6,0xdd,0xdb,0xd6,0xdd,0xdb,0xd6,0xdd,0xdb,
  0xd6,0xdd,0xdb,0xd6,0xdd,0xdb,0xd6,0xdd,0xdb,0xd6,0xdd,0xdb,0xd6,0xdd,0xdb,0xd6,
  0xdd,0xdb,0xd6,0xdd,0xdb,0xd6,0xdd,0xdb,0xd6,0xdd,0xdb,0xd6,0xdd,0xdb,0xd6,0xdd,
  0xdb,0xd6,0xdd,0xdb,0xd6,0xdd,0xdb,0xd6,0xdd,0xdb,0xd6,0xdd,0xdb,0xd6,0xdd,0xdb,
  0xd6,0xdd,0xdb,0xd6,0xdd,0xdb,0xd6,0xdd,0xdb,0xd6,0xdd,0xdb,0xd6,0xdd,0xdb,0xd6,
  0xdd,0xdb,0xd6,0xdd,0xdb,0xd6,0xdd,0xdb,0xd6,0xdd,0xdb,0xd6,0xdd,0xdb,0xd6,0xdd,
  0xdb,0xd6,0xdd,0xdb,0xd6,0xdd,0xdb,0xd6,0xdd,0xdb,0xd6,0xdd,0xdb,0xd6,0xdd,0xdb,
  0xd6,0xdd,0xdb,0xd6,0xdd,0xdb,0xd6,0xdd,0xdb,0xd6,0xdd,0xdb,0xd6,0xdd,0xdb,0xd6,
  0xdd,0xdb,0xd6,0xdd,0xdb,0xd6,0xdd,0xdb,0xd6,0xdd,0xdb,0xd6,0xdd,0xdb,0xd6,0xdd,
  0xdb,0xd6,0xdd,0xdb,0xd6,0xdd,0xdb,0xd6,0xdd,0xdb,0xd6,0xdd,0xdb,0xd6,0xdd,0xdb,
  0xd6,0xdd,0xdb,0xd6,0xdd,0xdb,0xd6,0xdd,0xdb,0xd6,0xdd,0xdb,0xd6,0xdd,0xdb,0xd6,
  0xdd,0xdb,0xd6,0xdd,0xdb,0xd6,0xdd,0xdb,0xd6,0xdd,0xdb,0xd6,0xdd,0xdb,0xd6,0xdd,
  0xdb,0xd6,0xdd,0xdb,0xd6,0xdd,0xdb,0xd6,0xdd,0xdb,0xd6,0xdd,0xdb,0xd6,0xdd,0xdb,
  0xd6,0xdd,0xdb,0xd6,0xdd,0xdb,0xd6,0xdd,0xdb,0xd6,0xdd,0xdb,0xd6,0xdd,0xdb,0xd6,
  0xdd,0xdb,0xd6,0xdd,0xdb,0xd6,0xdd,0xdb,0xd6,0xdd,0xdb,0xd6,0xdd,0xdb,0xd6,0xdd,
  0xdb,0xd6,0xdd,0xdb,0xd6,0xdd,0xdb,0xd6,0xdd,0xdb,0xd6,0xdd,0xdb,0xd6,0xdd,0xdb,
  0xd6,0xdd,0xdb,0xd6,0xdd,0xdb,0xd6,0xdd,0xdb,0xd6,0xdd,0xdb,0xd6,0xdd,0xdb,0xd6,
  0xdd,0xdb,0xd6,0xdd,0xdb,0xd6,0xdd,0xdb,0xd6,0xdd,0xdb,0xd6,0xdd,0xdb,0xd6,0xdd,
  0xdb,0xd6,0xdd,0xdb,0xd6,0xdd,0xdb,0xd6,0xdd,0xdb,0xd6,0xdd,0xdb,0xd6,0xdd,0xdb,
  0xd6,0xdd,0xdb,0xd6,0xdd,0xdb,0xd6,0xdd,0xdb,0xd6,0xdd,0xdb,0xd6,0xdd,0xdb,0xd6,
  0xdd,0xdb,0xd6,0xdd,0xdb,0xd6,0xdd,0xdb,0xd6,0xdd,0xdb,0xd6,0xdd,0x0,0x0,0x0,
  0x0,0x0,0x0,0x0,0x0,0x0,0x0,0x0,0x0,0x0,0x0,0x0,0x0,0x0,0x0,0x0,
  0x0,0x0,0x0,0x0,0x0,0x0,0x0,0x0,0x0,0x0,0x0,0x0,0x0,0x0,0x0,0x0,
  0x0,0x0,0x0,0x0,0x0,0x0,0x0,0x0,0x0,0x0,0x0,0x0,0x0,0x0,0x0,0x0,
  0x0,0x0,0x0,0x0,0x0,0x0,0x0,0x0,0x0,0x0,0x0,0x0,0x0,0x0,0x0,0x0,
  0x0,0x0,0x0,0x0,0x0,0x0,0x0,0x0,0x0,0x0,0x0,0x0,0x0,0x0,0x0,0x0,
  0x0,0x0,0x0,0x0,0x0,0x0,0x0,0x0,0x0,0x0,0x0,0x0,0x0,0x0,0x0,0x0,
  0x0,0x0,0x0,0x0,0x0,0x0,0x0,0x0,0x0,0x0,0x0,0x0,0x0,0x0,0x0,0x0,
  0x0,0x0,0x0,0x0,0x0,0x0,0x0,0x0,0x0,0x0,0x0,0x0,0x0,0x0,0x0,0x0,
  0x0,0x0,0x0,0x0,0x0,0x0,0x0,0x0,0x0,0x0,0x0,0x0,0x0,0x0,0x0,0x0,
  0x0,0x0,0x0,0x0,0x0,0x0,0x0,0x0,0x0,0x0,0x0,0x0,0x0,0x0,0x0,0x0,
  0x0,0x0,0x0,0x0,0x0,0x0,0x0,0x0,0x0,0x0,0x0,0x0,0x0,0x0,0x0,0x0,
  0x0,0x0,0x0,0x0,0x0,0x0,0x0,0x0,0x0,0x0,0x0,0x0,0x0,0x0,0x0,0x0,
  0x0,0x0,0x0,0x0,0x0,0x0,0x0,0x0,0x0,0x0,0x0,0x0,0x0,0x0,0x0,0x0,
  0x0,0x0,0x0,0x0,0x0,0x0,0x0,0x0,0x0,0x0,0x0,0x0,0x0,0x0,0x0,0x0,
  0x0,0x0,0x0,0x0,0x0,0x0,0x0,0x0,0x0,0x0,0x0,0x0,0x0,0x0,0x0,0x0,
  0x0,0x0,0x0,0x0,0x0,0x0,0x0,0x0,0x0,0x0,0x0,0x0,0x0,0x0,0x0,0x0,
  0x0,0x0,0x0,0x0,0x0,0x0,0x0,0x0,0x0,0x0,0x0,0x0,0x0,0x0,0x0,0x0,
  0x0,0x0,0x0,0x0,0x0,0x0,0x0,0x0,0x0,0x0,0x0,0x0,0x0,0x0,0x0,0x0,
  0x0,0x0,0x0,0x0,0x0,0x0,0x0,0x0,0x0,0x0,0x0,0x0,0x0,0x0,0x0,0x0,
  0x0,0x0,0x0,0x0,0x0,0x0,0x0,0x0,0x0,0x0,0x0,0x0,0x0,0x0,0x0,0x0,
  0x0,0x0,0x0,0x0,0x0,0x0,0x0,0x0,0x0,0x0,0x0,0x0,0x0,0x0,0x0,0x0,
  0x0,0x0,0x0,0x0,0x0,0x0,0x0,0x0,0x0,0x0,0x0,0x0,0x0,0x0,0x0,0x0,
  0x0,0x0,0x0,0x0,0x0,0x0,0x0,0x0,0x0,0x0,0x0,0x0,0x0,0x0,0x0,0x0,
  0x0,0x0,0x0,0x0,0x0,0x0,0x0,0x0,0x0,0x0,0x0,0x0,0x0,0x0,0x0,0x0,
  0x0,0x0,0x0,0x0,0x0,0x0,0x0,0x0,0x0,0x0,0x0,0x0,0x0,0x0,0x0,0x0,
  0x0,0x0,0x0,0x0,0x0,0x0,0x0,0x0,0x0,0x0,0x0,0x0,0x0,0x0,0x0,0x0,
  0x0,0x0,0x0,0x0,0x0,0x0,0x0,0x0,0x0,0x0,0x0,0x0,0x0,0x0,0x0,0x0,
  0x0,0x0,0x0,0x0,0x0,0x0,0x0,0x0,0x0,0x0,0x0,0x0,0x0,0x0,0x0,0x0,
  0x0,0x0,0x0,0x0,0x0,0x0,0x0,0x0,0x0,0x0,0x0,0x0,0x0,0x0,0x0,0x0,
  0x0,0x0,0x0,0x0,0x0,0x0,0x0,0x0,0x0,0x0,0x0,0x0,0x0,0x0,0x0,0x0,
  0x0,0x0,0x0,0x0,0x0,0x0,0x0,0x0,0x0,0x0,0x0,0x0,0x0,0x0,0x0,0x0,
  0x0,0x0,0x0,0x0,0x0,0x0,0x0,0x0,0x0,0x0,0x0,0x0,0x0,0x0,0x0,0x0,
  0x0,0x0,0x0,0x0,0x0,0x0,0x0,0x0,0x0,0x0,0x0,0x0,0x0,0x0,0x0,0x0,
  0x0,0x0,0x0,0x0,0x0,0x0,0x0,0x0,0x0,0x0,0x0,0x0,0x0,0x0,0x0,0x0,
  0x0,0x0,0x0,0x0,0x0,0x0,0x0,0x0,0x0,0x0,0x0,0x0,0x0,0x0,0x0,0x0,
  0x0,0x0,0x0,0x0,0x0,0x0,0x0,0x0,0x0,0x0,0x0,0x0,0x0,0x0,0x0,0x0,
  0x0,0x0,0x0,0x0,0x0,0x0,0x0,0x0,0x0,0x0,0x0,0x0,0x0,0x0,0x0,0x0,
  0x0,0x0,0x0,0x0,0x0,0x0,0x0,0x0,0x0,0x0,0x0,0x0,0x0,0x0,0x0,0x0,
  0x0,0x0,0x0,0x0,0x0,0x0,0x0,0x0,0x0,0x0,0x0,0x0,0x0,0x0,0x0,0x0,
  0x0,0x0,0x0,0x0,0x0,0x0,0x0,0x0,0x0,0x0,0x0,0x0,0x0,0x0,0x0,0x0,
  0x0,0x0,0x0,0x0,0x0,0x0,0x0,0x0,0x0,0x0,0x0,0x0,0x0,0x0,0x0,0x0,
  0x0,0x0,0x0,0x0,0x0,0x0,0x0,0x0,0x0,0x0,0x0,0x0,0x0,0x0,0x0,0x0,
  0x0,0x0,0x0,0x0,0x0,0x0,0x0,0x0,0x0,0x0,0x0,0x0,0x0,0x0,0x0,0x0,
  0x0,0x0,0x0,0x0,0x0,0x0,0x0,0x0,0x0,0x0,0x0,0x0,0x0,0x0,0x0,0x0,
  0x0,0x0,0x0,0x0,0x0,0x0,0x0,0x0,0x0,0x0,0x0,0x0,0x0,0x0,0x0,0x0,
  0x0,0x0,0x0,0x0,0x0,0x0,0x0,0x0,0x0,0x0,0x0,0x0,0x0,0x0,0x0,0x0,
  0x0,0x0,0x0,0x0,0x0,0x0,0x0,0x0,0x0,0x0,0x0,0x0,0x0,0x0,0x0,0x0,
  0x0,0x0,0x0,0x0,0x0,0x0,0x0,0x0,0x0,0x0,0x0,0x0,0x0,0x0,0x0,0x0,
  0x0,0x0,0x0,0x0,0x0,0x0,0x0,0x0,0x0,0x0,0x0,0x0,0x0,0x0,0x0,0x0,
  0x0,0x0,0x0,0x0,0x0,0x0,0x0,0x0,0x0,0x0,0x0,0x0,0x0,0x0,0x0,0x0,
  0x0,0x0,0x0,0x0,0x0,0x0,0x0,0x0,0x0,0x0,0x0,0x0,0x0,0x0,0x0,0x0,
  0x0,0x0,0x0,0x0,0x0,0x0,0x0,0x0,0x0,0x0,0x0,0x0,0x0,0x0,0x0,0x0,
  0x0,0x0,0x0,0x0,0x0,0x0,0x0,0x0,0x0,0x0,0x0,0x0,0x0,0x0,0x0,0x0,
  0x0,0x0,0x0,0x0,0x0,0x0,0x0,0x0,0x0,0x0,0x0,0x0,0x0,0x0,0x0,0x0,
  0x0,0x0,0x0,0x0,0x0,0x0,0x0,0x0,0x0,0x0,0x0,0x0,0x0,0x0,0x0,0x0,
  0x0,0x0,0x0,0x0,0x0,0x0,0x0,0x0,0x0,0x0,0x0,0x0,0x0,0x0,0x0,0x0,
  0x0,0x0,0x0,0x0,0x0,0x0,0x0,0x0,0x0,0x0,0x0,0x0,0x0,0x0,0x0,0x0,
  0x0,0x0,0x0,0x0,0x0,0x0,0x0,0x0,0x0,0x0,0x0,0x0,0x0,0x0,0x0,0x0,
  0x0,0x0,0x0,0x0,0x0,0x0,0x0,0x0,0x0,0x0,0x0,0x0,0x0,0x0,0x0,0x0,
  0x0,0x0,0x0,0x0,0x0,0x0,0x0,0x0,0x0,0x0,0x0,0x0,0x0,0x0,0x0,0x0,
  0x0,0x0,0x0,0x0,0x0,0x0,0x0,0x0,0x0,0x0,0x0,0x0,0x0,0x0,0x0,0x0,
  0x0,0x0,0x0,0x0,0x0,0x0,0x0,0x0,0x0,0x0,0x0,0x0,0x0,0x0,0x0,0x0,
  0x0,0x0,0x0,0x0,0x0,0x0,0x0,0x0,0x0,0x0,0x0,0x0,0x0,0x0,0x0,0x0,
  0x0,0x0,0x0,0x0,0x0,0x0,0x0,0x0,0x0,0x0,0x0,0x0,0x0,0x0,0x0,0x0,
  0x0,0x0,0x0,0x0,0x0,0x0,0x0,0x0,0x0,0x0,0x0,0x0,0x0,0x0,0x0,0x0,
  0x0,0x0,0x0,0x0,0x0,0x0,0x0,0x0,0x0,0x0,0x0,0x0,0x0,0x0,0x0,0x0,
  0x0,0x0,0x0,0x0,0x0,0x0,0x0,0x0,0x0,0x0,0x0,0x0,0x0,0x0,0x0,0x0,
  0x0,0x0,0x0,0x0,0x0,0x0,0x0,0x0,0x0,0x0,0x0,0x0,0x0,0x0,0x0,0x0,
  0x0,0x0,0x0,0x0,0x0,0x0,0x0,0x0,0x0,0x0,0x0,0x0,0x0,0x0,0x0,0x0,
  0x0,0x0,0x0,0x0,0x0,0x0,0x0,0x0,0x0,0x0,0x0,0x0,0x0,0x0,0x0,0x0,
  0x0,0x0,0x0,0x0,0x0,0x0,0x0,0x0,0x0,0x0,0x0,0x0,0x0,0x0,0x0,0x0,
  0x0,0x0,0x0,0x0,0x0,0x0,0x0,0x0,0x0,0x0,0x0,0x0,0x0,0x0,0x0,0x0,
  0x0,0x0,0x0,0x0,0x0,0x0,0x0,0x0,0x0,0x0,0x0,0x0,0x0,0x0,0x0,0x0,
  0x0,0x0,0x0,0x0,0x0,0x0,0x0,0x0,0x0,0x0,0x0,0x0,0x0,0x0,0x0,0x0,
  0x0,0x0,0x0,0x0,0x0,0x0,0x0,0x0,0x0,0x0,0x0,0x0,0x0,0x0,0x0,0x0,
  0x0,0x0,0x0,0x0,0x0,0x0,0x0,0x0,0x0,0x0,0x0,0x0,0x0,0x0,0x0,0x0,
  0x0,0x0,0x0,0x0,0x0,0x0,0x0,0x0,0x0,0x0,0x0,0x0,0x0,0x0,0x0,0x0,
  0x0,0x0,0x0,0x0,0x0,0x0,0x0,0x0,0x0,0x0,0x0,0x0,0x0,0x0,0x0,0x0,
  0x0,0x0,0x0,0x0,0x0,0x0,0x0,0x0,0x0,0x0,0x0,0x0,0x0,0x0,0x0,0x0,
  0x0,0x0,0x0,0x0,0x0,0x0,0x0,0x0,0x0,0x0,0x0,0x0,0x0,0x0,0x0,0x0,
  0x0,0x0,0x0,0x0,0x0,0x0,0x0,0x0,0x0,0x0,0x0,0x0,0x0,0x0,0x0,0x0,
  0x0,0x0,0x0,0x0,0x0,0x0,0x0,0x0,0x0,0x0,0x0,0x0,0x0,0x0,0x0,0x0,
  0x0,0x0,0x0,0x0,0x0,0x0,0x0,0x0,0x0,0x0,0x0,0x0,0x0,0x0,0x0,0x0,
  0x0,0x0,0x0,0x0,0x0,0x0,0x0,0x0,0x0,0x0,0x0,0x0,0x0,0x0,0x0,0x0,
  0x0,0x0,0x0,0x0,0x0,0x0,0x0,0x0,0x0,0x0,0x0,0x0,0x0,0x0,0x0,0x0,
  0x0,0x0,0x0,0x0,0x0,0x0,0x0,0x0,0x0,0x0,0x0,0x0,0x0,0x0,0x0,0x0,
  0x0,0x0,0x0,0x0,0x0,0x0,0x0,0x0,0x0,0x0,0x0,0x0,0x0,0x0,0x0,0x0,
  0x0,0x0,0x0,0x0,0x0,0x0,0x0,0x0,0x0,0x0,0x0,0x0,0x0,0x0,0x0,0x0,
  0x0,0x0,0x0,0x0,0x0,0x0,0x0,0x0,0x0,0x0,0x0,0x0,0x0,0x0,0x0,0x0,
  0x0,0x0,0x0,0x0,0x0,0x0,0x0,0x0,0x0,0x0,0x0,0x0,0x0,0x0,0x0,0x0,
  0x0,0x0,0x0,0x0,0x0,0x0,0x0,0x0,0x0,0x0,0x0,0x0,0x0,0x0,0x0,0x0,
  0x0,0x0,0x0,0x0,0x0,0x0,0x0,0x0,0x0,0x0,0x0,0x0,0x0,0x0,0x0,0x0,
  0x0,0x0,0x0,0x0,0x0,0x0,0x0,0x0,0x0,0x0,0x0,0x0,0x0,0x0,0x0,0x0,
  0x0,0x0,0x0,0x0,0x0,0x0,0x0,0x0,0x0,0x0,0x0,0x0,0x0,0x0,0x0,0x0,
  0x0,0x0,0x0,0x0,0x0,0x0,0x0,0x0,0x0,0x0,0x0,0x0,0x0,0x0,0x0,0x0,
  0x0,0x0,0x0,0x0,0x0,0x0,0x0,0x0,0x0,0x0,0x0,0x0,0x0,0x0,0x0,0x0,
  0x0,0x0,0x0,0x0,0x0,0x0,0x0,0x0,0x0,0x0,0x0,0x0,0x0,0x0,0x0,0x0,
  0x0,0x0,0x0,0x0,0x0,0x0,0x0,0x0,0x0,0x0,0x0,0x0,0x0,0x0,0x0,0x0,
  0x0,0x0,0x0,0x0,0x0,0x0,0x0,0x0,0x0,0x0,0x0,0x0,0x0,0x0,0x0,0x0,
  0x0,0x0,0x0,0x0,0x0,0x0,0x0,0x0,0x0,0x0,0x0,0x0,0x0,0x0,0x0,0x0,
  0x0,0x0,0x0,0x0,0x0,0x0,0x0,0x0,0x0,0x0,0x0,0x0,0x0,0x0,0x0,0x0,
  0x0,0x0,0x0,0x0,0x0,0x0,0x0,0x0,0x0,0x0,0x0,0x0,0x0,0x0,0x0,0x0,
  0x0,0x0,0x0,0x0,0x0,0x0,0x0,0x0,0x0,0x0,0x0,0x0,0x0,0x0,0x0,0x0,
  0x0,0x0,0x0,0x0,0x0,0x0,0x0,0x0,0x0,0x0,0x0,0x0,0x0,0x0,0x0,0x0,
  0x0,0x0,0x0,0x0,0x0,0x0,0x0,0x0,0x0,0x0,0x0,0x0,0x0,0x0,0x0,0x0,
  0x0,0x0,0x0,0x0,0x0,0x0,0x0,0x0,0x0,0x0,0x0,0x0,0x0,0x0,0x0,0x0,
  0x0,0x0,0x0,0x0,0x0,0x0,0x0,0x0,0x0,0x0,0x0,0x0,0x0,0x0,0x0,0x0,
  0x0,0x0,0x0,0x0,0x0,0x0,0x0,0x0,0x0,0x0,0x0,0x0,0x0,0x0,0x0,0x0,
  0x0,0x0,0x0,0x0,0x0,0x0,0x0,0x0,0x0,0x0,0x0,0x0,0x0,0x0,0x0,0x0,
  0x0,0x0,0x0,0x0,0x0,0x0,0x0,0x0,0x0,0x0,0x0,0x0,0x0,0x0,0x0,0x0,
  0x0,0x0,0x0,0x0,0x0,0x0,0x0,0x0,0x0,0x0,0x0,0x0,0x0,0x0,0x0,0x0,
  0x0,0x0,0x0,0x0,0x0,0x0,0x0,0x0,0x0,0x0,0x0,0x0,0x0,0x0,0x0,0x0,
  0x0,0x0,0x0,0x0,0x0,0x0,0x0,0x0,0x0,0x0,0x0,0x0,0x0,0x0,0x0,0x0,
  0x0,0x0,0x0,0x0,0x0,0x0,0x0,0x0,0x0,0x0,0x0,0x0,0x0,0x0,0x0,0x0,
  0x0,0x0,0x0,0x0,0x0,0x0,0x0,0x0,0x0,0x0,0x0,0x0,0x0,0x0,0x0,0x0,
  0x0,0x0,0x0,0x0,0x0,0x0,0x0,0x0,0x0,0x0,0x0,0x0,0x0,0x0,0x0,0x0,
  0x0,0x0,0x0,0x0,0x0,0x0,0x0,0x0,0x0,0x0,0x0,0x0,0x0,0x0,0x0,0x0,
  0x0,0x0,0x0,0x0,0x0,0x0,0x0,0x0,0x0,0x0,0x0,0x0,0x0,0x0,0x0,0x0,
  0x0,0x0,0x0,0x0,0x0,0x0,0x0,0x0,0x0,0x0,0x0,0x0,0x0,0x0,0x0,0x0,
  0x0,0x0,0x0,0x0,0x0,0x0,0x0,0x0,0x0,0x0,0x0,0x0,0x0,0x0,0x0,0x0,
  0x0,0x0,0x0,0x0,0x0,0x0,0x0,0x0,0x0,0x0,0x0,0x0,0x0,0x0,0x0,0x0,
  0x0,0x0,0x0,0x0,0x0,0x0,0x0,0x0,0x0,0x0,0x0,0x0,0x0,0x0,0x0,0x0,
  0x0,0x0,0x0,0x0,0x0,0x0,0x0,0x0,0x0,0x0,0x0,0x0,0x0,0x0,0x0,0x0,
  0x0,0x0,0x0,0x0,0x0,0x0,0x0,0x0,0x0,0x0,0x0,0x0,0x0,0x0,0x0,0x0,
  0x0,0x0,0x0,0x0,0x0,0x0,0x0,0x0,0x0,0x0,0x0,0x0,0x0,0x0,0x0,0x0,
  0x0,0x0,0x0,0x0,0x0,0x0,0x0,0x0,0x0,0x0,0x0,0x0,0x0,0x0,0x0,0x0,
  0x0,0x0,0x0,0x0,0x0,0x0,0x0,0x0,0x0,0x0,0x0,0x0,0x0,0x0,0x0,0x0,
  0x0,0x0,0x0,0x0,0x0,0x0,0x0,0x0,0x0,0x0,0x0,0x0,0x0,0x28,0x0,0x0,
  0x0,0x30,0x0,0x0,0x0,0x60,0x0,0x0,0x0,0x1,0x0,0x18,0x0,0x0,0x0,0x0,
  0x0,0x0,0x1b,0x0,0x0,0x0,0x0,0x0,0x0,0x0,0x0,0x0,0x0,0x0,0x0,0x0,
  0x0,0x0,0x0,0x0,0x0,0xdb,0xd6,0xdd,0xdb,0xd6,0xdd,0xdb,0xd6,0xdd,0xdb,0xd6,
  0xdd,0xdb,0xd6,0xdd,0xdb,0xd6,0xdd,0xdb,0xd6,0xdd,0xdb,0xd6,0xdd,0xdb,0xd6,0xdd,
  0xdb,0xd6,0xdd,0xdb,0xd6,0xdd,0xdb,0xd6,0xdd,0xdb,0xd6,0xdd,0xdb,0xd6,0xdd,0xdb,
  0xd6,0xdd,0xdb,0xd6,0xdd,0xdb,0xd6,0xdd,0xdb,0xd6,0xdd,0xdb,0xd6,0xdd,0xdb,0xd6,
  0xdd,0xdb,0xd6,0xdd,0xdb,0xd6,0xdd,0xdb,0xd6,0xdd,0xdb,0xd6,0xdd,0xdb,0xd6,0xdd,
  0xdb,0xd8,0xdf,0xdb,0xd8,0xdf,0xdb,0xd6,0xdd,0xdb,0xd6,0xdd,0xdb,0xd6,0xdd,0xdb,
  0xd6,0xdd,0xdb,0xd6,0xdd,0xdb,0xd6,0xdd,0xdb,0xd6,0xdd,0xdb,0xd6,0xdd,0xdb,0xd6,
  0xdd,0xdb,0xd6,0xdd,0xdb,0xd6,0xdd,0xdb,0xd6,0xdd,0xdb,0xd6,0xdd,0xdb,0xd6,0xdd,
  0xdb,0xd6,0xdd,0xdb,0xd6,0xdd,0xdb,0xd6,0xdd,0xdb,0xd6,0xdd,0xdb,0xd6,0xdd,0xdb,
  0xd6,0xdd,0xdb,0xd6,0xdd,0xdb,0xd6,0xdd,0xdb,0xd6,0xdd,0xdb,0xd6,0xdd,0xdb,0xd6,
  0xdd,0xdb,0xd6,0xdd,0xdb,0xd6,0xdd,0xdb,0xd6,0xdd,0xdb,0xd6,0xdd,0xdb,0xd6,0xdd,
  0xdb,0xd6,0xdd,0xdb,0xd6,0xdd,0xdb,0xd6,0xdd,0xdb,0xd6,0xdd,0xdb,0xd6,0xdd,0xdb,
  0xd6,0xdd,0xdb,0xd6,0xdd,0xdb,0xd6,0xdd,0xdb,0xd6,0xdd,0xdb,0xd6,0xdd,0xdb,0xd6,
  0xdd,0xdb,0xd6,0xdd,0xdb,0xd6,0xdd,0xdb,0xd6,0xdd,0xdb,0xd6,0xdd,0xdb,0xd7,0xde,
  0xd9,0xc7,0xce,0xdb,0xc6,0xce,0xdb,0xd7,0xde,0xdb,0xd6,0xdd,0xdb,0xd6,0xdd,0xdb,
  0xd6,0xdd,0xdb,0xd6,0xdd,0xdb,0xd6,0xdd,0xdb,0xd6,0xdd,0xdb,0xd6,0xdd,0xdb,0xd6,
  0xdd,0xdb,0xd6,0xdd,0xdb,0xd6,0xdd,0xdb,0xd6,0xdd,0xdb,0xd6,0xdd,0xdb,0xd6,0xdd,
  0xdb,0xd6,0xdd,0xdb,0xd6,0xdd,0xdb,0xd6,0xdd,0xdb,0xd6,0xdd,0xdb,0xd6,0xdd,0xdb,
  0xd6,0xdd,0xdb,0xd6,0xdd,0xdb,0xd6,0xdd,0xdb,0xd6,0xdd,0xdb,0xd6,0xdd,0xdb,0xd6,
  0xdd,0xdb,0xd6,0xdd,0xdb,0xd6,0xdd,0xdb,0xd6,0xdd,0xdb,0xd6,0xdd,0xdb,0xd6,0xdd,
  0xdb,0xd6,0xdd,0xdb,0xd6,0xdd,0xdb,0xd6,0xdd,0xdb,0xd6,0xdd,0xdb,0xd6,0xdd,0xdb,
  0xd6,0xdd,0xdb,0xd6,0xdd,0xdb,0xd6,0xdd,0xdb,0xd6,0xdd,0xdb,0xd6,0xdd,0xdb,0xd6,
  0xdd,0xdb,0xd6,0xdd,0xdb,0xd6,0xdd,0xdb,0xdb,0xe1,0xdb,0xd7,0xde,0xda,0xdd,0xe3,
  0xdd,0x62,0x6f,0xed,0x68,0x79,0xd9,0xde,0xe4,0xdb,0xd6,0xdd,0xdb,0xd6,0xdd,0xdb,
  0xd6,0xdd,0xdb,0xd6,0xdd,0xdb,0xd6,0xdd,0xdb,0xd6,0xdd,0xdb,0xd6,0xdd,0xdb,0xd6,
  0xdd,0xdb,0xd6,0xdd,0xdb,0xd6,0xdd,0xdb,0xd6,0xdd,0xdb,0xd6,0xdd,0xdb,0xd6,0xdd,
  0xdb,0xd6,0xdd,0xdb,0xd6,0xdd,0xdb,0xd6,0xdd,0xdb,0xd6,0xdd,0xdb,0xd6,0xdd,0xdb,
  0xd6,0xdd,0xdb,0xd6,0xdd,0xdb,0xd6,0xdd,0xdb,0xd6,0xdd,0xdb,0xd6,0xdd,0xdb,0xd6,
  0xdd,0xdb,0xd6,0xdd,0xdb,0xd6,0xdd,0xdb,0xd6,0xdd,0xdb,0xd6,0xdd,0xdb,0xd6,0xdd,
  0xdb,0xd6,0xdd,0xdb,0xd7,0xde,0xdb,0xda,0xe0,0xdb,0xd6,0xdd,0xdb,0xd6,0xdd,0xdb,
  0xd6,0xdd,0xdb,0xd6,0xdd,0xdb,0xd6,0xdd,0xdb,0xd6,0xdd,0xdb,0xd6,0xdd,0xdb,0xd6,
  0xdd,0xdb,0xd6,0xdd,0xda,0xd8,0xdf,0xde,0xa4,0xae,0xdd,0xca,0xd2,0xd8,0xdd,0xe3,
  0xe5,0x49,0x5c,0xf0,0x6c,0x80,0xd9,0xde,0xe4,0xdb,0xd6,0xdd,0xdb,0xd6,0xdd,0xdb,
  0xd6,0xdd,0xdb,0xd6,0xdd,0xdb,0xd6,0xdd,0xdb,0xd6,0xdd,0xdb,0xd6,0xdd,0xdb,0xd6,
  0xdd,0xdb,0xd6,0xdd,0xdb,0xd6,0xdd,0xdb,0xd6,0xdd,0xdb,0xd6,0xdd,0xdb,0xd6,0xdd,
  0xdb,0xd6,0xdd,0xdb,0xd6,0xdd,0xdb,0xd6,0xdd,0xdb,0xd6,0xdd,0xdb,0xd6,0xdd,0xdb,
  0xd6,0xdd,0xdb,0xd6,0xdd,0xdb,0xd6,0xdd,0xdb,0xd6,0xdd,0xdb,0xd6,0xdd,0xdb,0xd6,
  0xdd,0xdb,0xd6,0xdd,0xdb,0xd6,0xdd,0xdb,0xd6,0xdd,0xdb,0xd6,0xdd,0xdb,0xd6,0xdd,
  0xdb,0xd7,0xde,0xda,0xc8,0xd0,0xdc,0xb7,0xc0,0xdb,0xdd,0xe4,0xda,0xdb,0xe1,0xdb,
  0xd6,0xdd,0xdb,0xd6,0xdd,0xdb,0xd6,0xdd,0xdb,0xd6,0xdd,0xdb,0xd6,0xdd,0xdb,0xd6,
  0xdd,0xdb,0xd6,0xdd,0xd8,0xda,0xe0,0xe6,0x53,0x66,0xe1,0xb5,0xc0,0xd7,0xdb,0xe1,
  0xe7,0x3c,0x53,0xec,0x81,0x94,0xd9,0xde,0xe3,0xdb,0xd6,0xdd,0xdb,0xd6,0xdd,0xdb,
  0xd6,0xdd,0xdb,0xd6,0xdd,0xdb,0xd6,0xdd,0xdb,0xd6,0xdd,0xdb,0xd6,0xdd,0xdb,0xd6,
  0xdd,0xdb,0xd6,0xdd,0xdb,0xd6,0xdd,0xdb,0xd6,0xdd,0xdb,0xd6,0xdd,0xdb,0xd6,0xdd,
  0xdb,0xd6,0xdd,0xdb,0xd6,0xdd,0xdb,0xd6,0xdd,0xdb,0xd6,0xdd,0xdb,0xd6,0xdd,0xdb,
  0xd6,0xdd,0xdb,0xd6,0xdd,0xdb,0xd6,0xdd,0xdb,0xd6,0xdd,0xdb,0xd6,0xdd,0xdb,0xd6,
  0xdd,0xdb,0xd6,0xdd,0xdb,0xd6,0xdd,0xdb,0xd6,0xdd,0xdb,0xd6,0xdd,0xdb,0xd6,0xdd,
  0xda,0xdb,0xe2,0xde,0xab,0xb5,0xf3,0x3e,0x53,0xda,0xa4,0xaf,0xdf,0xa4,0xb0,0xdb,
  0xd9,0xe0,0xdb,0xd6,0xdd,0xdb,0xd6,0xdd,0xdb,0xd6,0xdd,0xdb,0xd6,0xdd,0xdb,0xd6,
  0xdd,0xdb,0xd6,0xdd,0xd8,0xd9,0xdf,0xe3,0x54,0x6b,0xe2,0xb8,0xc3,0xd6,0xd7,0xdd,
  0xe9,0x32,0x4f,0xe9,0x94,0xa7,0xd9,0xdc,0xe2,0xdb,0xd6,0xdd,0xdb,0xd6,0xdd,0xdb,
  0xd6,0xdd,0xdb,0xd6,0xdd,0xdb,0xd6,0xdd,0xdb,0xd6,0xdd,0xdb,0xd6,0xdd,0xdb,0xd6,
  0xdd,0xdb,0xd6,0xdd,0xdb,0xd6,0xdd,0xdb,0xd6,0xdd,0xdb,0xd6,0xdd,0xdb,0xd6,0xdd,
  0xdb,0xd6,0xdd,0xdb,0xd6,0xdd,0xdb,0xd6,0xdd,0xdb,0xd6,0xdd,0xdb,0xd6,0xdd,0xdb,
  0xd6,0xdd,0xdb,0xd6,0xdd,0xdb,0xd6,0xdd,0xdb,0xd6,0xdd,0xdb,0xd6,0xdd,0xdb,0xd6,
  0xdd,0xdb,0xd6,0xdd,0xdb,0xd6,0xdd,0xdb,0xd6,0xdd,0xdb,0xd6,0xdd,0xdb,0xd7,0xde,
  0xd8,0xce,0xd6,0xdb,0x8d,0x9a,0xf7,0x1e,0x3b,0xf5,0xd,0x2d,0xf3,0x57,0x71,0xd9,
  0xdd,0xe3,0xda,0xd6,0xdd,0xdb,0xd6,0xdd,0xdb,0xd6,0xdd,0xdb,0xd6,0xdd,0xdb,0xd6,
  0xdd,0xdb,0xd6,0xdd,0xd7,0xd6,0xdc,0xda,0x43,0x5c,0xe4,0xb0,0xbe,0xd2,0xc3,0xca,
  0xeb,0x1c,0x40,0xe7,0x9d,0xb0,0xd9,0xdc,0xe1,0xdb,0xd6,0xdd,0xdb,0xd6,0xdd,0xdb,
  0xd6,0xdd,0xdb,0xd6,0xdd,0xdb,0xd6,0xdd,0xdb,0xd6,0xdd,0xdb,0xd6,0xdd,0xdb,0xd6,
  0xdd,0xdb,0xd6,0xdd,0xdb,0xd6,0xdd,0xdb,0xd6,0xdd,0xdb,0xd6,0xdd,0xdb,0xd6,0xdd,
  0xdb,0xd6,0xdd,0xdb,0xd6,0xdd,0xdb,0xd6,0xdd,0xdb,0xd6,0xdd,0xdb,0xd6,0xdd,0xdb,
  0xd6,0xdd,0xdb,0xd6,0xdd,0xdb,0xd6,0xdd,0xdb,0xd6,0xdd,0xdb,0xd6,0xdd,0xdb,0xd6,
  0xdd,0xdb,0xd6,0xdd,0xdb,0xd6,0xdd,0xdb,0xd6,0xdd,0xdb,0xd6,0xdd,0xda,0xdc,0xe3,
  0xdc,0x95,0xa2,0xf9,0xa,0x2c,0xfa,0x13,0x37,0xf8,0xc,0x34,0xe6,0x62,0x7c,0xd8,
  0xdf,0xe4,0xdb,0xd6,0xdd,0xdb,0xd6,0xdd,0xdb,0xd6,0xdd,0xdb,0xd6,0xdd,0xdb,0xd6,
  0xdd,0xdb,0xd8,0xdf,0xd3,0xc2,0xcb,0xe5,0x17,0x40,0xed,0x8b,0xa4,0xc6,0x81,0x8f,
  0xf6,0x3,0x32,0xed,0x7a,0x96,0xd9,0xdd,0xe3,0xdb,0xd6,0xdd,0xdb,0xd6,0xdd,0xdb,
  0xd6,0xdd,0xdb,0xd8,0xdf,0xdb,0xd6,0xdd,0xdb,0xd6,0xdd,0xdb,0xd6,0xdd,0xdb,0xd6,
  0xdd,0xdb,0xd6,0xdd,0xdb,0xd6,0xdd,0xdb,0xd6,0xdd,0xdb,0xd6,0xdd,0xdb,0xd6,0xdd,
  0xdb,0xd6,0xdd,0xdb,0xd6,0xdd,0xdb,0xd6,0xdd,0xdb,0xd6,0xdd,0xdb,0xd6,0xdd,0xdb,
  0xd6,0xdd,0xdb,0xd6,0xdd,0xdb,0xd6,0xdd,0xdb,0xd6,0xdd,0xdb,0xd7,0xde,0xdb,0xd7,
  0xdd,0xdb,0xd6,0xdd,0xdb,0xd6,0xdd,0xdb,0xd6,0xdd,0xdb,0xd6,0xdd,0xda,0xd7,0xde,
  0xdb,0xcd,0xd4,0xee,0x38,0x54,0xe0,0xd,0x31,0xdb,0xe,0x2f,0xc8,0x13,0x31,0xd1,
  0x7c,0x90,0xdb,0xdb,0xe1,0xdb,0xd6,0xdd,0xdb,0xd6,0xdd,0xdb,0xd6,0xdd,0xdb,0xd6,
  0xdd,0xdb,0xd8,0xdf,0xd3,0xc0,0xc9,0xee,0x15,0x4b,0xec,0x82,0xa2,0xc9,0x57,0x6d,
  0xff,0x6,0x3d,0xf1,0x64,0x88,0xd9,0xdd,0xe2,0xdb,0xd6,0xdd,0xdb,0xd6,0xdd,0xdb,
  0xd4,0xdb,0xdb,0xc3,0xcb,0xdb,0xd6,0xdd,0xdb,0xd6,0xdd,0xdb,0xd6,0xdd,0xdb,0xd6,
  0xdd,0xdb,0xd6,0xdd,0xdb,0xd6,0xdd,0xdb,0xd6,0xdd,0xdb,0xd6,0xdd,0xdb,0xd6,0xdd,
  0xdb,0xd6,0xdd,0xdb,0xd6,0xdd,0xdb,0xd6,0xdd,0xdb,0xd6,0xdd,0xdb,0xd6,0xdd,0xdb,
  0xd6,0xdd,0xdb,0xd6,0xdd,0xdb,0xd6,0xdd,0xdb,0xd6,0xdd,0xda,0xd3,0xda,0xd9,0xd7,
  0xde,0xdb,0xd7,0xde,0xdb,0xd6,0xdd,0xdb,0xd6,0xdd,0xdb,0xd6,0xdd,0xdb,0xd6,0xdd,
  0xdc,0xdf,0xe5,0xc3,0x74,0x82,0xb5,0x4,0x21,0xe3,0x11,0x3b,0xf8,0xd,0x44,0xe8,
  0x8a,0xa3,0xd9,0xdc,0xe2,0xdb,0xd6,0xdd,0xdb,0xd6,0xdd,0xdb,0xd6,0xdd,0xdb,0xd6,
  0xdd,0xdb,0xd6,0xdd,0xd7,0xd2,0xd8,0xe8,0x3a,0x6c,0xe3,0xab,0xc1,0xcf,0x4c,0x67,
  0xff,0x7,0x46,0xed,0x77,0x99,0xd9,0xde,0xe2,0xdb,0xd6,0xdd,0xdb,0xd6,0xdd,0xd9,
  0xca,0xd2,0xe5,0x6d,0x7e,0xdb,0xd7,0xde,0xda,0xd6,0xdd,0xdb,0xd6,0xdd,0xdb,0xd6,
  0xdd,0xdb,0xd6,0xdd,0xdb,0xd6,0xdd,0xdb,0xd6,0xdd,0xdb,0xd6,0xdd,0xdb,0xd6,0xdd,
  0xdb,0xd6,0xdd,0xdb,0xd6,0xdd,0xdb,0xd6,0xdd,0xdb,0xd6,0xdd,0xdb,0xd6,0xdd,0xdb,
  0xd6,0xdd,0xdb,0xd6,0xdd,0xdb,0xd6,0xdd,0xda,0xdd,0xe3,0xe2,0x79,0x86,0xeb,0x5b,
  0x6c,0xd9,0xd8,0xde,0xdb,0xd7,0xde,0xdb,0xd6,0xdd,0xdb,0xd6,0xdd,0xdb,0xd6,0xdd,
  0xdb,0xdc,0xe2,0xcd,0x7e,0x90,0xee,0xd,0x3b,0xff,0x14,0x50,0xfd,0x2a,0x62,0xdd,
  0xc9,0xd3,0xda,0xd7,0xde,0xdb,0xd6,0xdd,0xdb,0xd6,0xdd,0xdb,0xd6,0xdd,0xdb,0xd6,
  0xdd,0xdb,0xd6,0xdd,0xd8,0xda,0xde,0xde,0x56,0x80,0xe0,0xbf,0xcf,0xd5,0x6a,0x85,
  0xff,0xe,0x4f,0xe4,0xa7,0xbd,0xd9,0xdb,0xe0,0xdb,0xd6,0xdd,0xdb,0xd6,0xdd,0xd9,
  0xcb,0xd3,0xe4,0x6c,0x80,0xdb,0xd8,0xde,0xda,0xd6,0xdd,0xdb,0xd6,0xdd,0xdb,0xd6,
  0xdd,0xdb,0xd6,0xdd,0xdb,0xd6,0xdd,0xdb,0xd6,0xdd,0xdb,0xd6,0xdd,0xdb,0xd6,0xdd,
  0xdb,0xd6,0xdd,0xdb,0xd6,0xdd,0xdb,0xd6,0xdd,0xdb,0xd6,0xdd,0xdb,0xd6,0xdd,0xdb,
  0xd6,0xdd,0xdb,0xd6,0xdd,0xdb,0xd6,0xdd,0xda,0xda,0xe0,0xe2,0xac,0xb7,0xfe,0x1b,
  0x38,0xeb,0x67,0x7c,0xd9,0xdc,0xe2,0xdb,0xd9,0xdf,0xdb,0xd6,0xdd,0xdb,0xd6,0xdd,
  0xdb,0xd8,0xde,0xd7,0xc5,0xce,0xe9,0x1f,0x49,0xfd,0xe,0x4b,0xfa,0x31,0x6f,0xdc,
  0xd0,0xd8,0xda,0xd7,0xdd,0xdb,0xd6,0xdd,0xdb,0xd6,0xdd,0xdb,0xd6,0xdd,0xdb,0xd6,
  0xdd,0xdb,0xd6,0xdd,0xd8,0xd9,0xde,0xdd,0x54,0x83,0xe1,0xbe,0xcf,0xd5,0x89,0xa0,
  0xf3,0x39,0x72,0xdb,0xd6,0xde,0xda,0xd6,0xdd,0xdb,0xd6,0xdd,0xdb,0xd8,0xdf,0xd3,
  0xbd,0xc6,0xdf,0x41,0x5e,0xde,0xce,0xd7,0xda,0xd7,0xdd,0xdb,0xd6,0xdd,0xdb,0xd6,
  0xdd,0xdb,0xd6,0xdd,0xdb,0xd6,0xdd,0xdb,0xd6,0xdd,0xdb,0xd6,0xdd,0xdb,0xd6,0xdd,
  0xdb,0xd6,0xdd,0xdb,0xd6,0xdd,0xdb,0xd6,0xdd,0xdb,0xd6,0xdd,0xdb,0xd6,0xdd,0xdb,
  0xd6,0xdd,0xdb,0xd6,0xdd,0xdb,0xd6,0xdd,0xdb,0xd6,0xdd,0xd9,0xdd,0xe3,0xe3,0xa5,
  0xb2,0xfe,0x1a,0x40,0xe7,0x6a,0x82,0xd6,0xca,0xd1,0xda,0xdb,0xe1,0xdb,0xd6,0xdd,
  0xdb,0xd6,0xdd,0xd8,0xda,0xe0,0xe3,0x5c,0x7e,0xfa,0x12,0x51,0xf5,0x2d,0x6b,0xde,
  0xc3,0xd1,0xda,0xd8,0xde,0xdb,0xd6,0xdd,0xdb,0xd6,0xdd,0xdb,0xd6,0xdd,0xdb,0xd6,
  0xdd,0xdb,0xd6,0xdd,0xd8,0xd9,0xde,0xdb,0x54,0x87,0xe1,0xc0,0xd1,0xd6,0x7d,0x9a,
  0xf0,0x53,0x89,0xd9,0xdc,0xe1,0xda,0xd6,0xdd,0xdb,0xd6,0xdd,0xdc,0xdb,0xe1,0xcf,
  0xa5,0xb2,0xed,0x19,0x4b,0xe0,0xc0,0xce,0xda,0xd8,0xde,0xdb,0xd6,0xdd,0xdb,0xd6,
  0xdd,0xdb,0xd6,0xdd,0xdb,0xd6,0xdd,0xdb,0xd6,0xdd,0xdb,0xd7,0xde,0xdb,0xd8,0xdf,
  0xdb,0xd6,0xdd,0xdb,0xd6,0xdd,0xdb,0xd6,0xdd,0xdb,0xd6,0xdd,0xdb,0xd6,0xdd,0xdb,
  0xd6,0xdd,0xdb,0xd6,0xdd,0xdb,0xd6,0xdd,0xdb,0xd6,0xdd,0xdb,0xd6,0xdd,0xd9,0xde,
  0xe4,0xe4,0x9a,0xab,0xfe,0xf,0x3b,0xed,0x25,0x4b,0xda,0xa3,0xb1,0xda,0xdc,0xe2,
  0xdb,0xd6,0xdd,0xdb,0xd8,0xdf,0xd9,0xcb,0xd4,0xe3,0x41,0x6e,0xed,0x26,0x64,0xe6,
  0x93,0xb2,0xd9,0xdd,0xe1,0xdb,0xd6,0xdd,0xdb,0xd6,0xdd,0xdb,0xd6,0xdd,0xdb,0xdc,
  0xe1,0xdb,0xd8,0xde,0xd8,0xd9,0xde,0xda,0x55,0x8c,0xdd,0xb7,0xcb,0xd4,0x5c,0x86,
  0xee,0x65,0x9a,0xd9,0xde,0xe1,0xdb,0xd6,0xdd,0xdb,0xd6,0xdd,0xdb,0xd8,0xdf,0xd5,
  0xba,0xc6,0xea,0x40,0x71,0xdd,0xce,0xd8,0xda,0xd7,0xdd,0xdb,0xd6,0xdd,0xdb,0xd6,
  0xdd,0xdb,0xd6,0xdd,0xdb,0xd6,0xdd,0xdb,0xd7,0xde,0xda,0xcd,0xd4,0xdb,0xc6,0xce,
  0xdb,0xd7,0xde,0xdb,0xd6,0xdd,0xdb,0xd6,0xdd,0xdb,0xd6,0xdd,0xdb,0xd6,0xdd,0xdb,
  0xd6,0xdd,0xdb,0xd6,0xdd,0xdb,0xd6,0xdd,0xdb,0xd6,0xdd,0xdb,0xd6,0xdd,0xdb,0xd6,
  0xdd,0xd8,0xda,0xe0,0xef,0x47,0x68,0xff,0x9,0x43,0xf5,0x26,0x57,0xdb,0xc1,0xcc,
  0xda,0xd8,0xdf,0xdb,0xd6,0xdd,0xda,0xdf,0xe3,0xd6,0x8a,0xa4,0xe6,0x19,0x5b,0xee,
  0x59,0x91,0xd9,0xdf,0xe3,0xdb,0xd7,0xde,0xdb,0xd6,0xdd,0xdb,0xdb,0xdf,0xd0,0x82,
  0xa4,0xdc,0xc1,0xd0,0xd9,0xe0,0xe1,0xd8,0x5f,0x96,0xcd,0x67,0x95,0xdc,0xe,0x5d,
  0xec,0x7e,0xac,0xd9,0xde,0xe1,0xdb,0xd6,0xdd,0xdb,0xd6,0xdd,0xdb,0xd6,0xdd,0xd7,
  0xcb,0xd4,0xde,0x6b,0x90,0xdc,0xd7,0xde,0xda,0xd6,0xdd,0xdb,0xd6,0xdd,0xdb,0xd6,
  0xdd,0xdb,0xda,0xe1,0xdb,0xd6,0xdd,0xda,0xde,0xe4,0xdb,0x83,0x90,0xe2,0x9d,0xaa,
  0xda,0xdb,0xe1,0xdb,0xd6,0xdd,0xdb,0xd6,0xdd,0xdb,0xd6,0xdd,0xdb,0xd6,0xdd,0xdb,
  0xd6,0xdd,0xdb,0xd6,0xdd,0xdb,0xd6,0xdd,0xdb,0xd6,0xdd,0xdb,0xd6,0xdd,0xdb,0xd6,
  0xdd,0xda,0xdb,0xe1,0xde,0xad,0xbb,0xfb,0x21,0x57,0xff,0x5,0x4d,0xe8,0x77,0x99,
  0xd8,0xe0,0xe4,0xdb,0xd6,0xdd,0xdb,0xd8,0xde,0xd7,0xc7,0xd1,0xd1,0x27,0x63,0xcd,
  0x10,0x54,0xc7,0x70,0x92,0xd9,0xd4,0xdb,0xdd,0xdc,0xe2,0xb7,0x87,0x9e,0xd1,0x6,
  0x59,0xe5,0x89,0xb1,0xc9,0xb8,0xc6,0xd4,0x33,0x84,0xdb,0x34,0x86,0xdf,0x2d,0x76,
  0xe9,0x8d,0xb7,0xd9,0xdd,0xe0,0xdb,0xd7,0xdd,0xdb,0xd6,0xdd,0xdb,0xd6,0xdd,0xd6,
  0xcf,0xd6,0xdd,0x61,0x8d,0xdc,0xd4,0xdc,0xda,0xd6,0xdd,0xdb,0xd6,0xdd,0xda,0xdb,
  0xe1,0xdc,0xb0,0xb9,0xdc,0xd5,0xdc,0xd5,0xc9,0xd0,0xe1,0x5c,0x73,0xde,0xce,0xd7,
  0xda,0xd7,0xdd,0xdb,0xd6,0xdd,0xdb,0xd6,0xdd,0xdb,0xd6,0xdd,0xdb,0xd6,0xdd,0xdb,
  0xd6,0xdd,0xdb,0xd6,0xdd,0xdb,0xd6,0xdd,0xdb,0xd6,0xdd,0xdb,0xd6,0xdd,0xdb,0xd6,
  0xdd,0xdb,0xd6,0xdd,0xda,0xdc,0xe2,0xe0,0xae,0xbe,0xf3,0x53,0x83,0xfa,0x1f,0x64,
  0xdd,0xa5,0xba,0xda,0xdd,0xe2,0xdb,0xd6,0xdd,0xdd,0xde,0xe3,0xba,0x64,0x86,0xc6,
  0x6,0x50,0xe9,0xb,0x68,0xdf,0xa4,0xc0,0xce,0xc6,0xce,0xa0,0x17,0x54,0xe9,0xb,
  0x6b,0xee,0x45,0x8f,0xb1,0x6a,0x92,0xda,0x3,0x78,0xf3,0x3d,0xa2,0xdc,0x3e,0x82,
  0xe7,0x9d,0xc2,0xd9,0xdd,0xe1,0xd8,0xd5,0xdb,0xdb,0xd6,0xdd,0xd9,0xd3,0xdb,0xd4,
  0x89,0xab,0xdc,0x5e,0x91,0xdd,0xd4,0xdd,0xda,0xd6,0xdd,0xdb,0xd9,0xe0,0xd9,0xad,
  0xb7,0xe3,0x5f,0x71,0xdb,0xcc,0xd3,0xce,0x5b,0x74,0xeb,0x5f,0x7e,0xd9,0xdf,0xe4,
  0xdb,0xd6,0xdd,0xdb,0xd6,0xdd,0xdb,0xd6,0xdd,0xdb,0xd6,0xdd,0xdb,0xd6,0xdd,0xdb,
  0xd6,0xdd,0xdb,0xd6,0xdd,0xdb,0xd6,0xdd,0xdb,0xd6,0xdd,0xdb,0xd6,0xdd,0xdb,0xd6,
  0xdd,0xdb,0xd6,0xdd,0xdb,0xd6,0xdd,0xda,0xdb,0xe1,0xd9,0xde,0xe2,0xea,0x7b,0xa2,
  0xf7,0x20,0x6c,0xdb,0xaf,0xc2,0xda,0xdd,0xe1,0xdc,0xdd,0xe2,0xc8,0x93,0xab,0xeb,
  0xe,0x6b,0xff,0x11,0x83,0xe3,0x5d,0x9c,0x9e,0x67,0x84,0xb2,0x9,0x59,0xfe,0x14,
  0x84,0xfe,0x21,0x8c,0xc0,0x75,0xa0,0xe1,0xb,0x8c,0xea,0x4c,0xac,0xdb,0x37,0x82,
  0xe7,0xb6,0xd2,0xc2,0x8c,0xa3,0xd9,0x65,0x97,0xdb,0xdb,0xe1,0xd9,0xd9,0xde,0xde,
  0x57,0x95,0xdb,0x4b,0x8c,0xdc,0xd9,0xdf,0xda,0xd6,0xdd,0xd9,0xd7,0xdd,0xdd,0x46,
  0x60,0xe8,0x17,0x3b,0xdf,0x71,0x84,0xe1,0x2e,0x5c,0xe9,0x98,0xb2,0xd9,0xdc,0xe1,
  0xdb,0xd6,0xdd,0xdb,0xd6,0xdd,0xdb,0xd6,0xdd,0xdb,0xd6,0xdd,0xdb,0xd6,0xdd,0xdb,
  0xd6,0xdd,0xdb,0xd6,0xdd,0xdb,0xd6,0xdd,0xdb,0xd6,0xdd,0xdb,0xd6,0xdd,0xdb,0xd6,
  0xdd,0xdb,0xd6,0xdd,0xdb,0xd6,0xdd,0xdb,0xd6,0xdd,0xdb,0xd7,0xde,0xdb,0xe3,0xe6,
  0xed,0x78,0xa6,0xf5,0x26,0x79,0xda,0xb8,0xc9,0xdc,0xdf,0xe3,0xd5,0xca,0xd3,0xda,
  0x24,0x75,0xff,0x15,0x8e,0xd2,0x11,0x70,0x75,0x7,0x3e,0xb6,0xf,0x63,0xd9,0x11,
  0x78,0xe3,0x73,0xae,0xd1,0xb8,0xca,0xd1,0x21,0x92,0x99,0x13,0x5c,0xcd,0x13,0x6f,
  0xa9,0x46,0x78,0xc7,0x1d,0x65,0xea,0x8c,0xb8,0xda,0xdf,0xe3,0xdb,0xde,0xe1,0xce,
  0x76,0xa4,0xe0,0x23,0x81,0xe0,0xbb,0xd2,0xdb,0xdc,0xe1,0xd1,0xbc,0xc4,0xd4,0x16,
  0x3c,0xff,0xb,0x48,0xe4,0x4c,0x73,0xe3,0x70,0x96,0xdb,0xd9,0xe0,0xdb,0xd6,0xdd,
  0xdb,0xd6,0xdd,0xdb,0xd6,0xdd,0xdb,0xd6,0xdd,0xdb,0xd6,0xdd,0xdb,0xd6,0xdd,0xdb,
  0xd6,0xdd,0xdb,0xd6,0xdd,0xdb,0xd6,0xdd,0xdb,0xd6,0xdd,0xdb,0xd6,0xdd,0xdb,0xd6,
  0xdd,0xdb,0xd6,0xdd,0xdb,0xd6,0xdd,0xdb,0xd6,0xdd,0xda,0xd0,0xd9,0xc2,0x8b,0xa4,
  0xc4,0xb0,0xbc,0xe7,0x68,0x9f,0xf2,0x30,0x87,0xd4,0xb8,0xc8,0xa6,0x77,0x91,0x9f,
  0x14,0x57,0xc0,0x10,0x68,0xab,0xf,0x5e,0xd3,0x12,0x74,0xe3,0xd,0x7e,0xd3,0x46,
  0x95,0xd7,0xda,0xdd,0xda,0xdb,0xde,0xbe,0x44,0x98,0x92,0x5,0x4e,0xa2,0xe,0x59,
  0xa9,0x3,0x55,0xea,0x62,0xa4,0xd9,0xc8,0xce,0xda,0xb2,0xbb,0xdd,0xe2,0xe6,0xb6,
  0x78,0x9c,0xe0,0x1,0x7d,0xe9,0x8c,0xc2,0xd9,0xde,0xe0,0xd9,0xd9,0xdf,0xc9,0x5d,
  0x79,0xf5,0x35,0x6a,0xdd,0x3c,0x70,0xdf,0xb7,0xcb,0xda,0xda,0xdf,0xdb,0xd6,0xdd,
  0xdb,0xd6,0xdd,0xdb,0xd6,0xdd,0xdb,0xd6,0xdd,0xdb,0xd6,0xdd,0xdb,0xd6,0xdd,0xdb,
  0xd6,0xdd,0xdb,0xd6,0xdd,0xdb,0xd6,0xdd,0xdb,0xd6,0xdd,0xdb,0xd6,0xdd,0xdb,0xd6,
  0xdd,0xdb,0xd6,0xdd,0xdb,0xd6,0xdd,0xdb,0xd7,0xdd,0xd8,0xd1,0xd8,0x9a,0x22,0x55,
  0xa4,0xd,0x53,0xd1,0x39,0x87,0xe9,0x2f,0x89,0xdf,0x1f,0x7d,0x7f,0x7,0x43,0x99,
  0xc,0x53,0xc7,0x11,0x6e,0xeb,0x14,0x84,0xef,0x13,0x8a,0xea,0x1c,0x91,0xdd,0xb4,
  0xcf,0xdb,0xdb,0xdf,0xda,0xda,0xde,0xb8,0x4e,0x9f,0xb8,0xc,0x6c,0xf6,0x12,0x8d,
  0xf8,0x32,0xa3,0xdd,0xd0,0xdc,0xd3,0xbd,0xc4,0xc7,0x6b,0x7c,0xde,0xdf,0xe4,0xc6,
  0xa0,0xba,0xe1,0x15,0x93,0xe6,0xb4,0xd7,0xdd,0xe0,0xe3,0xde,0xe4,0xe7,0xd3,0x81,
  0x9c,0xd7,0x9f,0xb5,0xdc,0x6c,0x9d,0xdc,0xdd,0xe3,0xda,0xd6,0xdd,0xdb,0xd6,0xdd,
  0xdb,0xd6,0xdd,0xdc,0xd8,0xdf,0xdb,0xd6,0xdd,0xdb,0xd6,0xdd,0xdb,0xd6,0xdd,0xdb,
  0xd6,0xdd,0xdb,0xd6,0xdd,0xdb,0xd6,0xdd,0xdb,0xd6,0xdd,0xdb,0xd6,0xdd,0xdb,0xd6,
  0xdd,0xdb,0xd6,0xdd,0xdb,0xd6,0xdd,0xdc,0xd9,0xdf,0xcf,0xb4,0xc2,0xac,0x23,0x63,
  0xee,0x11,0x86,0xfc,0xe,0x90,0xc7,0x49,0x8f,0xb7,0x15,0x68,0xb8,0xc,0x65,0xd3,
  0x12,0x77,0xe4,0x14,0x85,0xee,0x15,0x8f,0xf4,0xf,0x97,0xe4,0x66,0xb6,0xda,0xde,
  0xdf,0xdb,0xd6,0xdd,0xd9,0xd8,0xdc,0xc0,0x5e,0xb2,0xbc,0x31,0x88,0xf5,0xa,0x91,
  0xeb,0x83,0xc2,0xda,0xe0,0xe1,0xd2,0xbf,0xc8,0xd0,0x36,0x5a,0xdf,0xce,0xd7,0xd5,
  0xcd,0xd7,0xc4,0x32,0x91,0xaa,0x54,0x7d,0xc0,0xa2,0xb4,0xb2,0x88,0x9f,0xb4,0x49,
  0x73,0xd2,0x72,0x9f,0xe0,0xa5,0xc6,0xd7,0xb7,0xbd,0xdb,0xd0,0xd8,0xde,0xdc,0xe2,
  0xdc,0xda,0xdf,0xd4,0xc7,0xd1,0xdb,0xd3,0xdb,0xdb,0xd7,0xde,0xdb,0xd6,0xdd,0xdb,
  0xd6,0xdd,0xdb,0xd6,0xdd,0xdb,0xd6,0xdd,0xdb,0xd6,0xdd,0xdb,0xd6,0xdd,0xdb,0xd6,
  0xdd,0xdb,0xd6,0xdd,0xdb,0xd6,0xdd,0xdb,0xdc,0xe1,0xcd,0x8a,0xa8,0xd7,0xc,0x70,
  0xff,0x15,0x9b,0xff,0x12,0xa3,0xd5,0x4e,0xa0,0x9b,0x45,0x74,0xbd,0x21,0x78,0xd6,
  0x12,0x82,0xe7,0xe,0x8f,0xf3,0x16,0x9f,0xf0,0x13,0xa3,0xd9,0xa3,0xcb,0xdb,0xdc,
  0xdf,0xdb,0xd6,0xdd,0xd9,0xd8,0xdc,0xbf,0x62,0xb9,0xc4,0x65,0xa9,0xe5,0x2c,0xa1,
  0xdd,0xcc,0xdb,0xda,0xd8,0xdd,0xda,0xd7,0xdd,0xc2,0x6d,0x88,0xda,0xc8,0xd2,0xd8,
  0xd7,0xdd,0xc4,0x3a,0x97,0xb9,0x4,0x64,0xa6,0xc,0x62,0xba,0x9,0x6d,0xc3,0xe,
  0x70,0xc8,0x38,0x84,0xca,0x75,0x8d,0xde,0x61,0x79,0xdd,0xdd,0xe2,0xbb,0x97,0xad,
  0x9e,0x45,0x71,0xc1,0x2f,0x6e,0xdf,0xcb,0xd8,0xd8,0xd5,0xdb,0xdb,0xd6,0xdd,0xdb,
  0xd6,0xdd,0xdb,0xd6,0xdd,0xdb,0xd6,0xdd,0xdb,0xd6,0xdd,0xdb,0xd6,0xdd,0xdb,0xd6,
  0xdd,0xdb,0xd6,0xdd,0xdb,0xd6,0xdd,0xdb,0xd6,0xdd,0xda,0xd8,0xdd,0xd9,0x67,0xa5,
  0xef,0x1a,0x95,0xfc,0xa,0xa1,0xe1,0x4e,0xae,0xda,0xdc,0xdf,0xda,0xc8,0xd6,0xd6,
  0xa7,0xc7,0xce,0x56,0xa6,0xdd,0x12,0x9d,0xed,0xf,0xad,0xd2,0x78,0xbc,0xdb,0xde,
  0xdf,0xdb,0xd6,0xdd,0xd8,0xd5,0xda,0xb5,0x58,0xb6,0xc6,0x6f,0xb4,0xdf,0x60,0xbb,
  0xda,0xde,0xdf,0xdb,0xd6,0xdd,0xdf,0xe1,0xe6,0xc2,0x8b,0xa2,0xd1,0xb5,0xc3,0xd7,
  0xd7,0xdd,0xc7,0x4b,0xa9,0xa8,0x16,0x6a,0xb0,0xe,0x70,0xd9,0x13,0x8b,0xf6,0x16,
  0x9a,0xf0,0x15,0x95,0xdb,0x22,0x6a,0xe5,0xad,0xbf,0xdb,0xdf,0xe3,0x91,0x3d,0x6d,
  0xb5,0x1,0x5f,0xec,0x24,0x85,0xcd,0x73,0x9d,0xd7,0x76,0xa1,0xdb,0xda,0xdf,0xdb,
  0xd6,0xdd,0xdb,0xd6,0xdd,0xdb,0xd6,0xdd,0xdb,0xd6,0xdd,0xdb,0xd6,0xdd,0xdb,0xd6,
  0xdd,0xdb,0xd6,0xdd,0xdb,0xd6,0xdd,0xdb,0xd6,0xdd,0xdb,0xd7,0xde,0xda,0xd9,0xde,
  0xd9,0xbc,0xd0,0xdb,0x83,0xbd,0xd3,0x2a,0x9e,0xd1,0xb3,0xcc,0xdc,0xdd,0xe0,0xdc,
  0xde,0xe1,0xcf,0xc8,0xd1,0xba,0x21,0x93,0xe9,0x10,0xb6,0xd2,0x3f,0xb5,0xd8,0xd6,
  0xdb,0xdc,0xd9,0xde,0xdc,0xdb,0xdd,0xb4,0x5b,0xbe,0xc4,0x60,0xb5,0xde,0x71,0xc6,
  0xda,0xde,0xde,0xdc,0xd9,0xe0,0xca,0xac,0xbc,0xa4,0x53,0x7d,0xbc,0x50,0x8b,0xd8,
  0xd1,0xd9,0xc1,0x72,0xbf,0xaa,0x68,0x92,0x8d,0x5,0x5b,0xcf,0x13,0x8e,0xf8,0x17,
  0xa6,0xff,0xf,0xa4,0xf0,0x5a,0xb4,0xd9,0xdf,0xe1,0xd9,0xd7,0xdc,0x9f,0x39,0x77,
  0xe2,0x6,0x84,0xf7,0x16,0x91,0xde,0x6e,0xa6,0xde,0xc9,0xd7,0xda,0xd7,0xde,0xdb,
  0xd6,0xdd,0xdb,0xd6,0xdd,0xdb,0xd6,0xdd,0xdb,0xd6,0xdd,0xdb,0xd6,0xdd,0xdb,0xd6,
  0xdd,0xdb,0xd6,0xdd,0xdb,0xd6,0xdd,0xdb,0xd6,0xdd,0xdb,0xd6,0xdd,0xdb,0xd6,0xdd,
  0xdb,0xd9,0xdf,0xdb,0xe2,0xe1,0xcd,0x94,0xc1,0xbd,0x42,0xa3,0xd8,0xd3,0xda,0xdb,
  0xd7,0xdd,0xda,0xdb,0xde,0xb3,0x52,0xa1,0xd8,0xe,0xb4,0xd4,0x1a,0xba,0xd3,0xb8,
  0xd2,0xd2,0xcb,0xd5,0xb4,0x9c,0xb8,0x84,0x36,0x92,0xa2,0x2b,0x97,0xd8,0x7b,0xcb,
  0xda,0xdd,0xde,0xdc,0xd9,0xdf,0xcf,0xb9,0xc6,0x9c,0x2d,0x6c,0xc9,0x26,0x89,0xda,
  0xce,0xd8,0xbd,0x6f,0xc1,0xde,0xda,0xdf,0x98,0x58,0x84,0xaa,0xa,0x7c,0xf8,0x13,
  0xad,0xf8,0x12,0x9f,0xe8,0x7b,0xbc,0xdb,0xdf,0xe1,0xce,0xc3,0xce,0xc5,0x2b,0x91,
  0xee,0x55,0xb3,0xe5,0x9c,0xc8,0xdb,0xdd,0xe1,0xda,0xd8,0xde,0xdb,0xd6,0xdd,0xdb,
  0xd6,0xdd,0xdb,0xd6,0xdd,0xdb,0xd6,0xdd,0xdb,0xd6,0xdd,0xdb,0xd6,0xdd,0xdb,0xd6,
  0xdd,0xdb,0xd6,0xdd,0xdb,0xd6,0xdd,0xdb,0xd6,0xdd,0xdb,0xd6,0xdd,0xdb,0xd6,0xdd,
  0xdb,0xd6,0xdd,0xdb,0xd6,0xdd,0xdb,0xdc,0xde,0xc0,0x5d,0xb2,0xc0,0x70,0xb8,0xdc,
  0xde,0xdf,0xdd,0xdd,0xe0,0xbf,0x93,0xbb,0xc0,0xf,0xab,0xda,0x15,0xca,0x9a,0x37,
  0x9c,0x60,0x21,0x6c,0x52,0x6,0x5f,0x4d,0x7,0x5a,0x89,0x7,0x85,0xa1,0x3b,0xa1,
  0xd6,0xd5,0xd9,0xdb,0xd6,0xdd,0xde,0xdd,0xe2,0xc8,0xaf,0xc3,0xb1,0x53,0x94,0xc6,
  0xb0,0xca,0xa1,0x4a,0xae,0xc1,0x9b,0xca,0x96,0x5c,0x93,0xa4,0x9,0x85,0xe0,0x83,
  0xc6,0xdb,0xb2,0xcc,0xda,0xd5,0xdc,0xda,0xdc,0xde,0xbb,0x64,0xa9,0xdc,0x93,0xca,
  0xda,0xe0,0xe0,0xda,0xdc,0xdf,0xdb,0xd6,0xdd,0xdb,0xd6,0xdd,0xdb,0xd6,0xdd,0xdb,
  0xd6,0xdd,0xdb,0xd6,0xdd,0xdb,0xd6,0xdd,0xdb,0xd6,0xdd,0xdb,0xd6,0xdd,0xdb,0xd6,
  0xdd,0xdb,0xd6,0xdd,0xdb,0xd6,0xdd,0xdb,0xd6,0xdd,0xdb,0xd6,0xdd,0xdb,0xd6,0xdd,
  0xdb,0xd6,0xdd,0xdb,0xd6,0xdd,0xdb,0xd8,0xde,0xd7,0xcb,0xd8,0xb1,0x39,0xad,0xcb,
  0xa8,0xcd,0xe2,0xe5,0xe4,0xbe,0xa9,0xc1,0xa4,0x16,0x9e,0xd6,0x17,0xd3,0x9d,0xd,
  0xa4,0x51,0x7,0x5e,0x55,0xa,0x61,0x51,0xa,0x5d,0x8e,0x9,0x92,0xac,0x5e,0xb1,
  0xdb,0xdb,0xdd,0xdb,0xd6,0xdd,0xdb,0xd6,0xdd,0xdc,0xdb,0xde,0x94,0x51,0x95,0x86,
  0x11,0x9c,0x90,0xe,0xaa,0x97,0xd,0xb2,0x98,0x10,0xb2,0x9e,0x13,0xac,0xbc,0x89,
  0xc3,0xd9,0xde,0xdd,0xdf,0xe0,0xe1,0xbf,0x93,0xbc,0xc9,0x67,0xbc,0xdd,0xdd,0xe0,
  0xda,0xd6,0xdd,0xdb,0xd6,0xdd,0xdb,0xd6,0xdd,0xdb,0xd6,0xdd,0xdb,0xd6,0xdd,0xdb,
  0xd6,0xdd,0xdb,0xd6,0xdd,0xdb,0xd6,0xdd,0xdb,0xd6,0xdd,0xdb,0xd6,0xdd,0xdb,0xd6,
  0xdd,0xdb,0xd6,0xdd,0xdb,0xd6,0xdd,0xdb,0xd6,0xdd,0xdb,0xd6,0xdd,0xdb,0xd6,0xdd,
  0xdb,0xd6,0xdd,0xdb,0xd6,0xdd,0xdb,0xd6,0xdd,0xdd,0xdc,0xdf,0xcb,0xa2,0xce,0xaf,
  0x44,0xb9,0xa8,0x87,0xaf,0x5d,0x1b,0x68,0x7b,0xc,0x83,0xca,0x17,0xd5,0xb6,0x15,
  0xc7,0x59,0xb,0x66,0x55,0xa,0x61,0x4e,0x5,0x5a,0x94,0x12,0xa2,0xd9,0xb4,0xde,
  0xdc,0xda,0xdd,0xdb,0xd6,0xdd,0xdb,0xd6,0xdd,0xde,0xdd,0xdf,0x9d,0x5c,0xaa,0x83,
  0x6,0x9d,0x8e,0x11,0xac,0x98,0x12,0xb9,0xa2,0x14,0xc3,0xa8,0x14,0xca,0xa5,0xf,
  0xc3,0xaf,0x5c,0xbe,0xc7,0xb6,0xca,0xb6,0x50,0xb6,0xdc,0xc9,0xde,0xdb,0xd8,0xdd,
  0xdb,0xd6,0xdd,0xdb,0xd6,0xdd,0xdb,0xd6,0xdd,0xdb,0xd6,0xdd,0xdb,0xd6,0xdd,0xdb,
  0xd6,0xdd,0xdb,0xd6,0xdd,0xdb,0xd6,0xdd,0xdb,0xd6,0xdd,0xdb,0xd6,0xdd,0xdb,0xd6,
  0xdd,0xdb,0xd6,0xdd,0xdb,0xd6,0xdd,0xdb,0xd6,0xdd,0xdb,0xd6,0xdd,0xdb,0xd6,0xdd,
  0xdb,0xd6,0xdd,0xdb,0xd6,0xdd,0xdb,0xd6,0xdd,0xdb,0xd6,0xdd,0xde,0xdd,0xe0,0x8a,
  0x43,0x95,0x51,0x0,0x5e,0x52,0x7,0x5e,0x62,0xc,0x6e,0x96,0x12,0xa8,0x73,0xe,
  0x83,0x54,0x9,0x5f,0x4f,0x1,0x5c,0x71,0x35,0x7b,0xc8,0xa6,0xce,0xdd,0xd4,0xdf,
  0xdb,0xd6,0xdd,0xdb,0xd6,0xdd,0xdb,0xd6,0xdd,0xde,0xdd,0xdf,0xb8,0x8f,0xbf,0x7d,
  0x9,0x95,0x81,0xd,0x9f,0x86,0x11,0xa9,0x9f,0x14,0xc7,0xa8,0x15,0xcf,0xae,0x15,
  0xd2,0xad,0x10,0xcd,0x99,0x28,0xab,0xd1,0xa5,0xd6,0xdc,0xdc,0xde,0xdb,0xd6,0xdd,
  0xdb,0xd6,0xdd,0xdb,0xd6,0xdd,0xdb,0xd6,0xdd,0xdb,0xd6,0xdd,0xdb,0xd6,0xdd,0xdb,
  0xd6,0xdd,0xdb,0xd6,0xdd,0xdb,0xd6,0xdd,0xdb,0xd6,0xdd,0xdb,0xd6,0xdd,0xdb,0xd6,
  0xdd,0xdb,0xd6,0xdd,0xdb,0xd6,0xdd,0xdb,0xd6,0xdd,0xdb,0xd6,0xdd,0xdb,0xd6,0xdd,
  0xdb,0xd6,0xdd,0xdb,0xd6,0xdd,0xdb,0xd6,0xdd,0xdd,0xdd,0xdf,0xa0,0x80,0xa6,0x53,
  0x8,0x5e,0x55,0xa,0x61,0x56,0xb,0x62,0x56,0xb,0x62,0x53,0xa,0x5f,0x50,0x9,
  0x5a,0x56,0xc,0x61,0x8c,0x5d,0x94,0xd5,0xcc,0xd7,0xde,0xdd,0xe0,0xdb,0xd6,0xdd,
  0xdb,0xd6,0xdd,0xdb,0xd6,0xdd,0xdb,0xd6,0xdd,0xdb,0xd6,0xdd,0xdc,0xd6,0xdd,0xb5,
  0x89,0xbe,0x7f,0x15,0x98,0x6a,0x7,0x8c,0xa1,0x15,0xd7,0xb7,0x17,0xea,0xac,0x15,
  0xd3,0xb0,0x13,0xd3,0xa4,0x1d,0xbd,0xce,0xc4,0xd1,0xdc,0xd8,0xde,0xdb,0xd6,0xdd,
  0xdb,0xd6,0xdd,0xdb,0xd6,0xdd,0xdb,0xd6,0xdd,0xdb,0xd6,0xdd,0xdb,0xd6,0xdd,0xdb,
  0xd6,0xdd,0xdb,0xd6,0xdd,0xdb,0xd6,0xdd,0xdb,0xd6,0xdd,0xdb,0xd6,0xdd,0xdb,0xd6,
  0xdd,0xdb,0xd6,0xdd,0xdb,0xd6,0xdd,0xdb,0xd6,0xdd,0xdb,0xd6,0xdd,0xdb,0xd6,0xdd,
  0xdb,0xd6,0xdd,0xdb,0xd6,0xdd,0xdc,0xdc,0xde,0xbb,0x76,0xb8,0x75,0xc,0x7a,0x50,
  0x8,0x5c,0x55,0xa,0x61,0x54,0x8,0x60,0x50,0x3,0x5d,0x53,0x9,0x5f,0x69,0x6,
  0x86,0xb0,0x79,0xc4,0xdf,0xe0,0xe0,0xdd,0xd8,0xde,0xdb,0xd6,0xdd,0xdb,0xd6,0xdd,
  0xdb,0xd6,0xdd,0xdb,0xd6,0xdd,0xdb,0xd6,0xdd,0xdb,0xd6,0xdd,0xdb,0xd7,0xdd,0xde,
  0xdd,0xdf,0xca,0xb2,0xcf,0x8e,0x47,0xa6,0x97,0x12,0xd2,0xa1,0xe,0xcc,0xa0,0xc,
  0xc4,0xa4,0xa,0xc4,0xa6,0x3e,0xba,0xd5,0xce,0xd7,0xdb,0xd7,0xdd,0xdb,0xd6,0xdd,
  0xdb,0xd6,0xdd,0xdb,0xd6,0xdd,0xdb,0xd6,0xdd,0xdb,0xd6,0xdd,0xdb,0xd6,0xdd,0xdb,
  0xd6,0xdd,0xdb,0xd6,0xdd,0xdb,0xd6,0xdd,0xdb,0xd6,0xdd,0xdb,0xd6,0xdd,0xdb,0xd6,
  0xdd,0xdb,0xd6,0xdd,0xdb,0xd6,0xdd,0xdb,0xd6,0xdd,0xdb,0xd6,0xdd,0xdb,0xd6,0xdd,
  0xdb,0xd6,0xdd,0xdb,0xd6,0xdd,0xdb,0xda,0xdd,0xd3,0x9e,0xd2,0xc7,0x20,0xc9,0x77,
  0x6,0x85,0x55,0xe,0x61,0x66,0x24,0x71,0x88,0x58,0x91,0xb9,0xa7,0xbc,0xb3,0x61,
  0xdf,0xc1,0x79,0xeb,0xdd,0xde,0xdb,0xdb,0xd6,0xdd,0xdb,0xd6,0xdd,0xdb,0xd6,0xdd,
  0xdb,0xd6,0xdd,0xdb,0xd6,0xdd,0xdb,0xd6,0xdd,0xdb,0xd6,0xdd,0xdb,0xd6,0xdd,0xdb,
  0xd6,0xdd,0xe1,0xe1,0xe0,0xb3,0x93,0xca,0xb3,0x7e,0xd1,0xc2,0x9a,0xc8,0xb3,0x69,
  0xc1,0xbf,0x8f,0xc9,0xd3,0xc9,0xd6,0xdc,0xd8,0xde,0xdb,0xd6,0xdd,0xdb,0xd6,0xdd,
  0xdb,0xd6,0xdd,0xdb,0xd6,0xdd,0xdb,0xd6,0xdd,0xdb,0xd6,0xdd,0xdb,0xd6,0xdd,0xdb,
  0xd6,0xdd,0xdb,0xd6,0xdd,0xdb,0xd6,0xdd,0xdb,0xd6,0xdd,0xdb,0xd6,0xdd,0xdb,0xd6,
  0xdd,0xdb,0xd6,0xdd,0xdb,0xd6,0xdd,0xdb,0xd6,0xdd,0xdb,0xd6,0xdd,0xdb,0xd6,0xdd,
  0xdb,0xd6,0xdd,0xdb,0xd6,0xdd,0xdb,0xd6,0xdd,0xdc,0xdd,0xdd,0xd5,0xab,0xdb,0xcb,
  0x76,0xd6,0xc4,0xb6,0xc8,0xd5,0xcc,0xd7,0xe0,0xdd,0xe2,0xe0,0xe0,0xe1,0xca,0xb4,
  0xd9,0xa4,0x4a,0xe6,0xdc,0xd8,0xdd,0xdb,0xd6,0xdd,0xdb,0xd6,0xdd,0xdb,0xd6,0xdd,
  0xdb,0xd6,0xdd,0xdb,0xd6,0xdd,0xdb,0xd6,0xdd,0xdb,0xd6,0xdd,0xdb,0xd6,0xdd,0xdb,
  0xd6,0xdd,0xdf,0xdd,0xde,0x95,0x68,0xbf,0xcc,0xb9,0xdd,0xdf,0xe0,0xde,0xdd,0xdd,
  0xde,0xde,0xdd,0xdf,0xdc,0xd8,0xde,0xdb,0xd6,0xdd,0xdb,0xd6,0xdd,0xdb,0xd6,0xdd,
  0xdb,0xd6,0xdd,0xdb,0xd6,0xdd,0xdb,0xd6,0xdd,0xdb,0xd6,0xdd,0xdb,0xd6,0xdd,0xdb,
  0xd6,0xdd,0xdb,0xd6,0xdd,0xdb,0xd6,0xdd,0xdb,0xd6,0xdd,0xdb,0xd6,0xdd,0xdb,0xd6,
  0xdd,0xdb,0xd6,0xdd,0xdb,0xd6,0xdd,0xdb,0xd6,0xdd,0xdb,0xd6,0xdd,0xdb,0xd6,0xdd,
  0xdb,0xd6,0xdd,0xdb,0xd6,0xdd,0xdb,0xd6,0xdd,0xdb,0xd6,0xdd,0xdb,0xda,0xdd,0xdc,
  0xdd,0xde,0xde,0xda,0xe0,0xdc,0xd8,0xde,0xdb,0xd6,0xdd,0xdb,0xd6,0xdd,0xd9,0xd5,
  0xda,0x98,0x45,0xe2,0xc3,0xa6,0xdc,0xde,0xdc,0xdd,0xdb,0xd6,0xdd,0xdb,0xd6,0xdd,
  0xdb,0xd6,0xdd,0xdb,0xd6,0xdd,0xdb,0xd6,0xdd,0xdb,0xd6,0xdd,0xdb,0xd6,0xdd,0xdf,
  0xdb,0xdf,0xb6,0xa9,0xc4,0x5c,0x22,0xa5,0xd0,0xc2,0xde,0xdc,0xd8,0xdd,0xdb,0xd6,
  0xdd,0xdb,0xd6,0xdd,0xdb,0xd6,0xdd,0xdb,0xd6,0xdd,0xdb,0xd6,0xdd,0xdb,0xd6,0xdd,
  0xdb,0xd6,0xdd,0xdb,0xd6,0xdd,0xdb,0xd6,0xdd,0xdb,0xd6,0xdd,0xdb,0xd6,0xdd,0xdb,
  0xd6,0xdd,0xdb,0xd6,0xdd,0xdb,0xd6,0xdd,0xdb,0xd6,0xdd,0xdb,0xd6,0xdd,0xdb,0xd6,
  0xdd,0xdb,0xd6,0xdd,0xdb,0xd6,0xdd,0xdb,0xd6,0xdd,0xdb,0xd6,0xdd,0xdb,0xd6,0xdd,
  0xdb,0xd6,0xdd,0xdb,0xd6,0xdd,0xdb,0xd6,0xdd,0xdb,0xd6,0xdd,0xdb,0xd6,0xdd,0xdb,
  0xd6,0xdd,0xdb,0xd6,0xdd,0xdb,0xd6,0xdd,0xdb,0xd6,0xdd,0xdb,0xd6,0xdd,0xdd,0xdc,
  0xdb,0x89,0x4c,0xcd,0x7c,0x29,0xdf,0xcf,0xc6,0xd7,0xdd,0xda,0xdd,0xdb,0xd6,0xdd,
  0xdb,0xd6,0xdd,0xdb,0xd6,0xdd,0xdb,0xd6,0xdd,0xdb,0xd6,0xdd,0xdc,0xd7,0xdd,0xd4,
  0xcf,0xd9,0x5b,0x36,0x9f,0x4e,0xd,0xbc,0xc7,0xb5,0xde,0xdd,0xda,0xdd,0xdb,0xd6,
  0xdd,0xdb,0xd6,0xdd,0xdb,0xd6,0xdd,0xdb,0xd6,0xdd,0xdb,0xd6,0xdd,0xdb,0xd6,0xdd,
  0xdb,0xd6,0xdd,0xdb,0xd6,0xdd,0xdb,0xd6,0xdd,0xdb,0xd6,0xdd,0xdb,0xd6,0xdd,0xdb,
  0xd6,0xdd,0xdb,0xd6,0xdd,0xdb,0xd6,0xdd,0xdb,0xd6,0xdd,0xdb,0xd6,0xdd,0xdb,0xd6,
  0xdd,0xdb,0xd6,0xdd,0xdb,0xd6,0xdd,0xdb,0xd6,0xdd,0xdb,0xd6,0xdd,0xdb,0xd6,0xdd,
  0xdb,0xd6,0xdd,0xdb,0xd6,0xdd,0xdb,0xd6,0xdd,0xdb,0xd6,0xdd,0xdb,0xd6,0xdd,0xdb,
  0xd6,0xdd,0xdb,0xd6,0xdd,0xdb,0xd6,0xdd,0xdb,0xd6,0xdd,0xdb,0xd6,0xdd,0xdd,0xdb,
  0xdb,0x81,0x4e,0xc2,0x6b,0x5,0xf5,0x82,0x4a,0xd6,0xd5,0xd0,0xd8,0xdc,0xd7,0xdd,
  0xdb,0xd6,0xdd,0xdb,0xd6,0xdd,0xdb,0xd6,0xdd,0xdb,0xd6,0xdd,0xdd,0xd9,0xde,0xc0,
  0xb8,0xcd,0x47,0x12,0xbc,0x65,0x10,0xfc,0xbf,0xa6,0xe2,0xdd,0xdb,0xdc,0xdb,0xd6,
  0xdd,0xdb,0xd6,0xdd,0xdb,0xd6,0xdd,0xdb,0xd6,0xdd,0xdb,0xd6,0xdd,0xdb,0xd6,0xdd,
  0xdb,0xd6,0xdd,0xdb,0xd6,0xdd,0xdb,0xd6,0xdd,0xdb,0xd6,0xdd,0xdb,0xd6,0xdd,0xdb,
  0xd6,0xdd,0xdb,0xd6,0xdd,0xdb,0xd6,0xdd,0xdb,0xd6,0xdd,0xdb,0xd6,0xdd,0xdb,0xd6,
  0xdd,0xdb,0xd6,0xdd,0xdb,0xd6,0xdd,0xdb,0xd6,0xdd,0xdb,0xd6,0xdd,0xdb,0xd6,0xdd,
  0xdb,0xd6,0xdd,0xdb,0xd6,0xdd,0xdb,0xd6,0xdd,0xdb,0xd6,0xdd,0xdb,0xd6,0xdd,0xdb,
  0xd6,0xdd,0xdb,0xd6,0xdd,0xdb,0xd6,0xdd,0xdb,0xd6,0xdd,0xdb,0xd6,0xdd,0xde,0xdb,
  0xdc,0x79,0x4c,0xbb,0x68,0xd,0xf5,0x63,0xc,0xf5,0xb6,0xa0,0xdb,0xde,0xdc,0xdd,
  0xdb,0xd6,0xdd,0xdb,0xd6,0xdd,0xdb,0xd6,0xdd,0xdb,0xd6,0xdd,0xdd,0xd8,0xdd,0xcc,
  0xc6,0xd2,0x4d,0x1b,0xc9,0x7d,0x36,0xfd,0xd5,0xca,0xdf,0xdc,0xd7,0xdc,0xdb,0xd6,
  0xdd,0xdb,0xd6,0xdd,0xdb,0xd6,0xdd,0xdb,0xd6,0xdd,0xdb,0xd6,0xdd,0xdb,0xd6,0xdd,
  0xdb,0xd6,0xdd,0xdb,0xd6,0xdd,0xdb,0xd6,0xdd,0xdb,0xd6,0xdd,0xdb,0xd6,0xdd,0xdb,
  0xd6,0xdd,0xdb,0xd6,0xdd,0xdb,0xd6,0xdd,0xdb,0xd6,0xdd,0xdb,0xd6,0xdd,0xdb,0xd6,
  0xdd,0xdb,0xd6,0xdd,0xdb,0xd6,0xdd,0xdb,0xd6,0xdd,0xdb,0xd6,0xdd,0xdb,0xd6,0xdd,
  0xdb,0xd6,0xdd,0xdb,0xd6,0xdd,0xdb,0xd6,0xdd,0xdb,0xd6,0xdd,0xdb,0xd6,0xdd,0xdb,
  0xd6,0xdd,0xdb,0xd6,0xdd,0xdb,0xd6,0xdd,0xdb,0xd6,0xdd,0xdb,0xd6,0xdd,0xde,0xdb,
  0xdc,0x74,0x4c,0xba,0x5e,0xa,0xf0,0x71,0x15,0xff,0xc1,0xaa,0xe6,0xdd,0xdb,0xdc,
  0xdb,0xd6,0xdd,0xdb,0xd6,0xdd,0xdb,0xd6,0xdd,0xdb,0xd6,0xdd,0xe0,0xdc,0xde,0xa5,
  0x99,0xc7,0x35,0x7,0xc5,0xa9,0x8f,0xe8,0xe1,0xde,0xdb,0xdb,0xd6,0xdd,0xdb,0xd6,
  0xdd,0xdb,0xd6,0xdd,0xdb,0xd6,0xdd,0xdb,0xd6,0xdd,0xdb,0xd6,0xdd,0xdb,0xd6,0xdd,
  0xdb,0xd6,0xdd,0xdb,0xd6,0xdd,0xdb,0xd6,0xdd,0xdb,0xd6,0xdd,0xdb,0xd6,0xdd,0xdb,
  0xd6,0xdd,0xdb,0xd6,0xdd,0xdb,0xd6,0xdd,0xdb,0xd6,0xdd,0xdb,0xd6,0xdd,0xdb,0xd6,
  0xdd,0xdb,0xd6,0xdd,0xdb,0xd6,0xdd,0xdb,0xd6,0xdd,0xdb,0xd6,0xdd,0xdb,0xd6,0xdd,
  0xdb,0xd6,0xdd,0xdb,0xd6,0xdd,0xdb,0xd6,0xdd,0xdb,0xd6,0xdd,0xdb,0xd6,0xdd,0xdb,
  0xd6,0xdd,0xdb,0xd6,0xdd,0xdb,0xd6,0xdd,0xdb,0xd6,0xdd,0xdb,0xd6,0xdd,0xdd,0xd9,
  0xdd,0xc0,0xb1,0xd9,0x6e,0x25,0xf5,0x6c,0x12,0xff,0xb4,0x9c,0xe1,0xdf,0xdc,0xdc,
  0xdb,0xd6,0xdd,0xdb,0xd6,0xdd,0xdb,0xd6,0xdd,0xdb,0xd6,0xdd,0xe2,0xde,0xde,0x8c,
  0x7c,0xc7,0x3c,0x6,0xf4,0xb7,0xa2,0xe7,0xdf,0xdb,0xdb,0xdb,0xd6,0xdd,0xdb,0xd6,
  0xdd,0xdb,0xd6,0xdd,0xdb,0xd6,0xdd,0xdb,0xd6,0xdd,0xdb,0xd6,0xdd,0xdb,0xd6,0xdd,
  0xdb,0xd6,0xdd,0xdb,0xd6,0xdd,0xdb,0xd6,0xdd,0xdb,0xd6,0xdd,0xdb,0xd6,0xdd,0xdb,
  0xd6,0xdd,0xdb,0xd6,0xdd,0xdb,0xd6,0xdd,0xdb,0xd6,0xdd,0xdb,0xd6,0xdd,0xdb,0xd6,
  0xdd,0xdb,0xd6,0xdd,0xdb,0xd6,0xdd,0xdb,0xd6,0xdd,0xdb,0xd6,0xdd,0xdb,0xd6,0xdd,
  0xdb,0xd6,0xdd,0xdb,0xd6,0xdd,0xdb,0xd6,0xdd,0xdb,0xd6,0xdd,0xdb,0xd6,0xdd,0xdb,
  0xd6,0xdd,0xdb,0xd6,0xdd,0xdb,0xd6,0xdd,0xdb,0xd6,0xdd,0xdb,0xd6,0xdd,0xdb,0xd6,
  0xdd,0xe2,0xe0,0xdd,0xa0,0x87,0xd9,0x4f,0x8,0xfa,0x6d,0x41,0xed,0xda,0xd5,0xdb,
  0xdb,0xd6,0xdd,0xdb,0xd6,0xdd,0xdb,0xd6,0xdd,0xdb,0xd6,0xdd,0xe1,0xdd,0xdd,0x99,
  0x8b,0xd4,0x6b,0x48,0xef,0xdb,0xd5,0xdd,0xdb,0xd6,0xdc,0xdb,0xd6,0xdd,0xdb,0xd6,
  0xdd,0xdb,0xd6,0xdd,0xdb,0xd6,0xdd,0xdb,0xd6,0xdd,0xdb,0xd6,0xdd,0xdb,0xd6,0xdd,
  0xdb,0xd6,0xdd,0xdb,0xd6,0xdd,0xdb,0xd6,0xdd,0xdb,0xd6,0xdd,0xdb,0xd6,0xdd,0xdb,
  0xd6,0xdd,0xdb,0xd6,0xdd,0xdb,0xd6,0xdd,0xdb,0xd6,0xdd,0xdb,0xd6,0xdd,0xdb,0xd6,
  0xdd,0xdb,0xd6,0xdd,0xdb,0xd6,0xdd,0xdb,0xd6,0xdd,0xdb,0xd6,0xdd,0xdb,0xd6,0xdd,
  0xdb,0xd6,0xdd,0xdb,0xd6,0xdd,0xdb,0xd6,0xdd,0xdb,0xd6,0xdd,0xdb,0xd6,0xdd,0xdb,
  0xd6,0xdd,0xdb,0xd6,0xdd,0xdb,0xd6,0xdd,0xdb,0xd6,0xdd,0xdb,0xd6,0xdd,0xdb,0xd6,
  0xdd,0xdf,0xdc,0xde,0xad,0xa1,0xce,0x41,0x9,0xf1,0x6d,0x38,0xfb,0xdc,0xd6,0xde,
  0xe0,0xdb,0xde,0xe2,0xdd,0xdf,0xe2,0xdd,0xdf,0xe1,0xdd,0xdf,0xe7,0xe3,0xde,0x8a,
  0x7c,0xd8,0xac,0x9f,0xe3,0xe0,0xdc,0xdc,0xdb,0xd6,0xdd,0xdb,0xd6,0xdd,0xdb,0xd6,
  0xdd,0xdb,0xd6,0xdd,0xdb,0xd6,0xdd,0xdb,0xd6,0xdd,0xdb,0xd6,0xdd,0xdb,0xd6,0xdd,
  0xdb,0xd6,0xdd,0xdb,0xd6,0xdd,0xdb,0xd6,0xdd,0xdb,0xd6,0xdd,0xdb,0xd6,0xdd,0xdb,
  0xd6,0xdd,0xdb,0xd6,0xdd,0xdb,0xd6,0xdd,0xdb,0xd6,0xdd,0xdb,0xd6,0xdd,0xdb,0xd6,
  0xdd,0xdb,0xd6,0xdd,0xdb,0xd6,0xdd,0xdb,0xd6,0xdd,0xdb,0xd6,0xdd,0xdb,0xd6,0xdd,
  0xdb,0xd6,0xdd,0xdb,0xd6,0xdd,0xdb,0xd6,0xdd,0xdb,0xd6,0xdd,0xdb,0xd6,0xdd,0xdb,
  0xd6,0xdd,0xdb,0xd6,0xdd,0xdb,0xd6,0xdd,0xdb,0xd6,0xdd,0xdb,0xd6,0xdd,0xdb,0xd6,
  0xdd,0xdb,0xd6,0xdd,0xdb,0xd6,0xdb,0x8b,0x6b,0xf0,0x6a,0x3c,0xf9,0xc1,0xbc,0xd4,
  0xae,0xa8,0xcf,0xa2,0x9b,0xcc,0xa1,0x9a,0xcb,0xa3,0x9c,0xcc,0xb4,0xae,0xce,0x66,
  0x57,0xd7,0xc6,0xbe,0xe0,0xe3,0xde,0xde,0xdb,0xd6,0xdd,0xdb,0xd6,0xdd,0xdb,0xd6,
  0xdd,0xdb,0xd6,0xdd,0xdb,0xd6,0xdd,0xdb,0xd6,0xdd,0xdb,0xd6,0xdd,0xdb,0xd6,0xdd,
  0xdb,0xd6,0xdd,0xdb,0xd6,0xdd,0xdb,0xd6,0xdd,0xdb,0xd6,0xdd,0xdb,0xd6,0xdd,0xdb,
  0xd6,0xdd,0xdb,0xd6,0xdd,0xdb,0xd6,0xdd,0xdb,0xd6,0xdd,0xdb,0xd6,0xdd,0xdb,0xd6,
  0xdd,0xdb,0xd6,0xdd,0xdb,0xd6,0xdd,0xdb,0xd6,0xdd,0xdb,0xd6,0xdd,0xdb,0xd6,0xdd,
  0xdb,0xd6,0xdd,0xdb,0xd6,0xdd,0xdb,0xd6,0xdd,0xdb,0xd6,0xdd,0xdb,0xd6,0xdd,0xdb,
  0xd6,0xdd,0xdb,0xd6,0xdd,0xdb,0xd6,0xdd,0xdb,0xd6,0xdd,0xdb,0xd6,0xdd,0xdb,0xd6,
  0xdd,0xdb,0xd6,0xdd,0xe0,0xdb,0xde,0x8a,0x82,0xc5,0x33,0x12,0xe2,0x22,0x14,0xad,
  0x14,0x8,0x9f,0x12,0x6,0x9f,0x12,0x6,0x9f,0x12,0x6,0x9f,0x16,0xa,0xa1,0x19,
  0xd,0xa5,0x35,0x2b,0xaa,0x84,0x7c,0xc2,0xdc,0xd7,0xdd,0xdb,0xd6,0xdd,0xdb,0xd6,
  0xdd,0xdb,0xd6,0xdd,0xdb,0xd6,0xdd,0xdb,0xd6,0xdd,0xdb,0xd6,0xdd,0xdb,0xd6,0xdd,
  0xdb,0xd6,0xdd,0xdb,0xd6,0xdd,0xdb,0xd6,0xdd,0xdb,0xd6,0xdd,0xdb,0xd6,0xdd,0xdb,
  0xd6,0xdd,0xdb,0xd6,0xdd,0xdb,0xd6,0xdd,0xdb,0xd6,0xdd,0xdb,0xd6,0xdd,0xdb,0xd6,
  0xdd,0xdb,0xd6,0xdd,0xdb,0xd6,0xdd,0xdb,0xd6,0xdd,0xdb,0xd6,0xdd,0xdb,0xd6,0xdd,
  0xdb,0xd6,0xdd,0xdb,0xd6,0xdd,0xdb,0xd6,0xdd,0xdb,0xd6,0xdd,0xdb,0xd6,0xdd,0xdb,
  0xd6,0xdd,0xdb,0xd6,0xdd,0xdb,0xd6,0xdd,0xdb,0xd6,0xdd,0xdb,0xd6,0xdd,0xdb,0xd6,
  0xdd,0xdb,0xd6,0xdd,0xde,0xd9,0xde,0x98,0x92,0xc5,0x43,0x2f,0xd8,0x24,0x11,0xc3,
  0x17,0xb,0x9e,0x13,0x7,0xa0,0x11,0x5,0x9f,0x12,0x6,0x9f,0x15,0x9,0xa0,0x1c,
  0x10,0xa2,0x2d,0x22,0xa7,0x7a,0x72,0xbf,0xdc,0xd7,0xdd,0xdb,0xd6,0xdd,0xdb,0xd6,
  0xdd,0xdb,0xd6,0xdd,0xdb,0xd6,0xdd,0xdb,0xd6,0xdd,0xdb,0xd6,0xdd,0xdb,0xd6,0xdd,
  0xdb,0xd6,0xdd,0xdb,0xd6,0xdd,0xdb,0xd6,0xdd,0xdb,0xd6,0xdd,0xdb,0xd6,0xdd,0xdb,
  0xd6,0xdd,0xdb,0xd6,0xdd,0xdb,0xd6,0xdd,0xdb,0xd6,0xdd,0xdb,0xd6,0xdd,0xdb,0xd6,
  0xdd,0xdb,0xd6,0xdd,0xdb,0xd6,0xdd,0xdb,0xd6,0xdd,0xdb,0xd6,0xdd,0xdb,0xd6,0xdd,
  0xdb,0xd6,0xdd,0xdb,0xd6,0xdd,0xdb,0xd6,0xdd,0xdb,0xd6,0xdd,0xdb,0xd6,0xdd,0xdb,
  0xd6,0xdd,0xdb,0xd6,0xdd,0xdb,0xd6,0xdd,0xdb,0xd6,0xdd,0xdb,0xd6,0xdd,0xdb,0xd6,
  0xdd,0xdb,0xd6,0xdd,0xdb,0xd6,0xdd,0xe2,0xdd,0xde,0xce,0xc8,0xe0,0xbe,0xb6,0xdc,
  0xb5,0xaf,0xd1,0xa6,0x9f,0xcd,0x9f,0x97,0xca,0xa1,0x9a,0xcb,0xae,0xa7,0xcf,0xbe,
  0xb8,0xd4,0xd5,0xcf,0xdb,0xe1,0xdc,0xdf,0xdb,0xd6,0xdd,0xdb,0xd6,0xdd,0xdb,0xd6,
  0xdd,0xdb,0xd6,0xdd,0xdb,0xd6,0xdd,0xdb,0xd6,0xdd,0xdb,0xd6,0xdd,0xdb,0xd6,0xdd,
  0xdb,0xd6,0xdd,0xdb,0xd6,0xdd,0xdb,0xd6,0xdd,0xdb,0xd6,0xdd,0xdb,0xd6,0xdd,0xdb,
  0xd6,0xdd,0xdb,0xd6,0xdd,0xdb,0xd6,0xdd,0xdb,0xd6,0xdd,0xdb,0xd6,0xdd,0xdb,0xd6,
  0xdd,0xdb,0xd6,0xdd,0xdb,0xd6,0xdd,0xdb,0xd6,0xdd,0xdb,0xd6,0xdd,0xdb,0xd6,0xdd,
  0xdb,0xd6,0xdd,0xdb,0xd6,0xdd,0xdb,0xd6,0xdd,0xdb,0xd6,0xdd,0xdb,0xd6,0xdd,0xdb,
  0xd6,0xdd,0xdb,0xd6,0xdd,0xdb,0xd6,0xdd,0xdb,0xd6,0xdd,0xdb,0xd6,0xdd,0xdb,0xd6,
  0xdd,0xdb,0xd6,0xdd,0xdb,0xd6,0xdd,0xdb,0xd6,0xdd,0xdd,0xd8,0xdd,0xdf,0xda,0xdd,
  0xe0,0xdb,0xde,0xe1,0xdc,0xdf,0xe2,0xdd,0xdf,0xe2,0xdd,0xdf,0xe0,0xdc,0xdf,0xdf,
  0xda,0xde,0xdc,0xd7,0xdd,0xdb,0xd6,0xdd,0xdb,0xd6,0xdd,0xdb,0xd6,0xdd,0xdb,0xd6,
  0xdd,0xdb,0xd6,0xdd,0xdb,0xd6,0xdd,0xdb,0xd6,0xdd,0xdb,0xd6,0xdd,0xdb,0xd6,0xdd,
  0xdb,0xd6,0xdd,0xdb,0xd6,0xdd,0xdb,0xd6,0xdd,0xdb,0xd6,0xdd,0xdb,0xd6,0xdd,0xdb,
  0xd6,0xdd,0xdb,0xd6,0xdd,0xdb,0xd6,0xdd,0xdb,0xd6,0xdd,0xdb,0xd6,0xdd,0xdb,0xd6,
  0xdd,0xdb,0xd6,0xdd,0xdb,0xd6,0xdd,0xdb,0xd6,0xdd,0xdb,0xd6,0xdd,0xdb,0xd6,0xdd,
  0xdb,0xd6,0xdd,0xdb,0xd6,0xdd,0xdb,0xd6,0xdd,0xdb,0xd6,0xdd,0xdb,0xd6,0xdd,0xdb,
  0xd6,0xdd,0xdb,0xd6,0xdd,0xdb,0xd6,0xdd,0xdb,0xd6,0xdd,0xdb,0xd6,0xdd,0xdb,0xd6,
  0xdd,0xdb,0xd6,0xdd,0xdb,0xd6,0xdd,0xdb,0xd6,0xdd,0xdb,0xd6,0xdd,0xdb,0xd6,0xdd,
  0xdb,0xd6,0xdd,0xdb,0xd6,0xdd,0xdb,0xd6,0xdd,0xdb,0xd6,0xdd,0xdb,0xd6,0xdd,0xdb,
  0xd6,0xdd,0xdb,0xd6,0xdd,0xdb,0xd6,0xdd,0xdb,0xd6,0xdd,0xdb,0xd6,0xdd,0xdb,0xd6,
  0xdd,0xdb,0xd6,0xdd,0xdb,0xd6,0xdd,0xdb,0xd6,0xdd,0xdb,0xd6,0xdd,0xdb,0xd6,0xdd,
  0xdb,0xd6,0xdd,0xdb,0xd6,0xdd,0xdb,0xd6,0xdd,0xdb,0xd6,0xdd,0xdb,0xd6,0xdd,0xdb,
  0xd6,0xdd,0xdb,0xd6,0xdd,0x0,0x0,0x0,0x0,0x0,0x0,0x0,0x0,0x0,0x0,0x0,
  0x0,0x0,0x0,0x0,0x0,0x0,0x0,0x0,0x0,0x0,0x0,0x0,0x0,0x0,0x0,0x0,
  0x0,0x0,0x0,0x0,0x0,0x0,0x0,0x0,0x0,0x0,0x0,0x0,0x0,0x0,0x0,0x0,
  0x0,0x0,0x0,0x0,0x0,0x0,0x0,0x0,0x0,0x0,0x0,0x0,0x0,0x0,0x0,0x0,
  0x0,0x0,0x0,0x0,0x0,0x0,0x0,0x0,0x0,0x0,0x0,0x0,0x0,0x0,0x0,0x0,
  0x0,0x0,0x0,0x0,0x0,0x0,0x0,0x0,0x0,0x0,0x0,0x0,0x0,0x0,0x0,0x0,
  0x0,0x0,0x0,0x0,0x0,0x0,0x0,0x0,0x0,0x0,0x0,0x0,0x0,0x0,0x0,0x0,
  0x0,0x0,0x0,0x0,0x0,0x0,0x0,0x0,0x0,0x0,0x0,0x0,0x0,0x0,0x0,0x0,
  0x0,0x0,0x0,0x0,0x0,0x0,0x0,0x0,0x0,0x0,0x0,0x0,0x0,0x0,0x0,0x0,
  0x0,0x0,0x0,0x0,0x0,0x0,0x0,0x0,0x0,0x0,0x0,0x0,0x0,0x0,0x0,0x0,
  0x0,0x0,0x0,0x0,0x0,0x0,0x0,0x0,0x0,0x0,0x0,0x0,0x0,0x0,0x0,0x0,
  0x0,0x0,0x0,0x0,0x0,0x0,0x0,0x0,0x0,0x0,0x0,0x0,0x0,0x0,0x0,0x0,
  0x0,0x0,0x0,0x0,0x0,0x0,0x0,0x0,0x0,0x0,0x0,0x0,0x0,0x0,0x0,0x0,
  0x0,0x0,0x0,0x0,0x0,0x0,0x0,0x0,0x0,0x0,0x0,0x0,0x0,0x0,0x0,0x0,
  0x0,0x0,0x0,0x0,0x0,0x0,0x0,0x0,0x0,0x0,0x0,0x0,0x0,0x0,0x0,0x0,
  0x0,0x0,0x0,0x0,0x0,0x0,0x0,0x0,0x0,0x0,0x0,0x0,0x0,0x0,0x0,0x0,
  0x0,0x0,0x0,0x0,0x0,0x0,0x0,0x0,0x0,0x0,0x0,0x0,0x0,0x0,0x0,0x0,
  0x0,0x0,0x0,0x0,0x0,0x0,0x0,0x0,0x0,0x0,0x0,0x0,0x0,0x0,0x0,0x0,
  0x0,0x0,0x0,0x0,0x0,0x0,0x0,0x0,0x0,0x0,0x0,0x0,0x0,0x0,0x0,0x0,
  0x0,0x0,0x0,0x0,0x0,0x0,0x0,0x0,0x0,0x0,0x0,0x0,0x0,0x0,0x0,0x0,
  0x0,0x0,0x0,0x0,0x0,0x0,0x0,0x0,0x0,0x0,0x0,0x0,0x0,0x0,0x0,0x0,
  0x0,0x0,0x0,0x0,0x0,0x0,0x0,0x0,0x0,0x0,0x0,0x0,0x0,0x0,0x0,0x0,
  0x0,0x0,0x0,0x0,0x0,0x0,0x0,0x0,0x0,0x0,0x0,0x0,0x0,0x0,0x0,0x0,
  0x0,0x0,0x0,0x0,0x0,0x0,0x0,0x0,0x0,0x0,0x0,0x0,0x0,0x0,0x0,0x0,
  0x0,0x0,0x0,0x0,0x0,0x28,0x0,0x0,0x0,0x20,0x0,0x0,0x0,0x40,0x0,0x0,
  0x0,0x1,0x0,0x18,0x0,0x0,0x0,0x0,0x0,0x0,0xc,0x0,0x0,0x0,0x0,0x0,
  0x0,0x0,0x0,0x0,0x0,0x0,0x0,0x0,0x0,0x0,0x0,0x0,0x0,0xdb,0xd6,0xdd,
  0xdb,0xd6,0xdd,0xdb,0xd6,0xdd,0xdb,0xd6,0xdd,0xdb,0xd6,0xdd,0xdb,0xd6,0xdd,0xdb,
  0xd6,0xdd,0xdb,0xd6,0xdd,0xdb,0xd6,0xdd,0xdb,0xd6,0xdd,0xdb,0xd6,0xdd,0xdb,0xd6,
  0xdd,0xdb,0xd6,0xdd,0xdb,0xd6,0xdd,0xdb,0xd6,0xdd,0xdb,0xd6,0xdd,0xdb,0xd7,0xde,
  0xda,0xdb,0xe2,0xdb,0xd6,0xdd,0xdb,0xd6,0xdd,0xdb,0xd6,0xdd,0xdb,0xd6,0xdd,0xdb,
  0xd6,0xdd,0xdb,0xd6,0xdd,0xdb,0xd6,0xdd,0xdb,0xd6,0xdd,0xdb,0xd6,0xdd,0xdb,0xd6,
  0xdd,0xdb,0xd6,0xdd,0xdb,0xd6,0xdd,0xdb,0xd6,0xdd,0xdb,0xd6,0xdd,0xdb,0xd6,0xdd,
  0xdb,0xd6,0xdd,0xdb,0xd6,0xdd,0xdb,0xd6,0xdd,0xdb,0xd6,0xdd,0xdb,0xd6,0xdd,0xdb,
  0xd6,0xdd,0xdb,0xd6,0xdd,0xdb,0xd6,0xdd,0xdb,0xd6,0xdd,0xdb,0xd6,0xdd,0xdb,0xd6,
  0xdd,0xdb,0xd6,0xdd,0xdb,0xd6,0xdd,0xdb,0xd8,0xde,0xdb,0xda,0xe1,0xda,0xc6,0xcd,
  0xe1,0x91,0x9d,0xdb,0xd8,0xdf,0xdb,0xd6,0xdd,0xdb,0xd6,0xdd,0xdb,0xd6,0xdd,0xdb,
  0xd6,0xdd,0xdb,0xd6,0xdd,0xdb,0xd6,0xdd,0xdb,0xd6,0xdd,0xdb,0xd6,0xdd,0xdb,0xd6,
  0xdd,0xdb,0xd6,0xdd,0xdb,0xd6,0xdd,0xdb,0xd6,0xdd,0xdb,0xd6,0xdd,0xdb,0xd6,0xdd,
  0xdb,0xd6,0xdd,0xdb,0xd6,0xdd,0xdb,0xd6,0xdd,0xdb,0xd6,0xdd,0xdb,0xd6,0xdd,0xdb,
  0xd6,0xdd,0xda,0xda,0xe0,0xdb,0xd9,0xe0,0xdb,0xd7,0xde,0xdb,0xd6,0xdd,0xdb,0xd6,
  0xdd,0xdb,0xd6,0xdd,0xdb,0xd7,0xde,0xdb,0xc5,0xcd,0xde,0xb9,0xc2,0xda,0xb0,0xb9,
  0xed,0x58,0x6c,0xda,0xdb,0xe2,0xda,0xd6,0xdd,0xdb,0xd6,0xdd,0xdb,0xd6,0xdd,0xdb,
  0xd6,0xdd,0xdb,0xd6,0xdd,0xdb,0xd6,0xdd,0xdb,0xd6,0xdd,0xdb,0xd6,0xdd,0xdb,0xd6,
  0xdd,0xdb,0xd6,0xdd,0xdb,0xd6,0xdd,0xdb,0xd6,0xdd,0xdb,0xd6,0xdd,0xdb,0xd6,0xdd,
  0xdb,0xd6,0xdd,0xdb,0xd6,0xdd,0xdb,0xd6,0xdd,0xdb,0xd6,0xdd,0xdb,0xd6,0xdd,0xda,
  0xda,0xe1,0xe3,0x8f,0x9b,0xdd,0xb7,0xc0,0xdb,0xcf,0xd7,0xdb,0xd7,0xde,0xdb,0xd6,
  0xdd,0xdb,0xd6,0xdd,0xdb,0xd9,0xe0,0xdc,0xad,0xb8,0xe4,0x91,0xa0,0xdb,0xa8,0xb4,
  0xeb,0x6a,0x81,0xd9,0xdd,0xe3,0xdb,0xd6,0xdd,0xdb,0xd6,0xdd,0xdb,0xd6,0xdd,0xdb,
  0xd6,0xdd,0xdb,0xd6,0xdd,0xdb,0xd6,0xdd,0xdb,0xd6,0xdd,0xdb,0xd6,0xdd,0xdb,0xd6,
  0xdd,0xdb,0xd6,0xdd,0xdb,0xd6,0xdd,0xdb,0xd6,0xdd,0xdb,0xd6,0xdd,0xdb,0xd6,0xdd,
  0xdb,0xd6,0xdd,0xdb,0xd6,0xdd,0xdb,0xd6,0xdd,0xdb,0xd6,0xdd,0xdb,0xd9,0xe0,0xda,
  0xb9,0xc2,0xf0,0x3b,0x53,0xf7,0x1e,0x3e,0xe2,0xb7,0xc2,0xda,0xda,0xe0,0xdb,0xd6,
  0xdd,0xdb,0xd6,0xdd,0xdb,0xdb,0xe1,0xd7,0xa1,0xae,0xe2,0x82,0x96,0xd9,0x86,0x97,
  0xec,0x6b,0x86,0xd9,0xde,0xe3,0xdb,0xd6,0xdd,0xdb,0xd7,0xde,0xdb,0xd6,0xdd,0xdb,
  0xd6,0xdd,0xdb,0xd6,0xdd,0xdb,0xd6,0xdd,0xdb,0xd6,0xdd,0xdb,0xd6,0xdd,0xdb,0xd6,
  0xdd,0xdb,0xd6,0xdd,0xdb,0xd6,0xdd,0xdb,0xd6,0xdd,0xdb,0xd6,0xdd,0xdb,0xd6,0xdd,
  0xdb,0xd7,0xde,0xdb,0xd8,0xdf,0xdb,0xd6,0xdd,0xdb,0xd6,0xdd,0xda,0xdc,0xe2,0xe2,
  0x97,0xa5,0xf1,0xe,0x32,0xe3,0xf,0x31,0xd2,0x7e,0x90,0xdb,0xd9,0xdf,0xdb,0xd6,
  0xdd,0xdb,0xd6,0xdd,0xdb,0xdd,0xe3,0xd9,0x88,0x9d,0xeb,0x56,0x7c,0xd9,0x47,0x64,
  0xf5,0x4d,0x74,0xd9,0xdb,0xe1,0xda,0xd6,0xdd,0xdb,0xd2,0xd9,0xdb,0xd4,0xdb,0xdb,
  0xd6,0xdd,0xdb,0xd6,0xdd,0xdb,0xd6,0xdd,0xdb,0xd6,0xdd,0xdb,0xd6,0xdd,0xdb,0xd6,
  0xdd,0xdb,0xd6,0xdd,0xdb,0xd6,0xdd,0xdb,0xd6,0xdd,0xdb,0xd6,0xdd,0xdb,0xd7,0xde,
  0xdb,0xcb,0xd3,0xdb,0xc5,0xcc,0xda,0xda,0xe1,0xdb,0xd6,0xdd,0xdb,0xd7,0xde,0xd8,
  0xcf,0xd6,0xc4,0x28,0x43,0xe8,0x8,0x37,0xea,0x5c,0x7f,0xda,0xdb,0xe1,0xdb,0xd6,
  0xdd,0xdb,0xd6,0xdd,0xdb,0xdb,0xe1,0xdb,0xa1,0xb5,0xe3,0x7a,0x9c,0xe1,0x3c,0x62,
  0xf4,0x58,0x84,0xd9,0xdc,0xe1,0xda,0xda,0xe1,0xde,0xa6,0xb1,0xde,0xb9,0xc3,0xda,
  0xd9,0xdf,0xdb,0xd6,0xdd,0xdb,0xd6,0xdd,0xdb,0xd6,0xdd,0xdb,0xd6,0xdd,0xdb,0xd6,
  0xdd,0xdb,0xd6,0xdd,0xdb,0xd6,0xdd,0xdb,0xd6,0xdd,0xdb,0xd6,0xdd,0xda,0xd9,0xdf,
  0xde,0xb8,0xc1,0xf2,0x43,0x59,0xdd,0xbf,0xc9,0xda,0xde,0xe4,0xdb,0xd6,0xdd,0xd8,
  0xd9,0xde,0xe2,0x50,0x6f,0xff,0x6,0x47,0xe8,0x94,0xb0,0xd9,0xdd,0xe2,0xdb,0xd6,
  0xdd,0xdb,0xd6,0xdd,0xdb,0xd9,0xdf,0xd9,0xae,0xc0,0xdf,0x95,0xb0,0xe3,0x60,0x85,
  0xe7,0x93,0xb0,0xd9,0xdc,0xe1,0xda,0xdc,0xe2,0xd9,0x91,0xa0,0xdf,0xab,0xb8,0xda,
  0xda,0xe0,0xdb,0xd6,0xdd,0xdb,0xd6,0xdd,0xdb,0xd6,0xdd,0xdb,0xd6,0xdd,0xdb,0xd6,
  0xdd,0xdb,0xd6,0xdd,0xdb,0xd6,0xdd,0xdb,0xd6,0xdd,0xdb,0xd6,0xdd,0xdb,0xd6,0xdd,
  0xda,0xdb,0xe1,0xe6,0x98,0xa8,0xf3,0x41,0x61,0xdb,0xa9,0xb6,0xda,0xda,0xe0,0xda,
  0xdc,0xe1,0xdd,0x9e,0xb1,0xf5,0x17,0x54,0xe8,0x84,0xa6,0xd9,0xdd,0xe2,0xdb,0xd6,
  0xdd,0xdb,0xd8,0xde,0xdb,0xdc,0xe1,0xd8,0xac,0xc0,0xde,0x95,0xb4,0xe0,0x6d,0x94,
  0xe1,0xb6,0xca,0xda,0xd9,0xde,0xda,0xde,0xe3,0xdb,0x6e,0x89,0xe5,0x94,0xab,0xd9,
  0xdc,0xe1,0xdb,0xd6,0xdd,0xdb,0xd6,0xdd,0xdb,0xd6,0xdd,0xdb,0xd8,0xdf,0xdb,0xd6,
  0xdd,0xdb,0xd6,0xdd,0xdb,0xd6,0xdd,0xdb,0xd6,0xdd,0xdb,0xd6,0xdd,0xdb,0xd6,0xdd,
  0xdb,0xd6,0xdd,0xd9,0xe0,0xe5,0xea,0x73,0x8c,0xfc,0xa,0x3e,0xe0,0x9b,0xaf,0xda,
  0xdc,0xe2,0xda,0xdc,0xe1,0xdd,0x63,0x89,0xeb,0x49,0x81,0xda,0xda,0xe0,0xdb,0xd9,
  0xdf,0xd9,0xcb,0xd5,0xd9,0xbf,0xcd,0xd9,0xb8,0xca,0xd4,0x6a,0x99,0xe0,0x41,0x7d,
  0xe0,0xc5,0xd4,0xda,0xd8,0xdd,0xda,0xdc,0xe1,0xdb,0x97,0xaf,0xdf,0xaf,0xc2,0xda,
  0xd9,0xdf,0xdb,0xd7,0xde,0xdb,0xd8,0xdf,0xda,0xd7,0xdd,0xdd,0x9f,0xab,0xdb,0xd4,
  0xdb,0xda,0xd6,0xdd,0xdb,0xd6,0xdd,0xdb,0xd6,0xdd,0xdb,0xd6,0xdd,0xdb,0xd6,0xdd,
  0xdb,0xd6,0xdd,0xda,0xd8,0xde,0xdb,0xcb,0xd3,0xf6,0x3f,0x6e,0xf7,0x35,0x6d,0xda,
  0xd2,0xd9,0xdb,0xdd,0xe2,0xd6,0xaa,0xbe,0xca,0x13,0x54,0xd2,0x73,0x9a,0xda,0xdd,
  0xe1,0xbd,0x57,0x83,0xe2,0x54,0x8f,0xc9,0x83,0xaa,0xde,0x29,0x83,0xe3,0x46,0x89,
  0xde,0xd2,0xdc,0xda,0xda,0xdf,0xdb,0xd9,0xdf,0xd7,0x98,0xb1,0xdd,0xb1,0xc5,0xda,
  0xda,0xe0,0xda,0xce,0xd6,0xdd,0xbb,0xc3,0xd6,0xad,0xb9,0xe1,0x8b,0x9d,0xda,0xdb,
  0xe1,0xdb,0xd6,0xdd,0xdb,0xd6,0xdd,0xdb,0xd6,0xdd,0xdb,0xd6,0xdd,0xdb,0xd6,0xdd,
  0xdb,0xd6,0xdd,0xdb,0xd6,0xdd,0xda,0xd9,0xdf,0xdb,0xd2,0xd9,0xeb,0x7a,0xa1,0xec,
  0x5e,0x91,0xda,0xd7,0xdd,0xd6,0xd5,0xda,0xd1,0x33,0x74,0xfa,0x1e,0x81,0xbc,0x86,
  0xa3,0xbd,0x10,0x60,0xfa,0x25,0x88,0xc5,0x46,0x8f,0xeb,0x29,0x99,0xe2,0x60,0x9e,
  0xd3,0xae,0xc1,0xd9,0xa9,0xc0,0xda,0xd5,0xdc,0xdb,0x57,0x91,0xdc,0xb6,0xc9,0xda,
  0xdf,0xe4,0xdc,0x79,0x8b,0xe4,0x56,0x6d,0xdd,0x56,0x77,0xe3,0xab,0xbd,0xda,0xda,
  0xe0,0xdb,0xd6,0xdd,0xdb,0xd6,0xdd,0xdb,0xd6,0xdd,0xdb,0xd6,0xdd,0xdb,0xd6,0xdd,
  0xdb,0xd6,0xdd,0xdb,0xd6,0xdd,0xdb,0xd6,0xdd,0xdb,0xd8,0xde,0xd8,0xd9,0xde,0xe8,
  0x7c,0xa7,0xe9,0x6d,0xa2,0xd7,0xdd,0xdf,0xcc,0x5a,0x90,0xeb,0xd,0x7a,0x9e,0xe,
  0x56,0xc5,0x9,0x69,0xe0,0x6a,0xa8,0xd4,0x95,0xc0,0xae,0x10,0x6c,0xb0,0x1f,0x66,
  0xc3,0x35,0x75,0xe3,0xa9,0xc4,0xd9,0xdf,0xe1,0xd0,0x49,0x8e,0xe4,0x88,0xba,0xd7,
  0xdf,0xe1,0xd6,0x47,0x67,0xf4,0x1b,0x51,0xdf,0x7d,0x9e,0xdb,0xd9,0xdf,0xdb,0xd6,
  0xdd,0xdb,0xd6,0xdd,0xdb,0xd6,0xdd,0xdb,0xd6,0xdd,0xdb,0xd6,0xdd,0xdb,0xd6,0xdd,
  0xdb,0xd6,0xdd,0xdb,0xd6,0xdd,0xdb,0xd6,0xdd,0xdd,0xdd,0xe2,0xbb,0x81,0x9b,0xb1,
  0x43,0x78,0xe9,0x38,0x8c,0xc9,0x43,0x85,0x8e,0x15,0x52,0xc0,0xf,0x69,0xe4,0xf,
  0x7f,0xe6,0x33,0x97,0xd9,0xd1,0xda,0xd2,0xb9,0xd0,0xaf,0x14,0x70,0xd6,0xa,0x76,
  0xe2,0x8a,0xbc,0xd1,0xa7,0xae,0xd7,0xc5,0xca,0xca,0x5b,0xa0,0xe8,0x7b,0xbe,0xdc,
  0xed,0xe9,0xd5,0x98,0xab,0xdd,0x67,0x91,0xdd,0xba,0xcd,0xda,0xda,0xdf,0xdd,0xda,
  0xe0,0xdc,0xda,0xe0,0xdb,0xd6,0xdd,0xdb,0xd6,0xdd,0xdb,0xd6,0xdd,0xdb,0xd6,0xdd,
  0xdb,0xd6,0xdd,0xdb,0xd6,0xdd,0xdb,0xd6,0xdd,0xdb,0xd8,0xdd,0xbe,0x50,0x83,0xef,
  0x4,0x82,0xe1,0x2f,0x94,0xad,0x19,0x66,0xc6,0x6,0x6d,0xea,0x10,0x89,0xf4,0x11,
  0x98,0xe1,0x90,0xc5,0xdb,0xe2,0xe1,0xd1,0xb6,0xd1,0xc0,0x3b,0x98,0xf0,0x38,0xa4,
  0xde,0xd8,0xe2,0xcf,0x92,0xa4,0xd9,0xa6,0xb4,0xd0,0x9a,0xc4,0xb6,0x37,0x7f,0xb5,
  0x71,0x97,0xb6,0x47,0x7b,0xd2,0x7a,0xa5,0xda,0xa7,0xb3,0xda,0xd2,0xda,0xca,0xb2,
  0xc0,0xd4,0xb4,0xc5,0xdc,0xdd,0xe1,0xdb,0xd6,0xdd,0xdb,0xd6,0xdd,0xdb,0xd6,0xdd,
  0xdb,0xd6,0xdd,0xdb,0xd6,0xdd,0xdb,0xd6,0xdd,0xda,0xd9,0xde,0xd8,0x7e,0xad,0xf7,
  0x18,0x99,0xec,0x2f,0xa6,0xc9,0xa6,0xbd,0xd5,0x83,0xb5,0xd8,0x37,0x9f,0xea,0xe,
  0xa6,0xd7,0x9a,0xc9,0xdc,0xe1,0xe1,0xcd,0xb0,0xcf,0xc2,0x59,0xb2,0xdd,0x85,0xc2,
  0xdb,0xe0,0xe1,0xd3,0xbf,0xca,0xcc,0xa9,0xb7,0xd2,0xaa,0xce,0xb3,0x10,0x72,0xb8,
  0x5,0x6e,0xe5,0xe,0x8c,0xdc,0x26,0x82,0xe1,0x8d,0xa3,0xc0,0xab,0xbb,0xa9,0xa,
  0x5b,0xdc,0x4e,0x91,0xd6,0xa6,0xbe,0xdb,0xd8,0xde,0xdb,0xd6,0xdd,0xdb,0xd6,0xdd,
  0xdb,0xd6,0xdd,0xdb,0xd6,0xdd,0xdb,0xd6,0xdd,0xdb,0xd6,0xdd,0xdb,0xd9,0xde,0xda,
  0xbf,0xd3,0xd5,0x69,0xb4,0xd0,0x9c,0xc6,0xde,0xeb,0xe6,0xc8,0xa6,0xc3,0xd3,0xb,
  0xa6,0xd7,0x5e,0xc1,0xe0,0xe7,0xe3,0xc7,0xab,0xcc,0xb5,0x47,0xae,0xdd,0x9c,0xcf,
  0xdc,0xe0,0xe1,0xbb,0x8a,0xa4,0xb9,0x49,0x87,0xd1,0xaa,0xd1,0xb6,0x79,0xa9,0xa2,
  0x1a,0x72,0xf3,0xe,0xa2,0xfd,0x20,0xa5,0xe0,0xd1,0xdd,0xbe,0x90,0xb0,0xdc,0xe,
  0x86,0xe9,0x63,0xac,0xdb,0xc4,0xd2,0xdb,0xd8,0xde,0xdb,0xd6,0xdd,0xdb,0xd6,0xdd,
  0xdb,0xd6,0xdd,0xdb,0xd6,0xdd,0xdb,0xd6,0xdd,0xdb,0xd6,0xdd,0xdb,0xd6,0xdd,0xdb,
  0xda,0xdf,0xd9,0xd4,0xdb,0xc0,0x63,0xb3,0xd4,0xc0,0xd4,0xd8,0xd6,0xd9,0xc2,0x34,
  0xaf,0xcf,0x24,0xc0,0x8d,0x5b,0x94,0x64,0x26,0x71,0x7a,0x9,0x7b,0xbe,0x7a,0xbc,
  0xdd,0xdf,0xe0,0xd1,0xc0,0xcd,0xb9,0x5d,0x99,0xbb,0x85,0xc0,0xbe,0x8f,0xc8,0x98,
  0x3a,0x89,0xd9,0x4d,0xb0,0xe4,0x9f,0xc9,0xd7,0xd1,0xd9,0xca,0x73,0xb4,0xe0,0xb2,
  0xd3,0xdb,0xd9,0xdf,0xdb,0xd9,0xde,0xdb,0xd6,0xdd,0xdb,0xd6,0xdd,0xdb,0xd6,0xdd,
  0xdb,0xd6,0xdd,0xdb,0xd6,0xdd,0xdb,0xd6,0xdd,0xdb,0xd6,0xdd,0xdb,0xd6,0xdd,0xdb,
  0xd6,0xdd,0xdc,0xda,0xde,0xd1,0xb3,0xd1,0xbe,0x6f,0xc0,0xc8,0xbe,0xcc,0x97,0x34,
  0x99,0xcb,0x11,0xcf,0x6b,0x6,0x78,0x4b,0x5,0x58,0x77,0x4,0x80,0xc6,0x94,0xca,
  0xdc,0xdc,0xde,0xdf,0xdf,0xe1,0xa9,0x78,0xaf,0x87,0xb,0x9f,0x96,0x10,0xb3,0x9d,
  0xe,0xb6,0xb1,0x54,0xc1,0xd2,0xd1,0xd9,0xc4,0x8c,0xc1,0xd5,0xab,0xd1,0xdb,0xde,
  0xdf,0xdb,0xd6,0xdd,0xdb,0xd6,0xdd,0xdb,0xd6,0xdd,0xdb,0xd6,0xdd,0xdb,0xd6,0xdd,
  0xdb,0xd6,0xdd,0xdb,0xd6,0xdd,0xdb,0xd6,0xdd,0xdb,0xd6,0xdd,0xdb,0xd6,0xdd,0xdb,
  0xd6,0xdd,0xdb,0xd6,0xdd,0xe0,0xe3,0xe2,0xad,0x76,0xb5,0x5e,0x12,0x6a,0x5d,0x8,
  0x69,0x99,0x12,0xaa,0x61,0x8,0x6f,0x53,0xb,0x5f,0xa5,0x6c,0xad,0xdf,0xd1,0xe1,
  0xdb,0xd7,0xdd,0xde,0xdc,0xdf,0xbc,0x98,0xc4,0x7f,0x9,0x9a,0x88,0xd,0xab,0xa4,
  0x15,0xcc,0xab,0xe,0xd0,0xa7,0x2d,0xbe,0xc2,0x89,0xc8,0xdd,0xdc,0xdf,0xdb,0xd6,
  0xdd,0xdb,0xd6,0xdd,0xdb,0xd6,0xdd,0xdb,0xd6,0xdd,0xdb,0xd6,0xdd,0xdb,0xd6,0xdd,
  0xdb,0xd6,0xdd,0xdb,0xd6,0xdd,0xdb,0xd6,0xdd,0xdb,0xd6,0xdd,0xdb,0xd6,0xdd,0xdb,
  0xd6,0xdd,0xdc,0xd9,0xde,0xc5,0xa8,0xc6,0x62,0x21,0x6d,0x50,0x3,0x5d,0x52,0x5,
  0x5e,0x4d,0x0,0x5a,0x69,0x22,0x77,0xb6,0x9e,0xbb,0xdf,0xde,0xe0,0xdb,0xd7,0xdd,
  0xdb,0xd6,0xdd,0xdb,0xd6,0xdd,0xdb,0xd7,0xdd,0xb6,0x89,0xbf,0x7d,0x1f,0x9c,0xa2,
  0xd,0xda,0xa9,0xd,0xd3,0xa5,0x9,0xc5,0xc6,0xa6,0xcd,0xdd,0xdc,0xde,0xdb,0xd6,
  0xdd,0xdb,0xd6,0xdd,0xdb,0xd6,0xdd,0xdb,0xd6,0xdd,0xdb,0xd6,0xdd,0xdb,0xd6,0xdd,
  0xdb,0xd6,0xdd,0xdb,0xd6,0xdd,0xdb,0xd6,0xdd,0xdb,0xd6,0xdd,0xdb,0xd6,0xdd,0xdb,
  0xd6,0xdd,0xdb,0xdb,0xdd,0xca,0x7e,0xc9,0x89,0xb,0x93,0x5e,0x19,0x6a,0x79,0x41,
  0x81,0x9f,0x71,0xad,0xb7,0x6a,0xe0,0xe0,0xe0,0xe0,0xdb,0xd6,0xdd,0xdb,0xd6,0xdd,
  0xdb,0xd6,0xdd,0xdb,0xd6,0xdd,0xdb,0xd6,0xdd,0xe1,0xe1,0xe0,0xba,0x9a,0xcd,0xb0,
  0x6d,0xcd,0xb3,0x61,0xc4,0xbe,0x85,0xca,0xd8,0xd0,0xda,0xdb,0xd7,0xdd,0xdb,0xd6,
  0xdd,0xdb,0xd6,0xdd,0xdb,0xd6,0xdd,0xdb,0xd6,0xdd,0xdb,0xd6,0xdd,0xdb,0xd6,0xdd,
  0xdb,0xd6,0xdd,0xdb,0xd6,0xdd,0xdb,0xd6,0xdd,0xdb,0xd6,0xdd,0xdb,0xd6,0xdd,0xdb,
  0xd6,0xdd,0xdb,0xd6,0xdd,0xdc,0xd7,0xde,0xd5,0xa9,0xdb,0xd0,0xc3,0xd3,0xdd,0xd9,
  0xde,0xe0,0xe1,0xe0,0xb1,0x74,0xe1,0xd4,0xc4,0xde,0xdc,0xd8,0xdc,0xdb,0xd6,0xdd,
  0xdb,0xd6,0xdd,0xdb,0xd6,0xdd,0xdb,0xd6,0xdd,0xde,0xdb,0xdd,0x9b,0x78,0xbf,0xd2,
  0xc9,0xdc,0xdd,0xdf,0xde,0xdd,0xdd,0xde,0xdb,0xd7,0xdd,0xdb,0xd6,0xdd,0xdb,0xd6,
  0xdd,0xdb,0xd6,0xdd,0xda,0xd5,0xdc,0xda,0xd5,0xdc,0xda,0xd5,0xdc,0xdb,0xd6,0xdd,
  0xdb,0xd6,0xdd,0xdb,0xd6,0xdd,0xdb,0xd6,0xdd,0xdb,0xd6,0xdd,0xdb,0xd6,0xdd,0xdb,
  0xd6,0xdd,0xdb,0xd6,0xdd,0xdb,0xd6,0xdd,0xdc,0xdb,0xde,0xdc,0xd8,0xde,0xdb,0xd6,
  0xdd,0xdf,0xde,0xdd,0xa7,0x7a,0xd5,0x99,0x5f,0xdb,0xdc,0xda,0xdb,0xdb,0xd6,0xdd,
  0xdb,0xd6,0xdd,0xdb,0xd6,0xdd,0xdf,0xdb,0xdf,0xb0,0xa1,0xc6,0x58,0x1f,0xb6,0xd0,
  0xc2,0xde,0xdc,0xd8,0xdd,0xdb,0xd6,0xdd,0xdb,0xd6,0xdd,0xdb,0xd6,0xdd,0xdb,0xd6,
  0xdd,0xdb,0xd6,0xdd,0xda,0xd5,0xdc,0xda,0xd5,0xdc,0xda,0xd5,0xdc,0xdb,0xd6,0xdd,
  0xdb,0xd6,0xdd,0xdb,0xd6,0xdd,0xdb,0xd6,0xdd,0xdb,0xd6,0xdd,0xdb,0xd6,0xdd,0xdb,
  0xd6,0xdd,0xdb,0xd6,0xdd,0xdb,0xd6,0xdd,0xdb,0xd6,0xdd,0xdb,0xd6,0xdd,0xdb,0xd6,
  0xdd,0xe0,0xde,0xde,0x9f,0x7d,0xcb,0x63,0x6,0xec,0xad,0x91,0xda,0xdf,0xdc,0xdd,
  0xdb,0xd6,0xdd,0xdb,0xd6,0xdd,0xe1,0xde,0xdf,0x94,0x7e,0xc5,0x62,0x19,0xed,0xd1,
  0xc2,0xe0,0xdc,0xd8,0xdc,0xdb,0xd6,0xdd,0xdb,0xd6,0xdd,0xdb,0xd6,0xdd,0xdb,0xd6,
  0xdd,0xdb,0xd6,0xdd,0xda,0xd5,0xdc,0xda,0xd5,0xdc,0xda,0xd5,0xdc,0xdb,0xd6,0xdd,
  0xdb,0xd6,0xdd,0xdb,0xd6,0xdd,0xdb,0xd6,0xdd,0xdb,0xd6,0xdd,0xdb,0xd6,0xdd,0xdb,
  0xd6,0xdd,0xdb,0xd6,0xdd,0xdb,0xd6,0xdd,0xdb,0xd6,0xdd,0xdb,0xd6,0xdd,0xdb,0xd6,
  0xdd,0xe0,0xde,0xde,0x9d,0x82,0xc9,0x5c,0x1,0xf4,0xa6,0x77,0xed,0xe0,0xdf,0xdb,
  0xdb,0xd6,0xdd,0xdb,0xd6,0xdd,0xe0,0xdd,0xdd,0x7c,0x63,0xc7,0x85,0x5e,0xe5,0xe0,
  0xdd,0xdd,0xdb,0xd6,0xdd,0xdb,0xd6,0xdd,0xdb,0xd6,0xdd,0xdb,0xd6,0xdd,0xdb,0xd6,
  0xdd,0xdb,0xd6,0xdd,0xda,0xd5,0xdc,0xda,0xd5,0xdc,0xda,0xd5,0xdc,0xdb,0xd6,0xdd,
  0xdb,0xd6,0xdd,0xdb,0xd6,0xdd,0xdb,0xd6,0xdd,0xdb,0xd6,0xdd,0xdb,0xd6,0xdd,0xdb,
  0xd6,0xdd,0xdb,0xd6,0xdd,0xdb,0xd6,0xdd,0xdb,0xd6,0xdd,0xdb,0xd6,0xdd,0xdb,0xd6,
  0xdd,0xdc,0xd7,0xdd,0xd4,0xcd,0xdb,0x79,0x3b,0xf0,0x84,0x52,0xef,0xdb,0xd8,0xdb,
  0xdb,0xd6,0xdd,0xdb,0xd6,0xdd,0xdf,0xdc,0xdb,0x71,0x54,0xdc,0xa8,0x91,0xe9,0xdf,
  0xdc,0xdb,0xdb,0xd6,0xdd,0xdb,0xd6,0xdd,0xdb,0xd6,0xdd,0xdb,0xd6,0xdd,0xdb,0xd6,
  0xdd,0xdb,0xd6,0xdd,0xda,0xd5,0xdc,0xda,0xd5,0xdc,0xda,0xd5,0xdc,0xdb,0xd6,0xdd,
  0xdb,0xd6,0xdd,0xdb,0xd6,0xdd,0xdb,0xd6,0xdd,0xdb,0xd6,0xdd,0xdb,0xd6,0xdd,0xdb,
  0xd6,0xdd,0xdb,0xd6,0xdd,0xdb,0xd6,0xdd,0xdb,0xd6,0xdd,0xdb,0xd6,0xdd,0xdb,0xd6,
  0xdd,0xdb,0xd6,0xdd,0xe2,0xdf,0xdc,0x93,0x7a,0xdb,0x5f,0x28,0xfa,0xde,0xd7,0xdf,
  0xe2,0xde,0xde,0xe2,0xdd,0xdf,0xe2,0xdd,0xdd,0x95,0x84,0xe0,0xda,0xd4,0xe0,0xdb,
  0xd6,0xdc,0xdb,0xd6,0xdd,0xdb,0xd6,0xdd,0xdb,0xd6,0xdd,0xdb,0xd6,0xdd,0xdb,0xd6,
  0xdd,0xdb,0xd6,0xdd,0xda,0xd5,0xdc,0xda,0xd5,0xdc,0xda,0xd5,0xdc,0xdb,0xd6,0xdd,
  0xdb,0xd6,0xdd,0xdb,0xd6,0xdd,0xdb,0xd6,0xdd,0xdb,0xd6,0xdd,0xdb,0xd6,0xdd,0xdb,
  0xd6,0xdd,0xdb,0xd6,0xdd,0xdb,0xd6,0xdd,0xdb,0xd6,0xdd,0xdb,0xd6,0xdd,0xdb,0xd6,
  0xdd,0xdb,0xd6,0xdd,0xdc,0xd8,0xdc,0xcb,0xc4,0xdb,0x5e,0x3d,0xe7,0x6c,0x60,0xc0,
  0x5b,0x52,0xb5,0x59,0x50,0xb5,0x5d,0x54,0xb7,0x56,0x49,0xc1,0xb2,0xac,0xd0,0xdc,
  0xd7,0xdd,0xdb,0xd6,0xdd,0xdb,0xd6,0xdd,0xdb,0xd6,0xdd,0xdb,0xd6,0xdd,0xdb,0xd6,
  0xdd,0xdb,0xd6,0xdd,0xda,0xd5,0xdc,0xda,0xd5,0xdc,0xda,0xd5,0xdc,0xdb,0xd6,0xdd,
  0xdb,0xd6,0xdd,0xdb,0xd6,0xdd,0xdb,0xd6,0xdd,0xdb,0xd6,0xdd,0xdb,0xd6,0xdd,0xdb,
  0xd6,0xdd,0xdb,0xd6,0xdd,0xdb,0xd6,0xdd,0xdb,0xd6,0xdd,0xdb,0xd6,0xdd,0xdb,0xd6,
  0xdd,0xdb,0xd6,0xdd,0xdc,0xd7,0xdd,0xd0,0xcc,0xd6,0x64,0x55,0xd1,0x2b,0x1b,0xb9,
  0x1e,0x12,0xa1,0x1a,0xe,0xa2,0x1f,0x13,0xa3,0x2e,0x23,0xa7,0x79,0x71,0xbf,0xdd,
  0xd8,0xdd,0xdb,0xd6,0xdd,0xdb,0xd6,0xdd,0xdb,0xd6,0xdd,0xdb,0xd6,0xdd,0xdb,0xd6,
  0xdd,0xdb,0xd6,0xdd,0xda,0xd5,0xdc,0xda,0xd5,0xdc,0xda,0xd5,0xdc,0xdb,0xd6,0xdd,
  0xdb,0xd6,0xdd,0xdb,0xd6,0xdd,0xdb,0xd6,0xdd,0xdb,0xd6,0xdd,0xdb,0xd6,0xdd,0xdb,
  0xd6,0xdd,0xdb,0xd6,0xdd,0xdb,0xd6,0xdd,0xdb,0xd6,0xdd,0xdb,0xd6,0xdd,0xdb,0xd6,
  0xdd,0xdb,0xd6,0xdd,0xdb,0xd6,0xdd,0xdd,0xd8,0xdd,0xdc,0xd7,0xdf,0xd2,0xcc,0xdc,
  0xca,0xc5,0xd8,0xc5,0xbf,0xd6,0xcb,0xc5,0xd8,0xd7,0xd1,0xdc,0xe0,0xdb,0xde,0xdb,
  0xd6,0xdd,0xdb,0xd6,0xdd,0xdb,0xd6,0xdd,0xdb,0xd6,0xdd,0xdb,0xd6,0xdd,0xdb,0xd6,
  0xdd,0xdb,0xd6,0xdd,0xda,0xd5,0xdc,0xda,0xd5,0xdc,0xda,0xd5,0xdc,0xdb,0xd6,0xdd,
  0xdb,0xd6,0xdd,0xdb,0xd6,0xdd,0xdb,0xd6,0xdd,0xdb,0xd6,0xdd,0xdb,0xd6,0xdd,0xdb,
  0xd6,0xdd,0xdb,0xd6,0xdd,0xdb,0xd6,0xdd,0xdb,0xd6,0xdd,0xdb,0xd6,0xdd,0xdb,0xd6,
  0xdd,0xdb,0xd6,0xdd,0xdb,0xd6,0xdd,0xdb,0xd6,0xdd,0xdb,0xd7,0xdd,0xdc,0xd7,0xdd,
  0xdd,0xd8,0xde,0xde,0xd9,0xde,0xdd,0xd8,0xde,0xdc,0xd7,0xdd,0xdb,0xd6,0xdd,0xdb,
  0xd6,0xdd,0xdb,0xd6,0xdd,0xdb,0xd6,0xdd,0xdb,0xd6,0xdd,0xdb,0xd6,0xdd,0xdb,0xd6,
  0xdd,0xdb,0xd6,0xdd,0xda,0xd5,0xdc,0xda,0xd5,0xdc,0xda,0xd5,0xdc,0x0,0x0,0x0,
  0x0,0x0,0x0,0x0,0x0,0x0,0x0,0x0,0x0,0x0,0x0,0x0,0x0,0x0,0x0,0x0,
  0x0,0x0,0x0,0x0,0x0,0x0,0x0,0x0,0x0,0x0,0x0,0x0,0x0,0x0,0x0,0x0,
  0x0,0x0,0x0,0x0,0x0,0x0,0x0,0x0,0x0,0x0,0x0,0x0,0x0,0x0,0x0,0x0,
  0x0,0x0,0x0,0x0,0x0,0x0,0x0,0x0,0x0,0x0,0x0,0x0,0x0,0x0,0x0,0x0,
  0x0,0x0,0x0,0x0,0x0,0x0,0x0,0x0,0x0,0x0,0x0,0x0,0x0,0x0,0x0,0x0,
  0x0,0x0,0x0,0x0,0x0,0x0,0x0,0x0,0x0,0x0,0x0,0x0,0x0,0x0,0x0,0x0,
  0x0,0x0,0x0,0x0,0x0,0x0,0x0,0x0,0x0,0x0,0x0,0x0,0x0,0x0,0x0,0x0,
  0x0,0x0,0x0,0x0,0x0,0x0,0x0,0x0,0x0,0x0,0x0,0x0,0x0,0x28,0x0,0x0,
  0x0,0x10,0x0,0x0,0x0,0x20,0x0,0x0,0x0,0x1,0x0,0x8,0x0,0x0,0x0,0x0,
  0x0,0x0,0x1,0x0,0x0,0x0,0x0,0x0,0x0,0x0,0x0,0x0,0x0,0x0,0x1,0x0,
  0x0,0x0,0x0,0x0,0x0,0xe0,0xb1,0xbc,0x0,0xeb,0x78,0x99,0x0,0xda,0xb2,0xc8,
  0x0,0xd9,0x90,0xa2,0x0,0xd4,0x81,0xc6,0x0,0xd6,0xd0,0xda,0x0,0xe4,0x73,0x8b,
  0x0,0xdc,0xcf,0xd7,0x0,0xda,0xce,0xdd,0x0,0xa9,0x9f,0xd9,0x0,0xaa,0x9d,0xdc,
  0x0,0xd0,0xae,0xcf,0x0,0xda,0xd7,0xdd,0x0,0xdb,0xd7,0xdd,0x0,0xdc,0xd7,0xdd,
  0x0,0xd0,0x5d,0x92,0x0,0xdc,0xda,0xdd,0x0,0xde,0xda,0xdd,0x0,0xc9,0x35,0x87,
  0x0,0xda,0x8f,0xa0,0x0,0xcb,0xa,0x6a,0x0,0xdc,0xdf,0xe3,0x0,0xdd,0xb5,0xc0,
  0x0,0xe8,0x2e,0x57,0x0,0xdc,0xb9,0xc3,0x0,0x8d,0x52,0xa0,0x0,0xc6,0x4d,0x90,
  0x0,0xc4,0xa9,0xca,0x0,0x8e,0x86,0xc6,0x0,0xd3,0x76,0xb0,0x0,0xc7,0x5a,0x9c,
  0x0,0x74,0x2e,0x7e,0x0,0xda,0xd7,0xde,0x0,0xdb,0xd7,0xde,0x0,0xde,0x8b,0x9e,
  0x0,0xe6,0x84,0x9b,0x0,0xd9,0x88,0xb9,0x0,0xde,0x8e,0xa7,0x0,0x68,0x24,0x73,
  0x0,0xcc,0x41,0x88,0x0,0xd2,0xc5,0xd6,0x0,0x8b,0x67,0xe8,0x0,0xd5,0x6f,0x9c,
  0x0,0xe0,0x91,0xb0,0x0,0xd3,0xcd,0xdc,0x0,0xdb,0xca,0xd3,0x0,0xdb,0xce,0xd6,
  0x0,0xc3,0x8e,0xb1,0x0,0xdb,0xd2,0xd9,0x0,0xd9,0xd6,0xdc,0x0,0x4f,0x45,0xb2,
  0x0,0xdb,0xd6,0xdc,0x0,0xda,0xda,0xdf,0x0,0xcf,0x8a,0xc0,0x0,0x57,0x4b,0xbb,
  0x0,0xd9,0x68,0x9a,0x0,0xaf,0x46,0xce,0x0,0xc6,0xa8,0xc9,0x0,0xda,0x98,0xb4,
  0x0,0xe8,0x65,0x88,0x0,0xde,0x91,0xc3,0x0,0xdb,0xd2,0xda,0x0,0xdf,0x9b,0xc6,
  0x0,0xdc,0xd2,0xda,0x0,0xdb,0xa8,0xc0,0x0,0xda,0xd6,0xdd,0x0,0xdb,0xd6,0xdd,
  0x0,0xc2,0x5d,0xb9,0x0,0xdc,0xdd,0xe0,0x0,0xd7,0x56,0x9b,0x0,0xde,0x8e,0xa0,
  0x0,0xea,0x5b,0x86,0x0,0xd5,0xcd,0xd5,0x0,0xdc,0xd1,0xd8,0x0,0xb3,0x6b,0xae,
  0x0,0xda,0xd5,0xdb,0x0,0xc7,0xaf,0xdf,0x0,0xdb,0xd5,0xdb,0x0,0x87,0x4b,0xe8,
  0x0,0xdb,0xd9,0xde,0x0,0xca,0x63,0x96,0x0,0xdd,0xd9,0xde,0x0,0xc4,0x8d,0xcb,
  0x0,0xdc,0xdc,0xde,0x0,0xdb,0x8d,0xb0,0x0,0xbd,0x9f,0xdd,0x0,0xb8,0xb1,0xd4,
  0x0,0x96,0x4f,0x9b,0x0,0xb5,0x88,0xc6,0x0,0xa8,0x28,0xc8,0x0,0xdb,0xd1,0xd9,
  0x0,0xdc,0xd1,0xd9,0x0,0xda,0xd5,0xdc,0x0,0xdb,0xd5,0xdc,0x0,0xd8,0xad,0xbf,
  0x0,0xd2,0xac,0xce,0x0,0xdc,0xd8,0xdc,0x0,0xdb,0xd9,0xdf,0x0,0xd5,0xb6,0xc8,
  0x0,0xa0,0x84,0xcd,0x0,0xde,0xdc,0xdf,0x0,0xe6,0x5d,0x73,0x0,0xe3,0xb2,0xc5,
  0x0,0x8b,0x11,0xa9,0x0,0xdc,0xc3,0xcb,0x0,0xdd,0xbf,0xd1,0x0,0xc9,0x9e,0xd2,
  0x0,0xdc,0xc4,0xce,0x0,0xbf,0xac,0xd8,0x0,0xe5,0x99,0xa8,0x0,0xc2,0x62,0x9e,
  0x0,0xdd,0xd8,0xdd,0x0,0xdb,0xd9,0xe0,0x0,0xb1,0x79,0xb6,0x0,0xdf,0xdb,0xdd,
  0x0,0xda,0xe1,0xe6,0x0,0xe3,0x8b,0x9a,0x0,0xdb,0xb6,0xd2,0x0,0xe2,0xad,0xd2,
  0x0,0x8c,0x6a,0xdb,0x0,0xe1,0x20,0x96,0x0,0xe1,0x2a,0x90,0x0,0xbc,0xb2,0xd9,
  0x0,0xda,0xc9,0xd5,0x0,0xd8,0xc8,0xdb,0x0,0xde,0x9f,0xb2,0x0,0xdb,0xd4,0xdb,
  0x0,0xda,0xd8,0xde,0x0,0xe1,0x7c,0x9b,0x0,0xdb,0xd8,0xde,0x0,0xdd,0xd8,0xde,
  0x0,0xd7,0x8a,0xaa,0x0,0xdd,0x82,0xad,0x0,0xcc,0x30,0x9a,0x0,0x7b,0x1,0x85,
  0x0,0xe1,0x97,0xa4,0x0,0xc8,0x83,0xa8,0x0,0xdb,0xcf,0xd6,0x0,0x88,0x3e,0x90,
  0x0,0xd2,0xb1,0xbc,0x0,0xd9,0xd2,0xdf,0x0,0xd9,0x49,0x94,0x0,0xdb,0xd7,0xdc,
  0x0,0xdb,0xd8,0xdf,0x0,0xdd,0xda,0xdc,0x0,0xda,0xdc,0xe2,0x0,0xde,0xda,0xdc,
  0x0,0xdb,0xdc,0xe2,0x0,0x0,0x0,0x0,0x0,0x0,0x0,0x0,0x0,0x0,0x0,0x0,
  0x0,0x0,0x0,0x0,0x0,0x0,0x0,0x0,0x0,0x0,0x0,0x0,0x0,0x0,0x0,0x0,
  0x0,0x0,0x0,0x0,0x0,0x0,0x0,0x0,0x0,0x0,0x0,0x0,0x0,0x0,0x0,0x0,
  0x0,0x0,0x0,0x0,0x0,0x0,0x0,0x0,0x0,0x0,0x0,0x0,0x0,0x0,0x0,0x0,
  0x0,0x0,0x0,0x0,0x0,0x0,0x0,0x0,0x0,0x0,0x0,0x0,0x0,0x0,0x0,0x0,
  0x0,0x0,0x0,0x0,0x0,0x0,0x0,0x0,0x0,0x0,0x0,0x0,0x0,0x0,0x0,0x0,
  0x0,0x0,0x0,0x0,0x0,0x0,0x0,0x0,0x0,0x0,0x0,0x0,0x0,0x0,0x0,0x0,
  0x0,0x0,0x0,0x0,0x0,0x0,0x0,0x0,0x0,0x0,0x0,0x0,0x0,0x0,0x0,0x0,
  0x0,0x0,0x0,0x0,0x0,0x0,0x0,0x0,0x0,0x0,0x0,0x0,0x0,0x0,0x0,0x0,
  0x0,0x0,0x0,0x0,0x0,0x0,0x0,0x0,0x0,0x0,0x0,0x0,0x0,0x0,0x0,0x0,
  0x0,0x0,0x0,0x0,0x0,0x0,0x0,0x0,0x0,0x0,0x0,0x0,0x0,0x0,0x0,0x0,
  0x0,0x0,0x0,0x0,0x0,0x0,0x0,0x0,0x0,0x0,0x0,0x0,0x0,0x0,0x0,0x0,
  0x0,0x0,0x0,0x0,0x0,0x0,0x0,0x0,0x0,0x0,0x0,0x0,0x0,0x0,0x0,0x0,
  0x0,0x0,0x0,0x0,0x0,0x0,0x0,0x0,0x0,0x0,0x0,0x0,0x0,0x0,0x0,0x0,
  0x0,0x0,0x0,0x0,0x0,0x0,0x0,0x0,0x0,0x0,0x0,0x0,0x0,0x0,0x0,0x0,
  0x0,0x0,0x0,0x0,0x0,0x0,0x0,0x0,0x0,0x0,0x0,0x0,0x0,0x0,0x0,0x0,
  0x0,0x0,0x0,0x0,0x0,0x0,0x0,0x0,0x0,0x0,0x0,0x0,0x0,0x0,0x0,0x0,
  0x0,0x0,0x0,0x0,0x0,0x0,0x0,0x0,0x0,0x0,0x0,0x0,0x0,0x0,0x0,0x0,
  0x0,0x0,0x0,0x0,0x0,0x0,0x0,0x0,0x0,0x0,0x0,0x0,0x0,0x0,0x0,0x0,
  0x0,0x0,0x0,0x0,0x0,0x0,0x0,0x0,0x0,0x0,0x0,0x0,0x0,0x0,0x0,0x0,
  0x0,0x0,0x0,0x0,0x0,0x0,0x0,0x0,0x0,0x0,0x0,0x0,0x0,0x0,0x0,0x0,
  0x0,0x0,0x0,0x0,0x0,0x0,0x0,0x0,0x0,0x0,0x0,0x0,0x0,0x0,0x0,0x0,
  0x0,0x0,0x0,0x0,0x0,0x0,0x0,0x0,0x0,0x0,0x0,0x0,0x0,0x0,0x0,0x0,
  0x0,0x0,0x0,0x0,0x0,0x0,0x0,0x0,0x0,0x0,0x0,0x0,0x0,0x0,0x0,0x0,
  0x0,0x0,0x0,0x0,0x0,0x0,0x0,0x0,0x0,0x0,0x0,0x0,0x0,0x0,0x0,0x0,
  0x0,0x0,0x0,0x0,0x0,0x0,0x0,0x0,0x0,0x0,0x0,0x0,0x0,0x0,0x0,0x0,
  0x0,0x0,0x0,0x0,0x0,0x0,0x0,0x0,0x0,0x0,0x0,0x0,0x0,0x0,0x0,0x0,
  0x0,0x0,0x0,0x0,0x0,0x42,0x42,0x42,0x21,0x21,0x42,0x42,0x8f,0x89,0x5d,0x42,
  0x42,0x42,0x42,0x42,0x42,0x42,0x42,0x42,0x30,0x49,0x21,0x41,0x68,0x87,0x7,0x41,
  0x42,0x42,0x42,0x42,0x42,0x42,0x70,0x91,0x74,0x65,0x20,0x7f,0x46,0x6,0x3f,0x41,
  0x42,0x42,0x42,0x42,0x42,0x3d,0x0,0x73,0x13,0x17,0x3d,0x34,0x25,0x3b,0x5a,0x16,
  0x7f,0x21,0x21,0x42,0x42,0x7f,0x6d,0x23,0x2d,0x47,0x5b,0x31,0x3a,0x2b,0x4b,0x7d,
  0x93,0x4d,0x2e,0x21,0x42,0x42,0xc,0x1,0x66,0x83,0x2a,0xf,0x8d,0x84,0x7b,0x40,
  0x18,0x22,0x6b,0x20,0x42,0x42,0x81,0x48,0x37,0x50,0x14,0x45,0x1e,0x27,0x5e,0x24,
  0x3,0x80,0x15,0x4f,0x42,0x42,0x61,0x62,0x79,0x1a,0x78,0x76,0x35,0x3c,0x8b,0x6e,
  0x12,0x54,0x88,0x2,0x81,0x42,0x42,0xd,0x75,0x5f,0x4,0x43,0x57,0xb,0x2f,0x4a,
  0x85,0x3e,0x1d,0x69,0x81,0x42,0x42,0x42,0x44,0x39,0x8a,0x86,0x1f,0x7c,0x1b,0x67,
  0x59,0x52,0x21,0x4f,0x42,0x42,0x42,0x42,0x64,0x71,0x26,0x19,0x28,0x51,0x8e,0x58,
  0x38,0x6a,0x53,0x42,0x42,0x42,0x42,0x42,0xd,0x8,0x7e,0x4c,0x55,0x90,0x60,0x63,
  0x2c,0x10,0x42,0x42,0x42,0x42,0x42,0x42,0x42,0xd,0x11,0x6c,0x4e,0x11,0x5,0x77,
  0x8c,0x33,0x42,0x42,0x42,0x42,0x42,0x42,0x42,0x42,0x42,0x5c,0x29,0x7a,0x56,0xa,
  0x92,0x42,0x42,0x42,0x42,0x42,0x42,0x42,0x42,0x42,0x42,0x72,0x9,0x36,0x32,0x1c,
  0x6f,0x42,0x42,0x42,0x42,0x42,0x42,0x42,0x42,0x42,0x42,0x42,0x6f,0xe,0x42,0x82,
  0x42,0x42,0x42,0x42,0x42,0x0,0x0,0x0,0x0,0x0,0x0,0x0,0x0,0x0,0x0,0x0,
  0x0,0x0,0x0,0x0,0x0,0x0,0x0,0x0,0x0,0x0,0x0,0x0,0x0,0x0,0x0,0x0,
  0x0,0x0,0x0,0x0,0x0,0x0,0x0,0x0,0x0,0x0,0x0,0x0,0x0,0x0,0x0,0x0,
  0x0,0x0,0x0,0x0,0x0,0x0,0x0,0x0,0x0,0x0,0x0,0x0,0x0,0x0,0x0,0x0,
  0x0,0x0,0x0,0x0,0x0,
  
};

static const unsigned char qt_resource_name[] = {
  // ltsview
  0x0,0x7,
  0x3,0xba,0xcf,0x27,
  0x0,0x6c,
  0x0,0x74,0x0,0x73,0x0,0x76,0x0,0x69,0x0,0x65,0x0,0x77,
    // icons
  0x0,0x5,
  0x0,0x6f,0xa6,0x53,
  0x0,0x69,
  0x0,0x63,0x0,0x6f,0x0,0x6e,0x0,0x73,
    // ltsview.ico
  0x0,0xb,
  0xf,0x31,0x3a,0x1f,
  0x0,0x6c,
  0x0,0x74,0x0,0x73,0x0,0x76,0x0,0x69,0x0,0x65,0x0,0x77,0x0,0x2e,0x0,0x69,0x0,0x63,0x0,0x6f,
  
};

static const unsigned char qt_resource_struct[] = {
  // :
  0x0,0x0,0x0,0x0,0x0,0x2,0x0,0x0,0x0,0x1,0x0,0x0,0x0,0x1,
0x0,0x0,0x0,0x0,0x0,0x0,0x0,0x0,
  // :/ltsview
  0x0,0x0,0x0,0x0,0x0,0x2,0x0,0x0,0x0,0x1,0x0,0x0,0x0,0x2,
0x0,0x0,0x0,0x0,0x0,0x0,0x0,0x0,
  // :/ltsview/icons
  0x0,0x0,0x0,0x14,0x0,0x2,0x0,0x0,0x0,0x1,0x0,0x0,0x0,0x3,
0x0,0x0,0x0,0x0,0x0,0x0,0x0,0x0,
  // :/ltsview/icons/ltsview.ico
  0x0,0x0,0x0,0x24,0x0,0x0,0x0,0x0,0x0,0x1,0x0,0x0,0x0,0x0,
0x0,0x0,0x1,0x99,0xf,0x5e,0x6e,0xb1,

};

#ifdef QT_NAMESPACE
#  define QT_RCC_PREPEND_NAMESPACE(name) ::QT_NAMESPACE::name
#  define QT_RCC_MANGLE_NAMESPACE0(x) x
#  define QT_RCC_MANGLE_NAMESPACE1(a, b) a##_##b
#  define QT_RCC_MANGLE_NAMESPACE2(a, b) QT_RCC_MANGLE_NAMESPACE1(a,b)
#  define QT_RCC_MANGLE_NAMESPACE(name) QT_RCC_MANGLE_NAMESPACE2( \
        QT_RCC_MANGLE_NAMESPACE0(name), QT_RCC_MANGLE_NAMESPACE0(QT_NAMESPACE))
#else
#   define QT_RCC_PREPEND_NAMESPACE(name) name
#   define QT_RCC_MANGLE_NAMESPACE(name) name
#endif

#ifdef QT_NAMESPACE
namespace QT_NAMESPACE {
#endif

bool qRegisterResourceData(int, const unsigned char *, const unsigned char *, const unsigned char *);
bool qUnregisterResourceData(int, const unsigned char *, const unsigned char *, const unsigned char *);

#ifdef QT_NAMESPACE
}
#endif

int QT_RCC_MANGLE_NAMESPACE(qInitResources_ltsview)();
int QT_RCC_MANGLE_NAMESPACE(qInitResources_ltsview)()
{
    int version = 3;
    QT_RCC_PREPEND_NAMESPACE(qRegisterResourceData)
        (version, qt_resource_struct, qt_resource_name, qt_resource_data);
    return 1;
}

int QT_RCC_MANGLE_NAMESPACE(qCleanupResources_ltsview)();
int QT_RCC_MANGLE_NAMESPACE(qCleanupResources_ltsview)()
{
    int version = 3;
    QT_RCC_PREPEND_NAMESPACE(qUnregisterResourceData)
       (version, qt_resource_struct, qt_resource_name, qt_resource_data);
    return 1;
}

namespace {
   struct initializer {
       initializer() { QT_RCC_MANGLE_NAMESPACE(qInitResources_ltsview)(); }
       ~initializer() { QT_RCC_MANGLE_NAMESPACE(qCleanupResources_ltsview)(); }
   } dummy;
}
